datetime,ISPU_PM25,temp,dew,humidity,precip,windspeed,AOD,year,month,day
2022-01-01,50.75,27.552633,23.291676,77.6,0.0,3.4626694,0.112,2022,1,1
2022-01-02,50.75,26.869137,23.168165,80.2,0.0,2.6185215,0.112,2022,1,2
2022-01-03,50.75,27.825922,22.565855,73.1,0.0,1.1868448,0.112,2022,1,3
2022-01-04,50.75,27.53386,23.212856,77.3,0.0,1.4651548,0.112,2022,1,4
2022-01-05,50.75,27.796076,23.56397,77.8,0.0,1.433192,0.583,2022,1,5
2022-01-06,50.75,26.791426,23.892963,84.2,0.0,2.008004,0.567705882352941,2022,1,6
2022-01-07,50.75,27.48711,23.28289,77.9,0.0,2.1337502,0.552411764705882,2022,1,7
2022-01-08,50.75,27.56408,23.741129,79.7,0.0,1.7624629,0.537117647058824,2022,1,8
2022-01-09,50.75,27.25908,24.030565,82.6,0.0,1.948848,0.474888888888889,2022,1,9
2022-01-10,50.75,26.6136,23.898603,85.1,0.0,3.2119415,0.38137037037037,2022,1,10
2022-01-11,50.75,26.027826,23.520086,86.1,0.0,2.951024,0.287851851851852,2022,1,11
2022-01-12,50.75,25.994562,23.484385,86.1,0.0,2.2979684,0.194333333333333,2022,1,12
2022-01-13,53.75,26.124807,23.609465,86.1,0.0,1.9773006,0.100814814814815,2022,1,13
2022-01-14,54.17,26.40135,23.87028,86.0,0.0,1.8963135,0.0321904761904762,2022,1,14
2022-01-15,52.08,26.404062,23.913507,86.2,0.0,1.818485,0.0631428571428571,2022,1,15
2022-01-16,52.99,26.477076,24.306986,87.9,0.0,1.6806377,0.0940952380952381,2022,1,16
2022-01-17,53.9,27.060017,23.881266,82.8,0.0,2.7646508,0.125047619047619,2022,1,17
2022-01-18,36.53,25.91132,23.676872,87.5,0.0,2.6524522,0.156,2022,1,18
2022-01-19,37.25,26.341516,23.359087,83.7,0.0,3.4749887,0.240736842105263,2022,1,19
2022-01-20,46.53,25.420826,22.504099,83.9,0.0,2.473528,0.325473684210526,2022,1,20
2022-01-21,36.38,26.566633,23.384806,82.7,0.0,2.7104976,0.41021052631579,2022,1,21
2022-01-22,25.19,26.347143,23.62562,85.0,0.0,2.2815561,0.485375,2022,1,22
2022-01-23,14.0,27.904146,23.594225,77.4,0.0,2.778515,0.52225,2022,1,23
2022-01-24,50.44,27.918432,23.572248,77.3,0.0,3.4308121,0.559125,2022,1,24
2022-01-25,37.14,27.222637,23.806288,81.6,0.0,3.1949742,0.596,2022,1,25
2022-01-26,43.42,26.662464,23.9828,85.3,0.0,2.7196136,0.461,2022,1,26
2022-01-27,49.0,27.502583,23.889177,80.7,0.0,2.2909057,0.512,2022,1,27
2022-01-28,55.71,27.198885,23.546623,80.5,0.0,1.972473,0.49,2022,1,28
2022-01-29,89.89,26.9285,23.760792,82.8,0.0,1.6710299,0.165,2022,1,29
2022-01-30,97.74,26.986494,24.03386,83.9,0.0,1.8383046,0.553333333333333,2022,1,30
2022-01-31,98.07,26.931429,23.795118,83.0,0.0,2.5373354,0.508727272727273,2022,1,31
2022-02-01,53.92,26.9491,23.528608,81.6,0.0,1.8754047,0.413272727272727,2022,2,1
2022-02-02,55.67,26.899086,23.886536,83.6,0.0,1.5918207,0.513,2022,2,2
2022-02-03,62.45,27.26652,23.886667,81.8,0.0,1.3811907,0.629181818181818,2022,2,3
2022-02-04,45.7,26.493767,23.86232,85.5,0.0,1.8722262,0.909636363636364,2022,2,4
2022-02-05,54.43,25.824198,23.660084,87.9,0.0,2.6193194,0.695,2022,2,5
2022-02-06,25.0,26.640331,23.685324,83.9,0.0,2.7615602,0.436428571428571,2022,2,6
2022-02-07,42.05,26.891087,23.544207,81.9,0.0,2.1612122,0.38964705882353,2022,2,7
2022-02-08,64.8,25.805603,23.999403,89.8,0.0,1.6002569,0.484058823529412,2022,2,8
2022-02-09,81.48,26.367994,23.177586,82.7,0.0,3.071683,0.578470588235294,2022,2,9
2022-02-10,31.71,26.336905,22.936558,81.6,0.0,2.752158,0.635333333333333,2022,2,10
2022-02-11,59.95,27.340342,23.326708,78.8,0.0,2.4391274,0.721,2022,2,11
2022-02-12,58.89,27.103146,23.914038,82.7,0.0,2.0150058,0.468916666666667,2022,2,12
2022-02-13,66.57,26.193289,23.600634,85.7,0.0,1.1549057,0.403708333333333,2022,2,13
2022-02-14,86.72,26.772932,22.707077,78.4,0.0,1.7049974,0.3385,2022,2,14
2022-02-15,85.53,27.415396,23.184523,77.7,0.0,1.1562783,0.273291666666667,2022,2,15
2022-02-16,79.1,27.240946,23.3271,79.2,0.0,1.3079185,0.208083333333333,2022,2,16
2022-02-17,74.36,26.362787,23.82194,86.0,0.0,1.423229,0.713347826086956,2022,2,17
2022-02-18,73.2,25.918774,23.978256,89.1,0.0,1.6584896,0.570086956521739,2022,2,18
2022-02-19,72.04,26.676472,23.87572,84.6,0.0,1.2943008,0.426826086956522,2022,2,19
2022-02-20,70.88,26.7885,24.11386,85.3,0.0,1.3813571,0.283565217391304,2022,2,20
2022-02-21,69.72,27.187986,23.55181,80.6,0.0,1.7054008,0.140304347826087,2022,2,21
2022-02-22,68.56,27.428617,23.567602,79.5,0.0,1.9709973,0.416,2022,2,22
2022-02-23,67.4,27.198757,23.10533,78.4,0.0,3.1404893,0.473,2022,2,23
2022-02-24,54.65,27.17061,22.28182,74.7,0.0,2.986756,0.191,2022,2,24
2022-02-25,54.64,26.041971,22.637938,81.5,0.0,3.0680034,0.347560975609756,2022,2,25
2022-02-26,41.4,26.066645,23.065514,83.6,0.0,3.100067,0.341463414634146,2022,2,26
2022-02-27,40.5,26.367147,23.222734,82.9,0.0,3.186256,0.335365853658537,2022,2,27
2022-02-28,38.52,26.944998,23.185396,79.9,0.0,3.2835379,0.329268292682927,2022,2,28
2022-03-01,24.55,26.173344,23.14106,83.4,0.0,3.638159,0.323170731707317,2022,3,1
2022-03-02,48.32,26.78915,23.05419,80.0,0.0,4.2302384,0.317073170731707,2022,3,2
2022-03-03,46.2,27.352705,23.593073,80.0,0.0,3.198971,0.310975609756098,2022,3,3
2022-03-04,45.76,26.721218,23.665255,83.4,0.0,1.2385331,0.304878048780488,2022,3,4
2022-03-05,55.05,26.472837,23.604507,84.3,0.0,2.0124676,0.298780487804878,2022,3,5
2022-03-06,48.81,26.77475,23.500189,82.3,0.0,3.0684867,0.292682926829268,2022,3,6
2022-03-07,37.28,26.97051,23.787748,82.8,0.0,2.461234,0.286585365853659,2022,3,7
2022-03-08,57.8,27.17702,23.839827,82.0,0.0,1.9608316,0.280487804878049,2022,3,8
2022-03-09,67.32,26.740038,23.905825,84.5,0.0,1.2555335,0.274390243902439,2022,3,9
2022-03-10,83.89,27.21123,23.969393,82.5,0.0,1.2614174,0.268292682926829,2022,3,10
2022-03-11,97.35,26.804903,24.14039,85.4,0.0,2.61554,0.26219512195122,2022,3,11
2022-03-12,49.0,26.652674,24.180311,86.3,0.0,2.769349,0.25609756097561,2022,3,12
2022-03-13,47.29,26.91551,24.40951,86.2,0.0,1.701346,0.25,2022,3,13
2022-03-14,73.9,27.24816,24.540485,85.2,0.0,1.2617444,0.264137931034483,2022,3,14
2022-03-15,71.16,26.21501,23.900578,87.1,0.0,1.5106003,0.278275862068965,2022,3,15
2022-03-16,15.3,27.526674,24.228926,82.3,0.0,1.5898372,0.292413793103448,2022,3,16
2022-03-17,91.86,27.730661,24.495848,82.6,0.0,1.5931683,0.306551724137931,2022,3,17
2022-03-18,77.76,27.79656,24.284224,81.2,0.0,2.1396098,0.320689655172414,2022,3,18
2022-03-19,34.0,28.083172,23.566843,76.5,0.0,2.7350125,0.334827586206897,2022,3,19
2022-03-20,42.75,28.246183,23.235033,74.3,0.0,3.3498926,0.348965517241379,2022,3,20
2022-03-21,27.67,27.967598,23.400423,76.3,0.0,3.337098,0.363103448275862,2022,3,21
2022-03-22,38.06,27.906727,23.87775,78.8,0.0,2.4611251,0.377241379310345,2022,3,22
2022-03-23,52.5,26.619152,23.564127,83.4,0.0,2.4668012,0.391379310344828,2022,3,23
2022-03-24,45.4,27.839853,23.665201,78.1,0.0,1.5224811,0.40551724137931,2022,3,24
2022-03-25,96.74,27.910587,24.399889,81.3,0.0,1.1318182,0.394666666666667,2022,3,25
2022-03-26,82.12,26.384352,23.590776,84.7,0.0,1.5359516,0.346333333333333,2022,3,26
2022-03-27,70.81,27.21364,23.758175,81.4,0.0,2.4399962,0.298,2022,3,27
2022-03-28,59.5,27.28676,23.650305,80.6,0.0,1.8524188,0.249666666666667,2022,3,28
2022-03-29,64.95,27.852129,23.801016,78.7,0.0,1.8047692,0.201333333333333,2022,3,29
2022-03-30,81.43,28.089045,23.532831,76.3,0.0,1.223738,0.153,2022,3,30
2022-03-31,117.75,27.438026,23.733171,80.3,0.0,1.5823822,0.187285714285714,2022,3,31
2022-04-01,97.32,27.23009,23.552778,80.4,0.0,1.2853768,0.243115384615385,2022,4,1
2022-04-02,77.15,27.472677,23.812742,80.5,0.0,2.3345237,0.313307692307692,2022,4,2
2022-04-03,49.19,26.494814,23.440046,83.3,0.0,2.0113177,0.3835,2022,4,3
2022-04-04,54.36,27.766895,23.439342,77.3,0.0,1.83546,0.453692307692308,2022,4,4
2022-04-05,82.14,27.018923,23.472406,81.0,0.0,1.4155238,0.523884615384616,2022,4,5
2022-04-06,66.13,27.272123,23.543097,80.1,0.0,1.6154131,0.579904761904762,2022,4,6
2022-04-07,68.82,27.5024,23.293371,77.9,0.0,2.2285118,0.614666666666667,2022,4,7
2022-04-08,61.89,27.420237,23.252634,78.0,0.0,2.2521563,0.649428571428571,2022,4,8
2022-04-09,62.75,27.54414,23.216732,77.3,0.0,1.2579805,0.684190476190476,2022,4,9
2022-04-10,95.75,27.307095,23.513523,79.8,0.0,1.076168,0.6975,2022,4,10
2022-04-11,84.86,27.024315,23.821857,82.7,0.0,1.5243813,0.643,2022,4,11
2022-04-12,94.57,27.097334,23.764202,82.0,0.0,1.268867,0.593,2022,4,12
2022-04-13,103.47,27.723072,23.516373,77.9,0.0,1.2210507,0.543,2022,4,13
2022-04-14,86.05,27.924929,23.921598,78.9,0.0,1.5498433,0.493,2022,4,14
2022-04-15,78.4,27.825596,23.884125,79.2,0.0,1.632867,0.443,2022,4,15
2022-04-16,78.5,28.32548,23.786013,76.4,0.0,1.228145,0.393,2022,4,16
2022-04-17,98.16,28.48626,24.442764,78.8,0.0,2.2192721,0.343,2022,4,17
2022-04-18,72.05,27.885988,24.334044,81.1,0.0,1.8117269,0.293,2022,4,18
2022-04-19,57.79,27.092316,24.100199,83.7,0.0,1.7405981,0.342,2022,4,19
2022-04-20,73.47,27.40837,23.910347,81.3,0.0,2.0860868,0.529,2022,4,20
2022-04-21,56.3,26.014082,23.678183,87.0,0.0,1.1347677,0.613,2022,4,21
2022-04-22,98.25,25.972368,23.598682,86.8,0.0,1.451268,0.501125,2022,4,22
2022-04-23,78.1,27.629799,24.246725,81.8,0.0,1.2529207,0.459,2022,4,23
2022-04-24,72.5,27.699907,24.169651,81.1,0.0,1.3351078,0.489,2022,4,24
2022-04-25,71.76,27.690168,24.082565,80.8,0.0,1.287255,0.539,2022,4,25
2022-04-26,74.15,28.211767,24.130465,78.6,0.0,1.5090318,0.481307692307692,2022,4,26
2022-04-27,54.67,26.42663,23.876057,85.9,0.0,2.0503101,0.423615384615385,2022,4,27
2022-04-28,24.86,27.181974,24.018484,82.9,0.0,2.8814416,0.320384615384615,2022,4,28
2022-04-29,18.48,27.637478,24.334274,82.2,0.0,1.6827224,0.572307692307692,2022,4,29
2022-04-30,54.95,26.958134,24.41972,86.0,0.0,1.2931756,0.824230769230769,2022,4,30
2022-05-01,69.5,27.042593,24.314058,85.1,0.0,1.2685013,0.5406,2022,5,1
2022-05-02,30.0,26.677675,24.242964,86.5,0.0,1.4943069,0.480375,2022,5,2
2022-05-03,52.83,27.805765,24.311676,81.3,0.0,1.860414,0.32725,2022,5,3
2022-05-04,55.0,27.25031,23.97978,82.4,0.0,1.4019357,0.29975,2022,5,4
2022-05-05,58.45,28.011856,24.190619,79.8,0.0,1.7729329,0.391625,2022,5,5
2022-05-06,48.6,28.227772,24.469038,80.1,0.0,1.6885362,0.452117647058824,2022,5,6
2022-05-07,57.95,28.00543,23.940586,78.6,0.0,1.8546009,0.504764705882353,2022,5,7
2022-05-08,53.33,29.370005,24.166952,73.6,0.0,1.3259687,0.557411764705882,2022,5,8
2022-05-09,67.4,27.822565,24.766294,83.5,0.0,2.1398196,0.570142857142857,2022,5,9
2022-05-10,66.65,28.499842,24.868067,80.7,0.0,1.7198687,0.523,2022,5,10
2022-05-11,57.45,27.775187,24.891405,84.3,0.0,1.3292234,0.486333333333333,2022,5,11
2022-05-12,67.6,28.17577,24.277971,79.4,0.0,2.4131687,0.449666666666667,2022,5,12
2022-05-13,50.27,28.581594,24.473944,78.5,0.0,1.9536842,0.5058,2022,5,13
2022-05-14,70.82,28.125782,24.764189,82.0,0.0,1.4944206,0.5299375,2022,5,14
2022-05-15,95.83,27.592024,24.442368,83.0,0.0,1.2565018,0.4915,2022,5,15
2022-05-16,73.77,27.306686,24.282204,83.6,0.0,1.2187959,0.4530625,2022,5,16
2022-05-17,71.13,27.377594,24.507093,84.4,0.0,1.348582,0.436333333333333,2022,5,17
2022-05-18,76.55,27.230135,24.009115,82.6,0.0,1.3849161,0.452166666666667,2022,5,18
2022-05-19,88.81,26.762226,24.118181,85.5,0.0,1.226387,0.468,2022,5,19
2022-05-20,87.62,26.986889,23.710936,82.3,0.0,1.2622714,0.483833333333333,2022,5,20
2022-05-21,63.56,26.624601,24.09647,86.0,0.0,1.6416361,0.499666666666667,2022,5,21
2022-05-22,65.26,26.645798,24.158209,86.3,0.0,1.9170861,0.5155,2022,5,22
2022-05-23,76.67,27.740252,23.962349,79.9,0.0,2.9786878,0.531333333333333,2022,5,23
2022-05-24,66.57,27.747364,24.308018,81.6,0.0,2.6975837,0.547166666666667,2022,5,24
2022-05-25,88.47,26.43662,23.96723,86.3,0.0,1.7711293,0.563,2022,5,25
2022-05-26,68.71,26.255976,23.754503,86.1,0.0,1.6049832,0.578833333333333,2022,5,26
2022-05-27,91.17,27.621382,23.591808,78.7,0.0,1.084768,0.594666666666667,2022,5,27
2022-05-28,76.1,26.280529,23.098286,82.7,0.0,1.3768576,0.601978260869565,2022,5,28
2022-05-29,76.95,27.189602,23.331133,79.5,0.0,1.6898823,0.603608695652174,2022,5,29
2022-05-30,58.33,26.649818,23.447403,82.6,0.0,1.3349087,0.605239130434783,2022,5,30
2022-05-31,75.11,26.350573,23.57913,84.8,0.0,1.8538291,0.606869565217391,2022,5,31
2022-06-01,55.3,27.53264,23.61637,79.3,0.0,1.5719385,0.6085,2022,6,1
2022-06-02,65.38,26.622625,23.826555,84.7,0.0,1.2171712,0.610130434782609,2022,6,2
2022-06-03,63.32,27.20905,23.388107,79.7,0.0,1.1705624,0.611760869565217,2022,6,3
2022-06-04,101.79,27.073778,23.528421,81.0,0.0,1.2991031,0.613391304347826,2022,6,4
2022-06-05,82.7,26.60981,23.248066,81.8,0.0,1.3803697,0.615021739130435,2022,6,5
2022-06-06,86.1,25.737728,22.946356,84.6,0.0,1.5386734,0.559636363636364,2022,6,6
2022-06-07,74.21,26.582205,23.44126,82.9,0.0,2.3723674,0.418727272727273,2022,6,7
2022-06-08,74.25,26.403906,23.919485,86.2,0.0,1.6912744,0.305333333333333,2022,6,8
2022-06-09,74.25,25.506609,23.484964,88.6,0.0,1.1477165,0.302,2022,6,9
2022-06-10,68.84,27.505693,23.504324,78.8,0.0,1.2651637,0.298666666666667,2022,6,10
2022-06-11,75.8,26.588013,23.713104,84.3,0.0,1.373421,0.296923076923077,2022,6,11
2022-06-12,22.2,26.715704,23.440746,82.3,0.0,1.2180202,0.301538461538461,2022,6,12
2022-06-13,44.76,26.625124,23.676832,83.9,0.0,1.0891383,0.306153846153846,2022,6,13
2022-06-14,92.79,26.87604,23.342808,81.0,0.0,1.4160324,0.11,2022,6,14
2022-06-15,90.06,25.764124,23.36421,86.6,0.0,1.8378121,0.28,2022,6,15
2022-06-16,87.33,26.054647,23.414799,85.4,0.0,0.91109633,0.336857142857143,2022,6,16
2022-06-17,84.6,25.519281,23.358679,87.9,0.0,1.298561,0.342928571428572,2022,6,17
2022-06-18,87.44,26.212717,22.720926,81.1,0.0,1.2493826,0.349,2022,6,18
2022-06-19,90.29,26.972984,23.137156,79.6,0.0,1.5057462,0.242125,2022,6,19
2022-06-20,93.13,26.392586,23.118639,82.2,0.0,1.1322653,0.2124,2022,6,20
2022-06-21,103.23,26.942955,23.537397,81.7,0.0,1.8759524,0.1928,2022,6,21
2022-06-22,94.47,26.99035,23.547373,81.5,0.0,2.0009286,0.0935,2022,6,22
2022-06-23,107.37,27.139877,22.779556,77.1,0.0,1.4788094,0.11225,2022,6,23
2022-06-24,113.53,26.393904,23.138908,82.3,0.0,1.7480513,0.131,2022,6,24
2022-06-25,107.16,26.433165,23.506372,84.0,0.0,1.0146686,0.195,2022,6,25
2022-06-26,88.33,26.09049,23.784271,87.1,0.0,1.2994683,0.413,2022,6,26
2022-06-27,94.33,26.558077,23.81331,84.9,0.0,0.9785658,0.357166666666667,2022,6,27
2022-06-28,76.0,27.173067,23.2339,79.1,0.0,1.4467971,0.414,2022,6,28
2022-06-29,36.5,26.977419,22.170668,75.0,0.0,1.4991407,0.499,2022,6,29
2022-06-30,25.33,26.747747,21.951788,75.0,0.0,1.460419,0.3795,2022,6,30
2022-07-01,92.6,27.048124,21.927708,73.6,0.0,1.758649,0.26,2022,7,1
2022-07-02,110.13,27.450996,23.176981,77.6,0.0,1.0351983,0.1405,2022,7,2
2022-07-03,97.43,27.33214,24.138493,82.7,0.0,1.6883646,0.021,2022,7,3
2022-07-04,69.74,27.771477,24.213217,81.0,0.0,2.9529984,0.363,2022,7,4
2022-07-05,74.26,27.430216,24.08155,82.0,0.0,1.4832985,0.485666666666667,2022,7,5
2022-07-06,65.44,26.455307,23.96124,86.2,0.0,1.1231618,0.529823529411765,2022,7,6
2022-07-07,69.58,27.641802,23.944407,80.3,0.0,1.2292345,0.514529411764706,2022,7,7
2022-07-08,73.36,27.210443,22.920994,77.4,0.0,1.412279,0.499235294117647,2022,7,8
2022-07-09,77.14,26.702295,22.221655,76.5,0.0,1.1841788,0.461,2022,7,9
2022-07-10,83.95,26.867558,21.978445,74.6,0.0,1.9542651,0.331,2022,7,10
2022-07-11,90.4,27.609135,22.817316,75.2,0.0,1.9400109,0.3175,2022,7,11
2022-07-12,96.8,26.875757,23.683474,82.7,0.0,1.3802207,0.333125,2022,7,12
2022-07-13,88.61,25.966303,23.64682,87.1,0.0,2.136517,0.34875,2022,7,13
2022-07-14,75.43,27.158562,24.011507,83.0,0.0,3.123212,0.364375,2022,7,14
2022-07-15,65.57,26.333143,23.597437,84.9,0.0,1.3286736,0.38,2022,7,15
2022-07-16,54.86,25.484285,22.730257,84.8,0.0,1.648584,0.395625,2022,7,16
2022-07-17,68.75,26.455404,23.760042,85.2,0.0,2.0941608,0.365,2022,7,17
2022-07-18,90.95,27.390501,23.67113,80.2,0.0,1.7319545,0.265,2022,7,18
2022-07-19,93.71,27.650537,23.871738,79.9,0.0,1.7415653,0.241,2022,7,19
2022-07-20,100.37,27.046755,23.699179,82.0,0.0,1.8665807,0.233121212121212,2022,7,20
2022-07-21,98.76,27.453733,23.20268,77.7,0.0,1.4487708,0.225242424242424,2022,7,21
2022-07-22,97.7,26.86602,23.42478,81.5,0.0,2.0436647,0.217363636363636,2022,7,22
2022-07-23,68.5,27.141157,23.621016,81.1,0.0,1.5617385,0.209484848484848,2022,7,23
2022-07-24,52.58,26.931704,23.640306,82.2,0.0,1.103817,0.201606060606061,2022,7,24
2022-07-25,52.1,27.059584,23.15057,79.2,0.0,1.1722982,0.193727272727273,2022,7,25
2022-07-26,75.6,27.167868,22.128242,74.0,0.0,2.2788444,0.181347826086956,2022,7,26
2022-07-27,90.0,27.085775,22.268347,75.0,0.0,2.0908833,0.162217391304348,2022,7,27
2022-07-28,101.55,27.739302,23.44727,77.5,0.0,2.9810138,0.143086956521739,2022,7,28
2022-07-29,78.43,27.158876,23.542974,80.7,0.0,2.1290724,0.12395652173913,2022,7,29
2022-07-30,76.45,27.283358,23.497599,79.8,0.0,1.848408,0.104826086956522,2022,7,30
2022-07-31,92.94,27.341892,23.339277,78.8,0.0,2.884149,0.0752857142857143,2022,7,31
2022-08-01,80.58,27.338182,23.366552,79.0,0.0,2.4069352,0.0596666666666667,2022,8,1
2022-08-02,83.78,27.719662,23.414646,77.4,0.0,1.8324906,0.0688333333333333,2022,8,2
2022-08-03,101.95,26.84603,23.717602,83.0,0.0,1.7119247,0.078,2022,8,3
2022-08-04,74.73,26.499435,23.656912,84.4,0.0,1.0050627,0.0871666666666667,2022,8,4
2022-08-05,58.62,26.399214,23.19647,82.6,0.0,1.5001357,0.0996,2022,8,5
2022-08-06,72.53,26.935045,22.955153,78.9,0.0,1.1373675,0.11285,2022,8,6
2022-08-07,102.9,26.582193,22.823866,79.9,0.0,1.3783044,0.1261,2022,8,7
2022-08-08,74.12,27.626364,22.812393,75.1,0.0,1.1998135,0.13935,2022,8,8
2022-08-09,69.92,27.512432,22.891201,75.9,0.0,1.1966395,0.0924285714285714,2022,8,9
2022-08-10,87.91,27.626726,23.150677,76.6,0.0,1.5607978,0.202921052631579,2022,8,10
2022-08-11,89.1,28.027945,23.661463,77.2,0.0,1.4617474,0.232526315789474,2022,8,11
2022-08-12,78.96,27.074594,23.502506,80.9,0.0,1.2148443,0.262131578947368,2022,8,12
2022-08-13,75.15,27.295567,23.193665,78.3,0.0,1.6486251,0.291736842105263,2022,8,13
2022-08-14,78.11,26.780422,23.078667,80.2,0.0,1.7344022,0.321342105263158,2022,8,14
2022-08-15,67.67,26.638868,23.226671,81.6,0.0,1.3341795,0.350947368421053,2022,8,15
2022-08-16,49.38,27.000898,23.347612,80.4,0.0,1.206233,0.380552631578947,2022,8,16
2022-08-17,64.86,27.236458,23.564573,80.4,0.0,1.9701041,0.410157894736842,2022,8,17
2022-08-18,72.8,27.77968,22.18139,71.6,0.0,2.327872,0.392521739130435,2022,8,18
2022-08-19,79.53,28.112808,22.698301,72.5,0.0,2.386349,0.343391304347826,2022,8,19
2022-08-20,79.0,27.840065,22.99262,75.0,0.0,1.8100513,0.294260869565217,2022,8,20
2022-08-21,73.91,26.768845,23.154293,80.6,0.0,1.4579132,0.245130434782609,2022,8,21
2022-08-22,68.21,26.635942,23.404648,82.5,0.0,1.2898088,0.196,2022,8,22
2022-08-23,94.79,27.818983,23.133875,75.7,0.0,1.6624542,0.208,2022,8,23
2022-08-24,91.6,27.533617,23.167633,77.1,0.0,1.4647925,0.22,2022,8,24
2022-08-25,81.75,27.19658,22.431587,75.2,0.0,1.7200575,0.232,2022,8,25
2022-08-26,98.33,27.550322,22.378248,73.5,0.0,1.2924291,0.244,2022,8,26
2022-08-27,107.38,26.946936,23.043453,79.2,0.0,1.5248717,0.149571428571429,2022,8,27
2022-08-28,83.48,26.390738,23.487284,84.1,0.0,1.7787704,0.211,2022,8,28
2022-08-29,75.45,27.13648,22.790611,77.2,0.0,1.216745,0.192,2022,8,29
2022-08-30,73.06,27.428307,23.05109,77.1,0.0,1.4770474,0.23205,2022,8,30
2022-08-31,75.14,27.639065,23.454979,78.0,0.0,2.0366924,0.2523,2022,8,31
2022-09-01,77.22,26.892841,23.851427,83.5,0.0,2.0833437,0.27255,2022,9,1
2022-09-02,79.29,27.389715,23.161674,77.8,0.0,2.0365963,0.2928,2022,9,2
2022-09-03,71.61,27.215878,22.35762,74.8,0.0,2.7223887,0.628,2022,9,3
2022-09-04,54.24,27.614243,23.164705,76.8,0.0,1.5726789,0.8336,2022,9,4
2022-09-05,79.06,27.682882,23.5958,78.5,0.0,1.9422942,0.653,2022,9,5
2022-09-06,77.18,27.083319,23.781206,82.2,0.0,2.020986,0.498,2022,9,6
2022-09-07,62.11,26.5706,23.67384,84.2,0.0,1.3732681,1.404,2022,9,7
2022-09-08,72.06,25.43001,23.232054,87.7,0.0,1.2223164,0.12,2022,9,8
2022-09-09,86.26,25.714682,22.974453,84.9,0.0,1.8933862,0.238333333333333,2022,9,9
2022-09-10,85.15,25.803616,23.175982,85.4,0.0,1.272265,0.147222222222222,2022,9,10
2022-09-11,84.03,26.564142,23.351542,82.6,0.0,1.3455063,0.494428571428571,2022,9,11
2022-09-12,82.92,26.490875,23.272097,82.5,0.0,1.5932548,0.407,2022,9,12
2022-09-13,81.8,27.241995,22.631796,76.0,0.0,1.4733735,0.306,2022,9,13
2022-09-14,88.29,27.314016,22.672798,75.8,0.0,1.321164,0.476,2022,9,14
2022-09-15,92.82,27.65256,22.837614,75.1,0.0,1.1469938,0.444,2022,9,15
2022-09-16,88.73,27.314789,23.221231,78.4,0.0,1.257805,0.311,2022,9,16
2022-09-17,84.64,27.783205,23.395334,77.1,0.0,1.5775852,0.573111111111111,2022,9,17
2022-09-18,91.0,27.854284,23.609774,77.7,0.0,1.1167835,0.363666666666667,2022,9,18
2022-09-19,91.75,27.022793,23.207375,79.7,0.0,1.7149982,0.587333333333333,2022,9,19
2022-09-20,86.15,27.49912,22.762362,75.4,0.0,1.3026438,0.532,2022,9,20
2022-09-21,87.1,27.470732,23.329443,78.2,0.0,1.5854964,0.828,2022,9,21
2022-09-22,48.0,26.901281,23.631636,82.3,0.0,1.223769,0.4695,2022,9,22
2022-09-23,95.53,26.389708,23.679382,85.1,0.0,1.5218431,0.392,2022,9,23
2022-09-24,93.62,27.101114,23.37175,80.1,0.0,1.7574091,1.0955,2022,9,24
2022-09-25,91.71,27.797045,23.413248,77.1,0.0,1.3142766,0.4506,2022,9,25
2022-09-26,89.8,27.905565,23.210653,75.7,0.0,1.3972936,0.618,2022,9,26
2022-09-27,87.89,27.850386,22.907267,74.5,0.0,1.512534,0.192,2022,9,27
2022-09-28,85.98,28.183388,22.576548,71.6,0.0,1.2794797,0.466,2022,9,28
2022-09-29,84.07,27.922434,23.000423,74.6,0.0,2.1066306,0.013,2022,9,29
2022-09-30,82.16,27.769869,23.502748,77.6,0.0,2.7364237,0.074,2022,9,30
2022-10-01,80.25,27.791666,23.754368,78.7,0.0,1.6837084,1.318,2022,10,1
2022-10-02,47.36,26.685598,23.807451,84.3,0.0,1.4237429,0.800333333333333,2022,10,2
2022-10-03,63.43,27.039976,23.761946,82.3,0.0,1.709114,0.56,2022,10,3
2022-10-04,68.18,26.466341,23.65387,84.6,0.0,1.1500714,0.4935,2022,10,4
2022-10-05,62.92,26.333788,23.738285,85.7,0.0,1.6921519,0.343,2022,10,5
2022-10-06,72.88,26.325909,23.788738,86.0,0.0,1.6223162,0.773,2022,10,6
2022-10-07,69.62,26.036615,23.23077,84.6,0.0,2.4619594,0.532,2022,10,7
2022-10-08,66.36,26.96647,23.369032,80.7,0.0,1.5549167,0.947,2022,10,8
2022-10-09,63.1,26.954346,23.33571,80.6,0.0,1.3483946,0.77025,2022,10,9
2022-10-10,59.83,26.992292,23.437319,80.9,0.0,1.1655245,0.589,2022,10,10
2022-10-11,87.11,26.367018,23.518763,84.4,0.0,1.1014087,0.607703703703704,2022,10,11
2022-10-12,89.11,26.62597,23.339495,82.2,0.0,1.7370318,0.626407407407407,2022,10,12
2022-10-13,79.63,26.633154,23.49309,82.9,0.0,1.1380959,0.645111111111111,2022,10,13
2022-10-14,80.43,27.157164,23.602163,80.9,0.0,1.15119,0.663814814814815,2022,10,14
2022-10-15,71.86,26.981497,23.819088,82.9,0.0,0.9688586,0.682518518518519,2022,10,15
2022-10-16,77.42,27.589872,23.980284,80.7,0.0,1.2466077,0.388,2022,10,16
2022-10-17,71.24,27.521063,23.985287,81.1,0.0,0.91174096,0.247,2022,10,17
2022-10-18,73.47,26.75723,24.016071,85.0,0.0,1.1776246,0.258860465116279,2022,10,18
2022-10-19,84.0,26.4872,23.956312,86.0,0.0,0.73598486,0.270720930232558,2022,10,19
2022-10-20,83.47,26.578531,23.88105,85.2,0.0,1.1470423,0.282581395348837,2022,10,20
2022-10-21,79.92,27.25078,23.631884,80.6,0.0,1.338836,0.294441860465116,2022,10,21
2022-10-22,76.36,27.322325,23.907482,81.7,0.0,1.4711349,0.306302325581395,2022,10,22
2022-10-23,66.32,27.18867,23.857954,82.1,0.0,2.849482,0.318162790697674,2022,10,23
2022-10-24,48.6,26.956978,23.704874,82.4,0.0,3.3123584,0.330023255813953,2022,10,24
2022-10-25,44.32,26.1158,23.665277,86.4,0.0,3.2927115,0.341883720930233,2022,10,25
2022-10-26,49.94,26.225657,23.647608,85.7,0.0,2.2107632,0.286,2022,10,26
2022-10-27,55.56,27.096476,22.755314,77.2,0.0,1.7180309,0.158857142857143,2022,10,27
2022-10-28,61.19,28.04876,21.94523,69.5,0.0,2.1213007,0.153142857142857,2022,10,28
2022-10-29,66.81,27.307116,22.887178,76.8,0.0,1.3791034,0.147428571428571,2022,10,29
2022-10-30,61.18,27.849165,22.85217,74.3,0.0,1.8336406,0.141846153846154,2022,10,30
2022-10-31,67.39,27.646313,23.439745,77.9,0.0,1.5495963,0.136461538461538,2022,10,31
2022-11-01,60.8,27.717808,23.381838,77.3,0.0,1.5223238,0.131076923076923,2022,11,1
2022-11-02,98.47,27.625967,24.02661,80.8,0.0,1.4804945,0.125692307692308,2022,11,2
2022-11-03,69.35,27.320292,24.004175,82.1,0.0,1.330709,0.120307692307692,2022,11,3
2022-11-04,82.42,27.046682,23.725584,82.1,0.0,1.1357499,0.008,2022,11,4
2022-11-05,78.2,26.655397,23.7415,84.1,0.0,1.5199666,0.412333333333333,2022,11,5
2022-11-06,77.38,26.822155,23.755129,83.3,0.0,1.2317215,0.395666666666667,2022,11,6
2022-11-07,76.56,26.258427,23.708939,85.9,0.0,1.2742819,0.379,2022,11,7
2022-11-08,75.74,25.986547,23.737772,87.4,0.0,1.4651339,0.378727272727273,2022,11,8
2022-11-09,74.92,26.789059,23.188559,80.7,0.0,1.5109526,0.403045454545454,2022,11,9
2022-11-10,61.92,26.596601,23.633093,83.8,0.0,2.5289986,0.427363636363636,2022,11,10
2022-11-11,53.24,26.937885,23.409143,81.0,0.0,3.1584508,0.451681818181818,2022,11,11
2022-11-12,43.0,26.451696,23.673328,84.7,0.0,1.3744714,0.476,2022,11,12
2022-11-13,49.38,26.17683,23.732061,86.4,0.0,1.1647472,1.03385714285714,2022,11,13
2022-11-14,59.84,27.205667,23.906483,82.2,0.0,1.3352427,1.30658620689655,2022,11,14
2022-11-15,49.79,27.284586,23.795427,81.3,0.0,1.8962889,1.22451724137931,2022,11,15
2022-11-16,44.11,27.396978,24.036615,81.9,0.0,1.7823291,1.14244827586207,2022,11,16
2022-11-17,45.51,25.592756,22.648672,83.8,0.0,2.5929227,1.06037931034483,2022,11,17
2022-11-18,46.92,26.788897,23.06857,80.1,0.0,2.8961318,0.978310344827586,2022,11,18
2022-11-19,47.39,27.507423,23.134153,77.1,0.0,4.0137467,0.896241379310345,2022,11,19
2022-11-20,44.62,27.621006,22.622889,74.2,0.0,4.1673245,0.517,2022,11,20
2022-11-21,41.36,27.820196,22.993486,75.1,0.0,3.307548,0.533538461538462,2022,11,21
2022-11-22,38.35,27.962124,23.06452,74.8,0.0,3.2661252,0.550076923076923,2022,11,22
2022-11-23,50.64,27.299246,23.317892,78.9,0.0,2.4541528,0.4504,2022,11,23
2022-11-24,45.76,26.675127,23.358063,82.1,0.0,2.7611766,0.356285714285714,2022,11,24
2022-11-25,60.71,27.129112,23.183718,79.1,0.0,1.5427148,0.532,2022,11,25
2022-11-26,96.05,26.637125,23.249094,81.7,0.0,1.2307264,0.167,2022,11,26
2022-11-27,73.78,27.42536,23.390844,78.7,0.0,1.2892663,0.417,2022,11,27
2022-11-28,69.51,26.799444,23.597582,82.6,0.0,1.3457167,0.478,2022,11,28
2022-11-29,65.25,27.451189,23.483452,79.0,0.0,1.4171118,0.779,2022,11,29
2022-11-30,67.27,26.84329,23.54853,82.2,0.0,1.2480441,1.075,2022,11,30
2022-12-01,73.55,27.180597,23.54932,80.6,0.0,1.263757,0.759,2022,12,1
2022-12-02,67.05,26.626974,23.101606,81.0,0.0,1.3348871,0.468666666666667,2022,12,2
2022-12-03,71.1,27.019854,23.18022,79.6,0.0,1.2188517,0.784,2022,12,3
2022-12-04,71.12,26.723566,23.485186,82.5,0.0,1.1007091,0.583,2022,12,4
2022-12-05,77.32,26.913618,23.620804,82.2,0.0,1.3987359,0.899,2022,12,5
2022-12-06,84.88,26.63398,23.80057,84.5,0.0,1.2911334,0.589666666666667,2022,12,6
2022-12-07,68.29,26.730707,23.878336,84.4,0.0,1.4341881,0.41,2022,12,7
2022-12-08,62.4,27.052204,23.639868,81.6,0.0,1.0148594,0.487,2022,12,8
2022-12-09,70.6,26.40214,23.132929,82.3,0.0,2.2764843,0.018,2022,12,9
2022-12-10,60.21,27.472715,23.082766,77.0,0.0,1.9395869,0.509,2022,12,10
2022-12-11,62.33,27.017328,23.242506,79.9,0.0,2.9168384,0.682857142857143,2022,12,11
2022-12-12,40.56,27.144918,23.151478,78.8,0.0,2.511189,0.387142857142857,2022,12,12
2022-12-13,37.26,27.201248,23.110395,78.4,0.0,3.2502606,0.102,2022,12,13
2022-12-14,44.98,27.458439,23.40591,78.6,0.0,2.9603667,0.577,2022,12,14
2022-12-15,52.7,27.939577,23.048223,74.8,0.0,2.4720066,0.642,2022,12,15
2022-12-16,60.42,26.642792,23.427359,82.6,0.0,1.5900631,0.6045,2022,12,16
2022-12-17,68.94,27.01063,23.847908,82.9,0.0,1.4845357,0.63,2022,12,17
2022-12-18,77.46,27.16174,24.057133,83.2,0.0,1.4375348,0.2,2022,12,18
2022-12-19,85.98,27.711655,23.63599,78.5,0.0,1.2068143,0.540333333333333,2022,12,19
2022-12-20,94.5,26.951057,23.99513,83.9,0.0,1.6890707,0.36125,2022,12,20
2022-12-21,88.75,27.185654,23.651316,81.1,0.0,2.6422803,0.322,2022,12,21
2022-12-22,83.0,26.519789,23.26639,82.4,0.0,4.041141,0.3345,2022,12,22
2022-12-23,77.25,26.733004,22.880663,79.5,0.0,3.2521427,0.347,2022,12,23
2022-12-24,71.5,26.879416,23.391378,81.2,0.0,3.2178762,0.3595,2022,12,24
2022-12-25,65.75,25.939756,23.34931,85.7,0.0,3.1324143,0.372,2022,12,25
2022-12-26,60.0,25.47862,23.138262,86.9,0.0,3.199907,0.3845,2022,12,26
2022-12-27,46.65,25.919193,22.557547,81.7,0.0,2.983529,0.397,2022,12,27
2022-12-28,46.36,25.323372,22.721754,85.5,0.0,4.473992,0.4095,2022,12,28
2022-12-29,27.82,25.612778,23.260447,86.9,0.0,3.987049,0.422,2022,12,29
2022-12-30,53.89,25.55962,23.513191,88.5,0.0,3.3596568,0.422,2022,12,30
2022-12-31,59.28,25.25843,23.011038,87.4,0.0,3.9975185,0.422,2022,12,31
2023-01-01,60.76,25.976648,23.18735,84.6,0.0,3.1795406,0.422,2023,1,1
2023-01-02,45.16,26.513754,23.185745,82.0,0.0,3.8781154,0.422,2023,1,2
2023-01-03,33.5,25.586258,23.012035,85.7,0.0,3.63489,0.113,2023,1,3
2023-01-04,42.42,25.945322,22.870337,83.2,0.0,2.7214563,0.642,2023,1,4
2023-01-05,53.91,26.991467,22.52437,76.6,0.0,3.0272818,0.575636363636364,2023,1,5
2023-01-06,45.55,27.646414,22.700571,74.5,0.0,3.5593605,0.509272727272727,2023,1,6
2023-01-07,40.9,27.630823,23.09731,76.4,0.0,3.4322,0.442909090909091,2023,1,7
2023-01-08,55.5,26.899364,23.162909,80.0,0.0,3.0785117,0.376545454545455,2023,1,8
2023-01-09,48.91,27.615004,23.381319,77.8,0.0,2.6977007,0.3398,2023,1,9
2023-01-10,51.84,27.563616,23.382032,78.0,0.0,2.4680557,0.327375,2023,1,10
2023-01-11,60.16,27.64592,23.268534,77.1,0.0,1.1822665,0.318,2023,1,11
2023-01-12,87.1,28.151478,23.521435,76.0,0.0,1.26082,0.308625,2023,1,12
2023-01-13,84.3,26.86903,23.725286,82.9,0.0,1.4653914,0.258,2023,1,13
2023-01-14,81.5,27.542337,23.550478,78.9,0.0,1.7026302,0.17625,2023,1,14
2023-01-15,78.69,28.01291,22.811268,73.4,0.0,3.1142962,0.4432,2023,1,15
2023-01-16,75.89,27.333408,23.318851,78.8,0.0,3.0132976,0.297285714285714,2023,1,16
2023-01-17,73.09,26.02521,23.41899,85.6,0.0,2.8598938,0.2605,2023,1,17
2023-01-18,70.29,26.053959,23.362106,85.1,0.0,1.9315907,0.223714285714286,2023,1,18
2023-01-19,67.27,25.999277,23.323713,85.2,0.0,2.5303211,0.354666666666667,2023,1,19
2023-01-20,56.75,26.730864,23.059683,80.3,0.0,2.5040648,0.348,2023,1,20
2023-01-21,58.9,26.835165,23.511093,82.0,0.0,2.5486004,0.341333333333333,2023,1,21
2023-01-22,55.62,26.997307,23.4589,81.0,0.0,3.2884555,0.380666666666667,2023,1,22
2023-01-23,49.57,26.92442,23.33733,80.8,0.0,4.0087905,0.172272727272727,2023,1,23
2023-01-24,48.25,27.059572,22.993011,78.5,0.0,4.5237913,0.263636363636364,2023,1,24
2023-01-25,44.21,25.652346,22.713736,83.8,0.0,3.0247247,0.355,2023,1,25
2023-01-26,46.94,27.174019,23.1443,78.7,0.0,3.005773,0.2976,2023,1,26
2023-01-27,54.81,26.409101,23.723482,85.2,0.0,2.2370706,0.38,2023,1,27
2023-01-28,50.14,25.577953,23.533155,88.5,0.0,1.7496886,0.475285714285714,2023,1,28
2023-01-29,60.05,26.112165,23.647213,86.3,0.0,2.6462052,0.366,2023,1,29
2023-01-30,54.57,27.101255,23.384485,80.2,0.0,2.600698,0.343571428571429,2023,1,30
2023-01-31,61.2,26.836906,24.097588,85.0,0.0,2.655993,0.381666666666667,2023,1,31
2023-02-01,62.61,26.517193,24.110643,86.7,0.0,2.0003154,0.422571428571429,2023,2,1
2023-02-02,64.03,26.017715,23.875025,88.0,0.0,2.0602767,0.332,2023,2,2
2023-02-03,65.44,26.283127,23.422699,84.3,0.0,1.5054458,0.538,2023,2,3
2023-02-04,66.86,26.911116,23.34025,80.8,0.0,2.0405571,0.60925,2023,2,4
2023-02-05,57.04,27.552492,22.196934,72.6,0.0,4.0440993,1.059875,2023,2,5
2023-02-06,52.11,27.665777,22.70748,74.4,0.0,2.7586,0.546142857142857,2023,2,6
2023-02-07,50.67,26.499414,23.844513,85.4,0.0,1.7285641,0.294,2023,2,7
2023-02-08,44.5,26.82077,22.905794,79.2,0.0,2.3477595,0.40525,2023,2,8
2023-02-09,50.95,26.716768,22.540949,77.9,0.0,4.0295186,0.4415,2023,2,9
2023-02-10,32.25,26.87684,23.18855,80.3,0.0,3.0507083,0.413571428571429,2023,2,10
2023-02-11,38.75,25.328592,23.643402,90.4,0.0,2.2248888,0.366,2023,2,11
2023-02-12,20.4,24.888773,22.932714,88.9,0.0,2.7936804,0.359,2023,2,12
2023-02-13,23.67,26.718294,23.241056,81.3,0.0,3.7044091,0.681,2023,2,13
2023-02-14,26.0,26.417166,23.042776,81.7,0.0,4.272321,0.525736842105263,2023,2,14
2023-02-15,28.33,26.075869,23.255966,84.5,0.0,3.4652567,0.370473684210526,2023,2,15
2023-02-16,34.14,25.639963,23.331549,87.1,0.0,3.4259758,0.215210526315789,2023,2,16
2023-02-17,38.67,26.259966,23.280188,83.7,0.0,2.223087,0.22,2023,2,17
2023-02-18,59.11,26.608908,23.700205,84.1,0.0,1.9026681,0.3265,2023,2,18
2023-02-19,68.91,26.77839,23.841969,84.0,0.0,2.7156785,0.225666666666667,2023,2,19
2023-02-20,52.45,26.875538,23.38889,81.2,0.0,3.570828,0.515875,2023,2,20
2023-02-21,39.58,26.1324,23.399633,84.9,0.0,2.9790735,0.43025,2023,2,21
2023-02-22,36.91,25.790998,23.62113,87.8,0.0,2.8013995,0.5745,2023,2,22
2023-02-23,40.56,25.686796,23.616938,88.4,0.0,2.7217157,0.33525,2023,2,23
2023-02-24,33.43,25.407734,23.842634,91.1,0.0,2.6507812,0.418,2023,2,24
2023-02-25,47.8,26.040266,23.298132,84.9,0.0,3.009363,0.682,2023,2,25
2023-02-26,42.93,25.795883,23.7168,88.3,0.0,3.451952,0.535333333333333,2023,2,26
2023-02-27,35.6,25.75885,23.304628,86.3,0.0,3.6387696,0.413233333333333,2023,2,27
2023-02-28,47.43,25.626827,23.405977,87.6,0.0,3.1960847,0.3894,2023,2,28
2023-03-01,41.83,25.660114387096773,23.42393487096774,87.52419354838709,0.0,3.160980512903226,0.365566666666667,2023,3,1
2023-03-02,38.11,25.693401774193546,23.441892741935483,87.44838709677418,0.0,3.125876325806452,0.341733333333333,2023,3,2
2023-03-03,40.33,25.72668916129032,23.459850612903224,87.37258064516128,0.0,3.0907721387096774,0.3179,2023,3,3
2023-03-04,41.0,25.759976548387094,23.47780848387097,87.29677419354839,0.0,3.0556679516129033,0.294066666666667,2023,3,4
2023-03-05,46.25,25.79326393548387,23.49576635483871,87.22096774193548,0.0,3.020563764516129,0.301545454545455,2023,3,5
2023-03-06,47.45,25.826551322580645,23.513724225806452,87.14516129032258,0.0,2.985459577419355,0.434272727272727,2023,3,6
2023-03-07,50.73,25.85983870967742,23.531682096774194,87.06935483870967,0.0,2.9503553903225805,0.567,2023,3,7
2023-03-08,43.44,25.893126096774193,23.549639967741935,86.99354838709677,0.0,2.9152512032258064,0.556325842696629,2023,3,8
2023-03-09,57.62,25.926413483870967,23.567597838709677,86.91774193548386,0.0,2.8801470161290323,0.545651685393258,2023,3,9
2023-03-10,51.67,25.95970087096774,23.58555570967742,86.84193548387097,0.0,2.8450428290322582,0.534977528089888,2023,3,10
2023-03-11,64.12,25.992988258064514,23.60351358064516,86.76612903225806,0.0,2.809938641935484,0.524303370786517,2023,3,11
2023-03-12,92.64,26.026275645161288,23.621471451612905,86.69032258064516,0.0,2.7748344548387096,0.513629213483146,2023,3,12
2023-03-13,77.7,26.059563032258062,23.639429322580646,86.61451612903225,0.0,2.7397302677419355,0.502955056179775,2023,3,13
2023-03-14,60.0,26.09285041935484,23.657387193548388,86.53870967741935,0.0,2.7046260806451614,0.492280898876405,2023,3,14
2023-03-15,48.6,26.126137806451613,23.67534506451613,86.46290322580644,0.0,2.6695218935483873,0.481606741573034,2023,3,15
2023-03-16,78.5,26.159425193548387,23.69330293548387,86.38709677419355,0.0,2.6344177064516128,0.470932584269663,2023,3,16
2023-03-17,64.11,26.19271258064516,23.711260806451612,86.31129032258065,0.0,2.5993135193548387,0.460258426966292,2023,3,17
2023-03-18,68.5,26.225999967741934,23.729218677419354,86.23548387096774,0.0,2.5642093322580646,0.449584269662921,2023,3,18
2023-03-19,69.22,26.25928735483871,23.747176548387095,86.15967741935484,0.0,2.5291051451612905,0.438910112359551,2023,3,19
2023-03-20,67.63,26.292574741935482,23.76513441935484,86.08387096774193,0.0,2.4940009580645164,0.42823595505618,2023,3,20
2023-03-21,66.04,26.325862129032256,23.783092290322582,86.00806451612902,0.0,2.4588967709677423,0.417561797752809,2023,3,21
2023-03-22,64.45,26.35914951612903,23.801050161290323,85.93225806451613,0.0,2.4237925838709677,0.406887640449438,2023,3,22
2023-03-23,62.85,26.392436903225807,23.819008032258065,85.85645161290323,0.0,2.3886883967741936,0.396213483146067,2023,3,23
2023-03-24,61.26,26.42572429032258,23.836965903225806,85.78064516129032,0.0,2.3535842096774195,0.385539325842697,2023,3,24
2023-03-25,59.67,26.459011677419355,23.854923774193548,85.70483870967742,0.0,2.318480022580645,0.234,2023,3,25
2023-03-26,58.08,26.49229906451613,23.87288164516129,85.62903225806451,0.0,2.283375835483871,0.231179487179487,2023,3,26
2023-03-27,56.49,26.525586451612902,23.89083951612903,85.55322580645161,0.0,2.248271648387097,0.228358974358974,2023,3,27
2023-03-28,54.89,26.558873838709676,23.908797387096776,85.4774193548387,0.0,2.2131674612903227,0.225538461538461,2023,3,28
2023-03-29,53.3,26.59216122580645,23.926755258064517,85.40161290322581,0.0,2.1780632741935486,0.222717948717949,2023,3,29
2023-03-30,51.71,26.625448612903224,23.94471312903226,85.3258064516129,0.0,2.1429590870967745,0.219897435897436,2023,3,30
2023-03-31,50.12,26.658735999999998,23.962671,85.25,0.0,2.1078549,0.217076923076923,2023,3,31
2023-04-01,48.53,26.692023387096775,23.98062887096774,85.1741935483871,0.0,2.072750712903226,0.21425641025641,2023,4,1
2023-04-02,46.94,26.72531077419355,23.998586741935483,85.09838709677419,0.0,2.037646525806452,0.201,2023,4,2
2023-04-03,45.34,26.758598161290323,24.016544612903225,85.02258064516128,0.0,2.0025423387096772,0.146,2023,4,3
2023-04-04,43.75,26.791885548387096,24.034502483870966,84.94677419354839,0.0,1.9674381516129034,0.75375,2023,4,4
2023-04-05,42.16,26.82517293548387,24.05246035483871,84.87096774193549,0.0,1.932333964516129,0.705625,2023,4,5
2023-04-06,40.57,26.858460322580644,24.070418225806453,84.79516129032258,0.0,1.897229777419355,1.137,2023,4,6
2023-04-07,38.98,26.891747709677418,24.088376096774194,84.71935483870968,0.0,1.8621255903225806,0.561583333333333,2023,4,7
2023-04-08,37.38,26.92503509677419,24.106333967741936,84.64354838709677,0.0,1.8270214032258065,0.5495,2023,4,8
2023-04-09,35.79,26.958322483870965,24.124291838709677,84.56774193548387,0.0,1.7919172161290322,0.537416666666667,2023,4,9
2023-04-10,34.2,26.991609870967743,24.14224970967742,84.49193548387098,0.0,1.7568130290322581,0.562,2023,4,10
2023-04-11,31.87,27.024897258064517,24.16020758064516,84.41612903225807,0.0,1.721708841935484,0.5834,2023,4,11
2023-04-12,35.2,27.05818464516129,24.178165451612905,84.34032258064516,0.0,1.6866046548387097,0.5,2023,4,12
2023-04-13,36.0,27.091472032258064,24.196123322580647,84.26451612903226,0.0,1.6515004677419356,0.5,2023,4,13
2023-04-14,54.2,27.124759419354838,24.214081193548388,84.18870967741935,0.0,1.6163962806451613,0.75,2023,4,14
2023-04-15,75.33,27.158046806451612,24.23203906451613,84.11290322580645,0.0,1.5812920935483872,0.602727272727273,2023,4,15
2023-04-16,64.17,27.191334193548386,24.24999693548387,84.03709677419356,0.0,1.5461879064516129,0.455454545454545,2023,4,16
2023-04-17,56.75,27.22462158064516,24.267954806451613,83.96129032258065,0.0,1.5110837193548388,0.37,2023,4,17
2023-04-18,69.22,27.257908967741937,24.285912677419354,83.88548387096775,0.0,1.4759795322580647,0.3,2023,4,18
2023-04-19,72.09,27.29119635483871,24.303870548387096,83.80967741935484,0.0,1.4408753451612903,0.285,2023,4,19
2023-04-20,68.58,27.324483741935484,24.32182841935484,83.73387096774194,0.0,1.4057711580645162,0.3525,2023,4,20
2023-04-21,73.23,27.35777112903226,24.339786290322582,83.65806451612903,0.0,1.370666970967742,0.621333333333333,2023,4,21
2023-04-22,73.78,27.391058516129032,24.357744161290324,83.58225806451614,0.0,1.3355627838709678,0.25,2023,4,22
2023-04-23,74.33,27.424345903225806,24.375702032258065,83.50645161290323,0.0,1.3004585967741935,0.345,2023,4,23
2023-04-24,74.87,27.45763329032258,24.393659903225807,83.43064516129033,0.0,1.2653544096774194,0.416142857142857,2023,4,24
2023-04-25,75.42,27.490920677419354,24.411617774193548,83.35483870967742,0.0,1.2302502225806453,0.299,2023,4,25
2023-04-26,75.97,27.524208064516127,24.42957564516129,83.27903225806452,0.0,1.1951460354838712,0.385666666666667,2023,4,26
2023-04-27,76.51,27.557495451612905,24.447533516129035,83.20322580645161,0.0,1.1600418483870967,0.319,2023,4,27
2023-04-28,77.06,27.59078283870968,24.465491387096776,83.12741935483871,0.0,1.1249376612903226,0.252333333333333,2023,4,28
2023-04-29,77.61,27.624070225806452,24.483449258064518,83.05161290322582,0.0,1.0898334741935485,0.458,2023,4,29
2023-04-30,78.16,27.657357612903226,24.50140712903226,82.97580645161291,0.0,1.0547292870967744,0.747,2023,4,30
2023-05-01,78.7,27.690645,24.519365,82.9,0.0,1.0196251,0.256,2023,5,1
2023-05-02,79.25,28.045734,24.74122,82.3,0.0,1.565167,0.516923076923077,2023,5,2
2023-05-03,79.8,27.824968,24.883097,84.1,0.0,1.3054243,0.543076923076923,2023,5,3
2023-05-04,80.35,27.793634,24.819683,83.9,0.0,1.3773941,0.309,2023,5,4
2023-05-05,80.89,27.677214,24.53536,83.0,0.0,1.4428678,0.444714285714286,2023,5,5
2023-05-06,81.44,28.199137,24.394674,79.9,0.0,0.7803687,0.377333333333333,2023,5,6
2023-05-07,81.99,27.235939,24.63297,85.7,0.0,1.598928,0.33975,2023,5,7
2023-05-08,82.54,27.68271,24.14818,81.1,0.0,1.2900356,0.458333333333333,2023,5,8
2023-05-09,83.08,28.588638,24.945251,80.7,0.0,1.6472889,0.565,2023,5,9
2023-05-10,83.63,28.713545,25.015858,80.5,0.0,2.414659,0.534,2023,5,10
2023-05-11,84.18,28.392286,24.501886,79.5,0.0,3.9144847,0.7942,2023,5,11
2023-05-12,84.72,28.987116,24.950365,78.9,0.0,3.060807,0.832571428571429,2023,5,12
2023-05-13,85.27,28.00319,24.583344,81.7,0.0,1.2627105,0.568525423728814,2023,5,13
2023-05-14,85.82,28.206491,23.062445,73.7,0.0,1.2440863,0.571152542372881,2023,5,14
2023-05-15,86.37,28.234854,23.147362,73.9,0.0,1.3916334,0.573779661016949,2023,5,15
2023-05-16,86.91,28.116203,23.382948,75.5,0.0,1.5661675,0.576406779661017,2023,5,16
2023-05-17,87.46,28.352896,23.058706,73.1,0.0,1.497718,0.579033898305085,2023,5,17
2023-05-18,88.01,27.762733,23.595037,78.1,0.0,1.3784509,0.581661016949153,2023,5,18
2023-05-19,88.56,27.88714,23.814608,78.6,0.0,1.3058841,0.58428813559322,2023,5,19
2023-05-20,93.18,28.216284,24.055288,78.2,0.0,1.7358854,0.586915254237288,2023,5,20
2023-05-21,97.82,27.663664,23.910881,80.1,0.0,1.5204079,0.589542372881356,2023,5,21
2023-05-22,87.54,27.921707,23.874834,78.7,0.0,1.2986652,0.592169491525424,2023,5,22
2023-05-23,58.86,27.90775,23.686148,77.9,0.0,1.3444655,0.594796610169491,2023,5,23
2023-05-24,99.67,27.774464,23.912905,79.5,0.0,1.3226786,0.597423728813559,2023,5,24
2023-05-25,99.36,28.244675,23.813705,76.9,0.0,1.1486397,0.456,2023,5,25
2023-05-26,101.67,28.592093,23.421959,73.6,0.0,1.8454444,0.46990243902439,2023,5,26
2023-05-27,95.18,28.077032,23.412548,75.8,0.0,1.2693585,0.48380487804878,2023,5,27
2023-05-28,84.46,28.124094,23.793167,77.4,0.0,1.0315051,0.497707317073171,2023,5,28
2023-05-29,91.79,28.38188,23.955475,77.0,0.0,1.1091262,0.511609756097561,2023,5,29
2023-05-30,94.54,27.813057,23.873592,79.2,0.0,1.2658821,0.525512195121951,2023,5,30
2023-05-31,97.17,28.469975,23.091768,72.7,0.0,1.345104,0.539414634146341,2023,5,31
2023-06-01,96.81,28.307655,23.352655,74.6,0.0,1.7621741,0.553317073170732,2023,6,1
2023-06-02,95.0,28.526297,23.705963,75.2,0.0,2.288995,0.567219512195122,2023,6,2
2023-06-03,91.0,28.485525,24.249376,77.9,0.0,1.6942196,0.547428571428571,2023,6,3
2023-06-04,89.67,28.149996,23.70263,76.8,0.0,1.0645177,0.519214285714286,2023,6,4
2023-06-05,88.33,28.02423,23.699799,77.4,0.0,1.3825622,0.491,2023,6,5
2023-06-06,87.0,26.986837,23.566732,81.6,0.0,1.4094722,0.462785714285714,2023,6,6
2023-06-07,85.67,27.510267,24.015516,81.3,0.0,1.8550639,0.434571428571429,2023,6,7
2023-06-08,84.33,27.850588,23.658533,78.0,0.0,2.3213294,0.460333333333333,2023,6,8
2023-06-09,83.0,28.147457,23.293657,75.0,0.0,1.963057,0.02,2023,6,9
2023-06-10,86.17,28.051516,23.070456,74.4,0.0,1.3895617,0.02,2023,6,10
2023-06-11,89.33,28.107409,22.633165,72.2,0.0,1.7222214,0.155333333333333,2023,6,11
2023-06-12,92.5,28.335705,23.53665,75.3,0.0,2.2743576,0.32525,2023,6,12
2023-06-13,84.8,28.392502,24.110449,77.7,0.0,1.8400768,0.155666666666667,2023,6,13
2023-06-14,84.52,27.257849,24.006243,82.5,0.0,1.6120387,0.08375,2023,6,14
2023-06-15,93.62,27.622969,23.793941,79.7,0.0,1.8680116,0.156333333333333,2023,6,15
2023-06-16,85.6,25.59406,23.459372,88.0,0.0,1.878759,0.0647142857142857,2023,6,16
2023-06-17,72.73,27.022583,23.787348,82.5,0.0,1.5282785,0.1765,2023,6,17
2023-06-18,88.21,27.651922,24.23645,81.7,0.0,1.9005433,0.288285714285714,2023,6,18
2023-06-19,70.42,26.529215,23.774097,84.9,0.0,1.6526835,0.298363636363636,2023,6,19
2023-06-20,73.52,27.855406,23.954943,79.4,0.0,1.9164451,0.240636363636364,2023,6,20
2023-06-21,85.64,27.69509,24.181433,81.2,0.0,0.8974046,0.418,2023,6,21
2023-06-22,85.71,27.8785,24.201185,80.4,0.0,1.6837431,0.049,2023,6,22
2023-06-23,87.76,27.948479,23.678999,77.6,0.0,1.2692969,0.277,2023,6,23
2023-06-24,75.36,28.037386,23.761337,77.6,0.0,1.103288,0.281444444444444,2023,6,24
2023-06-25,74.93,26.61146,23.699335,84.1,0.0,1.3974671,0.1525,2023,6,25
2023-06-26,74.5,26.972132,23.219046,80.0,0.0,1.262631,0.2456,2023,6,26
2023-06-27,90.1,27.414133,23.378439,78.7,0.0,1.0678614,0.6376,2023,6,27
2023-06-28,69.57,28.007242,23.083593,74.6,0.0,1.4345264,0.273222222222222,2023,6,28
2023-06-29,56.94,28.07596,23.42151,75.9,0.0,1.0724716,0.338777777777778,2023,6,29
2023-06-30,59.71,28.352993,23.496836,75.0,0.0,1.1558199,0.31025,2023,6,30
2023-07-01,77.76,28.051193,23.33061,75.6,0.0,1.1316086,0.219,2023,7,1
2023-07-02,78.25,27.278812,23.768293,81.2,0.0,1.7310629,0.12775,2023,7,2
2023-07-03,75.65,27.804167,23.171211,75.9,0.0,1.2235723,0.1422,2023,7,3
2023-07-04,75.1,27.962551,23.183102,75.3,0.0,1.4716957,0.184,2023,7,4
2023-07-05,101.32,27.968496,23.554075,77.0,0.0,0.99823165,0.3524,2023,7,5
2023-07-06,92.14,26.545017,23.851658,85.2,0.0,1.4112781,0.1745,2023,7,6
2023-07-07,82.06,26.091303,23.680325,86.6,0.0,1.4851965,0.3385,2023,7,7
2023-07-08,72.24,26.651865,23.657022,83.7,0.0,1.8158158,0.205181818181818,2023,7,8
2023-07-09,70.25,27.814552,23.38965,76.9,0.0,2.9037173,0.0629090909090909,2023,7,9
2023-07-10,68.05,27.212326,23.708624,81.2,0.0,2.3865056,0.033,2023,7,10
2023-07-11,80.3,27.523344,23.042284,76.6,0.0,1.563994,0.078,2023,7,11
2023-07-12,86.55,27.894365,22.990887,74.7,0.0,1.2613213,0.131461538461538,2023,7,12
2023-07-13,92.22,27.778421,22.62931,73.6,0.0,1.5207634,0.190564102564103,2023,7,13
2023-07-14,86.48,27.680597,23.136086,76.3,0.0,1.1830344,0.249666666666667,2023,7,14
2023-07-15,78.16,27.716862,23.194815,76.4,0.0,1.4735079,0.308769230769231,2023,7,15
2023-07-16,74.55,27.301857,23.410559,79.3,0.0,1.2571634,0.367871794871795,2023,7,16
2023-07-17,71.37,27.436234,22.4005,74.0,0.0,2.4144084,0.426974358974359,2023,7,17
2023-07-18,90.86,27.045387,21.409945,71.3,0.0,2.4385648,0.486076923076923,2023,7,18
2023-07-19,87.15,27.318666,20.938196,68.2,0.0,1.7768995,0.545179487179487,2023,7,19
2023-07-20,53.4,27.36513,20.113676,64.6,0.0,1.5331239,0.508764705882353,2023,7,20
2023-07-21,79.35,27.713446,21.962755,70.9,0.0,1.7964325,0.448470588235294,2023,7,21
2023-07-22,92.57,27.753326,21.953611,70.7,0.0,1.8939319,0.388176470588235,2023,7,22
2023-07-23,78.4,27.790054,22.595547,73.4,0.0,2.2794151,0.327882352941177,2023,7,23
2023-07-24,77.63,26.4184,23.147165,82.3,0.0,1.4738371,0.267588235294118,2023,7,24
2023-07-25,91.53,27.080336,23.35636,80.1,0.0,1.3014745,0.207294117647059,2023,7,25
2023-07-26,90.32,27.357468,23.128122,77.7,0.0,1.4809222,0.147,2023,7,26
2023-07-27,103.5,27.955338,22.147638,70.7,0.0,1.5296619,0.181375,2023,7,27
2023-07-28,100.25,27.714949,20.988657,66.8,0.0,2.5854075,0.21575,2023,7,28
2023-07-29,97.14,27.19161,21.244677,70.0,0.0,2.8887956,0.250125,2023,7,29
2023-07-30,92.44,27.220282,20.789335,68.0,0.0,2.3307064,0.2845,2023,7,30
2023-07-31,84.05,27.104132,20.625742,67.7,0.0,3.037024,0.318875,2023,7,31
2023-08-01,80.7,27.99777,21.602638,68.3,0.0,3.0974112,0.35325,2023,8,1
2023-08-02,78.05,27.73506,23.293787,76.8,0.0,1.6310447,0.387625,2023,8,2
2023-08-03,77.95,27.632206,23.67071,79.1,0.0,1.740397,0.422,2023,8,3
2023-08-04,86.83,28.076422,23.546501,76.5,0.0,2.1651187,0.456375,2023,8,4
2023-08-05,85.33,27.77455,22.256584,72.0,0.0,2.017685,0.449315789473684,2023,8,5
2023-08-06,89.33,27.656507,22.359716,72.9,0.0,1.5815659,0.380105263157895,2023,8,6
2023-08-07,95.18,27.726027,23.053484,75.7,0.0,1.9278157,0.310894736842105,2023,8,7
2023-08-08,85.75,27.569876,23.168713,77.0,0.0,2.4827983,0.241684210526316,2023,8,8
2023-08-09,72.5,27.652288,22.84558,75.1,0.0,3.0774074,0.330666666666667,2023,8,9
2023-08-10,79.06,27.512367,22.61927,74.7,0.0,2.0812151,0.525111111111111,2023,8,10
2023-08-11,88.35,27.395823,22.019674,72.5,0.0,1.894262,0.547785714285714,2023,8,11
2023-08-12,82.14,27.002554,20.947187,69.5,0.0,2.3274715,0.527517857142857,2023,8,12
2023-08-13,79.05,27.243864,21.53763,71.0,0.0,2.2140667,0.50725,2023,8,13
2023-08-14,81.65,27.328703,21.577679,70.9,0.0,2.015888,0.486982142857143,2023,8,14
2023-08-15,89.59,27.804987,21.963064,70.6,0.0,1.7855177,0.466714285714286,2023,8,15
2023-08-16,90.05,27.706781,21.867487,70.6,0.0,1.8526012,0.446446428571429,2023,8,16
2023-08-17,86.16,27.756922,21.664303,69.5,0.0,2.0767655,0.426178571428572,2023,8,17
2023-08-18,61.94,27.847876,21.705866,69.3,0.0,1.7815374,0.405910714285714,2023,8,18
2023-08-19,72.57,27.927526,22.191137,71.0,0.0,2.4984074,0.385642857142857,2023,8,19
2023-08-20,75.5,28.456657,22.544954,70.4,0.0,1.8460594,0.365375,2023,8,20
2023-08-21,75.52,27.702286,21.53177,69.1,0.0,2.1926641,0.345107142857143,2023,8,21
2023-08-22,77.63,27.72561,21.547752,69.1,0.0,2.1738744,0.377285714285714,2023,8,22
2023-08-23,90.52,27.856808,22.042463,70.7,0.0,2.113646,0.428523809523809,2023,8,23
2023-08-24,90.25,27.955929,22.509253,72.3,0.0,2.644804,0.416142857142857,2023,8,24
2023-08-25,92.3,28.459663,22.794916,71.4,0.0,1.5016319,0.403761904761905,2023,8,25
2023-08-26,79.16,28.387402,22.658861,71.2,0.0,1.471736,0.391380952380952,2023,8,26
2023-08-27,84.75,27.670681,22.863012,75.1,0.0,1.4182738,0.379,2023,8,27
2023-08-28,89.58,27.584972,21.890451,71.2,0.0,1.3867224,0.439,2023,8,28
2023-08-29,90.53,27.67342,21.582382,69.5,0.0,2.3601105,0.392571428571429,2023,8,29
2023-08-30,95.31,27.39051,21.853498,71.8,0.0,2.0895562,0.490428571428571,2023,8,30
2023-08-31,102.64,27.649874,21.635359,69.8,0.0,1.5383202,0.4718,2023,8,31
2023-09-01,103.19,27.69335,21.97311,71.1,0.0,1.7981088,0.42405,2023,9,1
2023-09-02,94.0,27.791834,21.67392,69.4,0.0,2.0500934,0.3763,2023,9,2
2023-09-03,88.2,27.575422,20.484087,65.3,0.0,2.194612,0.32855,2023,9,3
2023-09-04,83.93,26.911318,19.591782,64.3,0.0,2.6363225,0.684,2023,9,4
2023-09-05,100.04,27.056963,20.027847,65.5,0.0,2.4815547,0.627833333333333,2023,9,5
2023-09-06,89.0,28.071478,20.903912,65.1,0.0,1.917977,0.627416666666667,2023,9,6
2023-09-07,95.5,28.015121,22.291128,71.1,0.0,1.9577554,0.627,2023,9,7
2023-09-08,95.43,28.394424,22.71834,71.4,0.0,2.1825135,0.673333333333333,2023,9,8
2023-09-09,90.52,28.141,22.084013,69.7,0.0,1.6321584,0.25785,2023,9,9
2023-09-10,89.61,27.789427,21.70243,69.5,0.0,1.7872043,0.3326,2023,9,10
2023-09-11,86.78,28.160025,20.71593,64.0,0.0,2.0261836,0.40735,2023,9,11
2023-09-12,89.81,28.49994,21.098743,64.3,0.0,2.443142,0.4821,2023,9,12
2023-09-13,83.37,28.121414,21.544529,67.5,0.0,1.8329386,0.754307692307692,2023,9,13
2023-09-14,80.6,27.993765,21.320898,67.1,0.0,1.959215,1.15815384615385,2023,9,14
2023-09-15,84.47,28.122297,21.37443,66.8,0.0,2.1778984,1.562,2023,9,15
2023-09-16,88.47,28.167728,22.282185,70.4,0.0,2.4177995,0.53275,2023,9,16
2023-09-17,80.5,28.630642,22.481401,69.4,0.0,1.8472399,0.541,2023,9,17
2023-09-18,72.6,28.631037,22.843592,70.9,0.0,1.1824945,0.789428571428571,2023,9,18
2023-09-19,78.8,28.185534,22.715437,72.2,0.0,1.5308132,0.257,2023,9,19
2023-09-20,85.0,28.60681,22.663916,70.3,0.0,1.673762,0.743,2023,9,20
2023-09-21,82.86,28.282736,23.109259,73.6,0.0,1.7003738,0.533714285714286,2023,9,21
2023-09-22,88.55,28.445866,21.709394,66.9,0.0,2.0737722,0.402285714285714,2023,9,22
2023-09-23,80.39,27.738462,21.538847,69.0,0.0,2.1284823,0.531,2023,9,23
2023-09-24,75.84,27.859291,21.5805,68.7,0.0,1.555921,0.4614,2023,9,24
2023-09-25,103.05,28.863718,21.137915,63.1,0.0,1.8905123,0.781,2023,9,25
2023-09-26,84.74,28.290537,20.71554,63.5,0.0,1.8596821,0.372,2023,9,26
2023-09-27,81.68,28.67975,19.718637,58.4,0.0,2.4406676,1.124,2023,9,27
2023-09-28,90.29,28.825201,19.889694,58.5,0.0,3.034737,0.54,2023,9,28
2023-09-29,94.89,28.924364,21.134405,62.8,0.0,2.123845,0.9322,2023,9,29
2023-09-30,90.9,28.593721,22.489908,69.6,0.0,1.6285694,0.085,2023,9,30
2023-10-01,107.0,28.222315,22.583273,71.5,0.0,1.9764476,0.4626,2023,10,1
2023-10-02,100.38,28.539171,21.79447,66.9,0.0,1.8721178,0.5316,2023,10,2
2023-10-03,81.95,28.336527,22.46559,70.5,0.0,1.675935,0.47,2023,10,3
2023-10-04,88.95,28.71087,22.953465,71.1,0.0,1.6295683,0.4415,2023,10,4
2023-10-05,83.72,28.464025,23.21364,73.3,0.0,2.3795216,0.370333333333333,2023,10,5
2023-10-06,85.15,28.691933,23.419088,73.2,0.0,1.4472687,0.96,2023,10,6
2023-10-07,106.1,28.873644,23.681707,73.6,0.0,1.5119511,0.483,2023,10,7
2023-10-08,97.33,29.101202,22.957933,69.5,0.0,1.9895246,0.198285714285714,2023,10,8
2023-10-09,72.1,29.203098,23.321028,70.6,0.0,3.1345003,0.79025,2023,10,9
2023-10-10,80.0,29.212946,23.4167,71.0,0.0,2.1973145,0.262857142857143,2023,10,10
2023-10-11,74.8,29.415201,23.450047,70.3,0.0,1.8116709,0.87,2023,10,11
2023-10-12,90.44,29.415962,23.03063,68.6,0.0,2.1599476,0.308,2023,10,12
2023-10-13,90.2,29.379818,22.881,68.1,0.0,1.607687,0.26425,2023,10,13
2023-10-14,94.42,29.294245,22.93778,68.7,0.0,1.6811261,0.424909090909091,2023,10,14
2023-10-15,83.44,29.212078,22.19786,66.0,0.0,2.154713,0.892181818181818,2023,10,15
2023-10-16,85.12,29.65559,22.88351,67.0,0.0,1.9133329,0.723,2023,10,16
2023-10-17,94.13,29.973663,21.868826,61.9,0.0,2.6473577,0.551,2023,10,17
2023-10-18,103.13,29.362164,22.073603,64.9,0.0,2.591065,0.140837209302326,2023,10,18
2023-10-19,97.58,29.32999,22.732996,67.7,0.0,3.4500368,0.152232558139535,2023,10,19
2023-10-20,80.07,28.819712,23.28259,72.1,0.0,1.6871735,0.163627906976744,2023,10,20
2023-10-21,41.14,29.388062,22.98147,68.5,0.0,1.906913,0.175023255813954,2023,10,21
2023-10-22,46.15,28.637682,23.540106,74.0,0.0,1.1534896,0.186418604651163,2023,10,22
2023-10-23,51.15,28.789057,22.589231,69.2,0.0,1.5583864,0.197813953488372,2023,10,23
2023-10-24,88.38,28.20658,23.227316,74.4,0.0,1.7239057,0.209209302325581,2023,10,24
2023-10-25,87.55,27.940577,23.406485,76.4,0.0,1.238411,0.220604651162791,2023,10,25
2023-10-26,104.21,28.787855,23.172585,71.7,0.0,1.4732202,0.232,2023,10,26
2023-10-27,107.78,28.948664,23.440767,72.2,0.0,1.6312906,0.206166666666667,2023,10,27
2023-10-28,95.85,29.066013,22.319857,67.0,0.0,2.2976134,0.52,2023,10,28
2023-10-29,92.11,28.972063,22.585903,68.5,0.0,2.035291,0.494375,2023,10,29
2023-10-30,86.88,29.244623,23.24716,70.2,0.0,1.4181576,0.344,2023,10,30
2023-10-31,93.19,28.990162,23.87837,74.0,0.0,1.5552638,0.19275,2023,10,31
2023-11-01,90.21,28.599894,23.792654,75.3,0.0,1.5088471,0.0928888888888889,2023,11,1
2023-11-02,84.82,28.596296,24.060606,76.5,0.0,1.2539752,0.0701111111111111,2023,11,2
2023-11-03,98.95,28.165966,24.163122,78.9,0.0,1.5183558,0.0473333333333333,2023,11,3
2023-11-04,99.67,27.575432,23.840918,80.1,0.0,1.821135,0.0245555555555555,2023,11,4
2023-11-05,60.95,27.321913,24.201128,83.1,0.0,1.6360353,0.557,2023,11,5
2023-11-06,75.62,28.526022,24.213118,77.5,0.0,1.4700805,0.638333333333333,2023,11,6
2023-11-07,81.65,29.099947,23.855852,73.4,0.0,1.799858,0.719666666666667,2023,11,7
2023-11-08,75.24,29.130945,23.893904,73.4,0.0,1.494802,0.801,2023,11,8
2023-11-09,95.1,28.596066,23.850534,75.5,0.0,1.7156899,0.5145,2023,11,9
2023-11-10,103.74,28.315578,24.324442,79.0,0.0,1.5206482,0.464666666666667,2023,11,10
2023-11-11,90.53,28.04872,23.95389,78.5,0.0,1.8209924,0.133,2023,11,11
2023-11-12,90.67,28.026318,23.787783,77.8,0.0,1.2789966,0.379,2023,11,12
2023-11-13,93.93,28.75485,24.301802,76.9,0.0,1.6312684,0.7452,2023,11,13
2023-11-14,79.75,27.941362,24.714134,82.7,0.0,1.4485017,0.854,2023,11,14
2023-11-15,69.23,28.274166,24.109936,78.2,0.0,1.1048555,0.769,2023,11,15
2023-11-16,82.2,28.487125,24.22806,77.8,0.0,1.4444942,1.279,2023,11,16
2023-11-17,80.44,28.346718,24.601164,80.2,0.0,1.1662151,1.0676,2023,11,17
2023-11-18,68.28,28.16841,24.390957,80.0,0.0,1.2652009,0.44,2023,11,18
2023-11-19,75.56,28.635195,24.29391,77.4,0.0,1.9679517,0.629,2023,11,19
2023-11-20,69.11,29.147322,23.729778,72.6,0.0,1.6745031,0.524,2023,11,20
2023-11-21,76.85,28.525938,24.454424,78.7,0.0,1.313659,0.645,2023,11,21
2023-11-22,66.79,28.901297,24.36546,76.6,0.0,1.4057897,0.6685,2023,11,22
2023-11-23,81.1,28.219528,24.302908,79.3,0.0,1.2050418,0.552,2023,11,23
2023-11-24,97.33,27.46025,24.55653,84.2,0.0,1.3471723,0.255,2023,11,24
2023-11-25,75.42,25.883389,23.767475,88.1,0.0,1.6021054,0.495714285714286,2023,11,25
2023-11-26,66.24,27.850918,23.627195,77.8,0.0,1.1547457,0.3742,2023,11,26
2023-11-27,69.0,26.5688,24.125662,86.5,0.0,1.4148479,0.383,2023,11,27
2023-11-28,72.11,27.498617,24.197546,82.2,0.0,1.3783888,0.309,2023,11,28
2023-11-29,78.0,28.140196,24.448008,80.4,0.0,1.2992356,0.766,2023,11,29
2023-11-30,59.67,27.54094,24.342495,82.7,0.0,1.0232202,1.024,2023,11,30
2023-12-01,66.0,26.380623,24.19451,87.8,0.0,1.4352853,0.553,2023,12,1
2023-12-02,83.91,27.620024,24.252146,81.9,0.0,1.7131618,0.422,2023,12,2
2023-12-03,67.33,27.209768,24.274172,84.0,0.0,1.1484913,0.738,2023,12,3
2023-12-04,59.5,26.198832,23.867304,87.0,0.0,1.281669,0.688,2023,12,4
2023-12-05,77.53,27.780283,23.96134,79.8,0.0,1.2764977,0.417,2023,12,5
2023-12-06,78.48,27.678396,24.387678,82.3,0.0,1.2695043,0.56,2023,12,6
2023-12-07,74.9,28.381216,24.543833,79.7,0.0,1.1899495,0.4398,2023,12,7
2023-12-08,76.47,27.834625,24.427673,81.8,0.0,1.5283118,0.408,2023,12,8
2023-12-09,84.67,27.742987,24.42252,82.2,0.0,1.2495648,0.352,2023,12,9
2023-12-10,72.6,28.131556,24.262112,79.6,0.0,1.2774439,0.288,2023,12,10
2023-12-11,85.15,28.150526,24.210655,79.2,0.0,1.2304151,0.876,2023,12,11
2023-12-12,84.58,27.936739,24.309729,80.7,0.0,1.3463192,0.666,2023,12,12
2023-12-13,60.05,28.73652,23.79588,74.7,0.0,1.3358682,0.428666666666667,2023,12,13
2023-12-14,87.37,28.81797,23.789766,74.3,0.0,1.5981028,0.449285714285714,2023,12,14
2023-12-15,85.5,28.848494,23.61151,73.4,0.0,1.505174,0.527,2023,12,15
2023-12-16,86.06,28.58874,23.590633,74.4,0.0,1.6303704,0.391714285714286,2023,12,16
2023-12-17,79.65,28.849356,23.101528,71.2,0.0,1.6544789,0.368666666666667,2023,12,17
2023-12-18,75.72,29.165594,22.989237,69.4,0.0,1.8067645,0.134333333333333,2023,12,18
2023-12-19,81.32,28.543312,22.601297,70.3,0.0,1.8268423,0.682,2023,12,19
2023-12-20,77.72,28.492971,21.047243,64.1,0.0,2.0305505,0.406,2023,12,20
2023-12-21,82.67,28.277975,21.826485,68.1,0.0,2.16286,0.377,2023,12,21
2023-12-22,76.3,28.967007,21.950182,65.9,0.0,1.5795753,0.377,2023,12,22
2023-12-23,86.26,29.14219,23.448893,71.4,0.0,1.4574527,0.377,2023,12,23
2023-12-24,101.58,28.557901,24.369118,78.1,0.0,1.6087643,0.377,2023,12,24
2023-12-25,82.37,27.151884,24.082258,83.3,0.0,1.5446157,0.377,2023,12,25
2023-12-26,83.08,27.39387,24.348446,83.5,0.0,1.413677,0.377,2023,12,26
2023-12-27,83.79,27.584318,24.688353,84.3,0.0,1.3196374,0.377,2023,12,27
2023-12-28,79.56,28.593271,24.323435,77.7,0.0,1.2342321,0.377,2023,12,28
2023-12-29,86.63,28.076052,24.847647,82.7,0.0,1.3364068,0.377,2023,12,29
2023-12-30,83.45,27.661978,24.789368,84.4,0.0,1.3024741,0.377,2023,12,30
2023-12-31,85.8,27.356531,24.57109,84.8,0.0,1.5231137,0.377,2023,12,31
2024-01-01,102.88,28.006659,24.955507,83.5,0.0,1.3372196,0.377,2024,1,1
2024-01-02,76.81,27.841002,24.90786,84.1,0.0,1.094407,0.377,2024,1,2
2024-01-03,60.59,27.155682,24.780993,86.9,0.0,1.6824408,0.377,2024,1,3
2024-01-04,61.17,26.066141,24.272406,89.9,0.0,1.9117241,0.377,2024,1,4
2024-01-05,68.58,27.142466,23.962431,82.8,0.0,1.5344106,0.377,2024,1,5
2024-01-06,76.0,27.210733,24.3216,84.3,0.0,1.2921733,0.377,2024,1,6
2024-01-07,83.95,26.815676,24.20254,85.6,0.0,1.5256296,0.377,2024,1,7
2024-01-08,61.24,26.849928,24.372023,86.3,0.0,1.3876537,0.377,2024,1,8
2024-01-09,65.61,27.919474,24.249342,80.5,0.0,1.4862645,0.377,2024,1,9
2024-01-10,74.79,27.715595,24.619738,83.3,0.0,2.119261,0.377,2024,1,10
2024-01-11,56.94,26.993574,24.533728,86.4,0.0,2.2864635,0.377,2024,1,11
2024-01-12,39.93,27.365088,24.104362,82.4,0.0,3.042943,0.377,2024,1,12
2024-01-13,48.49,27.673956,24.085743,80.9,0.0,2.1763442,0.377,2024,1,13
2024-01-14,57.04,27.80263,24.47857,82.2,0.0,1.7316761,0.377,2024,1,14
2024-01-15,65.6,27.989573,24.571716,81.7,0.0,2.5593011,0.0205238095238095,2024,1,15
2024-01-16,49.67,28.429708,24.148758,77.7,0.0,2.9155424,0.0443333333333333,2024,1,16
2024-01-17,51.94,27.366327,24.334982,83.6,0.0,3.0115013,0.0681428571428571,2024,1,17
2024-01-18,40.87,27.368387,24.18664,82.8,0.0,3.5196729,0.091952380952381,2024,1,18
2024-01-19,29.8,25.86747,23.859179,88.7,0.0,3.6169436,0.1575,2024,1,19
2024-01-20,32.17,28.193316,23.425842,75.4,0.0,3.6758204,0.235,2024,1,20
2024-01-21,46.26,27.670225,23.83386,79.7,0.0,3.865891,0.27375,2024,1,21
2024-01-22,31.47,28.284698,23.706383,76.3,0.0,3.6016643,0.3125,2024,1,22
2024-01-23,40.08,28.28419,23.735498,76.4,0.0,3.2118027,0.35125,2024,1,23
2024-01-24,40.0,27.872028,24.025204,79.6,0.0,3.0860794,0.3784,2024,1,24
2024-01-25,56.25,28.215618,24.21952,79.0,0.0,2.1299455,0.40265,2024,1,25
2024-01-26,66.26,27.494713,24.510542,83.8,0.0,1.6187608,0.4269,2024,1,26
2024-01-27,37.0,26.232815,24.187546,88.5,0.0,1.5518214,0.45115,2024,1,27
2024-01-28,52.41,26.844551,24.348326,86.2,0.0,1.7781652,0.434,2024,1,28
2024-01-29,50.12,26.597109,24.343115,87.5,0.0,1.4247072,0.2165,2024,1,29
2024-01-30,62.86,26.440582,24.455482,88.9,0.0,1.8727523,0.1632,2024,1,30
2024-01-31,43.71,26.524324,24.278244,87.5,0.0,1.990245,0.1178,2024,1,31
2024-02-01,25.94,26.78991,24.363573,86.6,0.0,2.1469204,0.174142857142857,2024,2,1
2024-02-02,61.84,27.653261,24.494804,83.0,0.0,2.3629508,0.659857142857143,2024,2,2
2024-02-03,54.3,26.44552,24.426092,88.7,0.0,2.7097063,0.388333333333333,2024,2,3
2024-02-04,48.06,26.917545,24.076164,84.5,0.0,2.2027998,0.411,2024,2,4
2024-02-05,65.57,26.89514,24.299328,85.7,0.0,2.0303445,0.86475,2024,2,5
2024-02-06,58.11,26.075203,23.635843,86.5,0.0,2.8063438,0.3785,2024,2,6
2024-02-07,54.79,27.049408,23.940464,83.1,0.0,1.909178,0.3762,2024,2,7
2024-02-08,71.5,27.857206,24.106615,80.1,0.0,1.6236575,0.3904,2024,2,8
2024-02-09,76.44,28.002058,24.674799,82.2,0.0,1.5619036,0.39965,2024,2,9
2024-02-10,60.95,27.186354,24.228651,83.9,0.0,1.9832636,0.4089,2024,2,10
2024-02-11,52.45,27.565556,24.144697,81.7,0.0,2.3826742,0.41815,2024,2,11
2024-02-12,52.12,27.790113,24.295881,81.3,0.0,2.6564002,0.481,2024,2,12
2024-02-13,52.95,28.08568,24.51434,81.0,0.0,2.3316784,0.359545454545455,2024,2,13
2024-02-14,41.44,27.480997,24.246828,82.6,0.0,1.956777,0.340454545454546,2024,2,14
2024-02-15,56.0,27.280737,24.916655,87.0,0.0,1.4158715,0.321363636363636,2024,2,15
2024-02-16,82.57,27.013842,24.911734,88.3,0.0,1.8303468,0.302272727272727,2024,2,16
2024-02-17,40.41,26.918446,24.73243,87.9,0.0,1.663823,0.19,2024,2,17
2024-02-18,63.47,27.283213,24.460054,84.6,0.0,1.4994476,0.14375,2024,2,18
2024-02-19,7.39,27.82213,24.74313,83.4,0.0,1.3979871,0.226666666666667,2024,2,19
2024-02-20,10.48,28.350904,25.14312,82.8,0.0,1.3057749,0.308533333333333,2024,2,20
2024-02-21,13.57,27.88364,25.0567,84.6,0.0,1.8412923,0.3862,2024,2,21
2024-02-22,16.65,28.995207,24.880432,78.5,0.0,2.7544355,0.463866666666667,2024,2,22
2024-02-23,19.74,28.90921,24.535898,77.3,0.0,2.2840335,0.082,2024,2,23
2024-02-24,22.83,27.614143,24.775923,84.6,0.0,2.4124043,0.439,2024,2,24
2024-02-25,25.92,26.945942,24.605703,87.0,0.0,1.7694501,0.449563636363636,2024,2,25
2024-02-26,29.01,27.805199,24.577665,82.6,0.0,1.4905252,0.463836363636364,2024,2,26
2024-02-27,32.1,27.635025,24.60436,83.6,0.0,1.5630412,0.478109090909091,2024,2,27
2024-02-28,35.18,26.918676,24.635849,87.3,0.0,1.395742,0.492381818181818,2024,2,28
2024-02-29,38.27,26.669308,24.332603,87.0,0.0,1.6104325,0.506654545454545,2024,2,29
2024-03-01,41.36,26.696886806451612,24.349286612903224,86.9483870967742,0.0,1.612393687096774,0.520927272727273,2024,3,1
2024-03-02,44.45,26.724465612903227,24.36597022580645,86.89677419354838,0.0,1.6143548741935483,0.5352,2024,3,2
2024-03-03,47.54,26.75204441935484,24.382653838709675,86.84516129032258,0.0,1.6163160612903225,0.549472727272727,2024,3,3
2024-03-04,50.63,26.779623225806453,24.3993374516129,86.79354838709678,0.0,1.6182772483870966,0.563745454545455,2024,3,4
2024-03-05,53.71,26.807202032258065,24.416021064516126,86.74193548387096,0.0,1.6202384354838708,0.578018181818182,2024,3,5
2024-03-06,54.0,26.83478083870968,24.432704677419355,86.69032258064516,0.0,1.622199622580645,0.592290909090909,2024,3,6
2024-03-07,44.43,26.86235964516129,24.44938829032258,86.63870967741936,0.0,1.6241608096774194,0.58432,2024,3,7
2024-03-08,43.84,26.889938451612903,24.466071903225806,86.58709677419355,0.0,1.6261219967741936,0.56152,2024,3,8
2024-03-09,47.67,26.917517258064517,24.482755516129032,86.53548387096774,0.0,1.6280831838709677,0.53872,2024,3,9
2024-03-10,79.06,26.94509606451613,24.499439129032258,86.48387096774194,0.0,1.630044370967742,0.51592,2024,3,10
2024-03-11,63.05,26.972674870967744,24.516122741935483,86.43225806451613,0.0,1.632005558064516,0.49312,2024,3,11
2024-03-12,56.48,27.000253677419355,24.53280635483871,86.38064516129032,0.0,1.6339667451612903,0.474878787878788,2024,3,12
2024-03-13,58.86,27.027832483870966,24.549489967741934,86.32903225806452,0.0,1.6359279322580644,0.459676767676768,2024,3,13
2024-03-14,50.72,27.05541129032258,24.56617358064516,86.27741935483871,0.0,1.6378891193548386,0.444474747474748,2024,3,14
2024-03-15,45.7,27.082990096774193,24.582857193548385,86.2258064516129,0.0,1.6398503064516128,0.429272727272727,2024,3,15
2024-03-16,32.25,27.110568903225808,24.599540806451614,86.1741935483871,0.0,1.641811493548387,0.414070707070707,2024,3,16
2024-03-17,31.25,27.13814770967742,24.61622441935484,86.12258064516129,0.0,1.6437726806451611,0.398868686868687,2024,3,17
2024-03-18,33.11,27.165726516129034,24.632908032258065,86.07096774193548,0.0,1.6457338677419353,0.383666666666667,2024,3,18
2024-03-19,44.61,27.193305322580645,24.64959164516129,86.01935483870967,0.0,1.6476950548387097,0.368464646464646,2024,3,19
2024-03-20,52.33,27.220884129032257,24.666275258064516,85.96774193548387,0.0,1.6496562419354839,0.353262626262626,2024,3,20
2024-03-21,53.0,27.24846293548387,24.68295887096774,85.91612903225807,0.0,1.651617429032258,0.338060606060606,2024,3,21
2024-03-22,42.21,27.276041741935483,24.699642483870967,85.86451612903225,0.0,1.6535786161290322,0.322858585858586,2024,3,22
2024-03-23,67.67,27.303620548387098,24.716326096774193,85.81290322580645,0.0,1.6555398032258064,0.307656565656566,2024,3,23
2024-03-24,69.2,27.33119935483871,24.733009709677418,85.76129032258065,0.0,1.6575009903225806,0.292454545454545,2024,3,24
2024-03-25,66.4,27.35877816129032,24.749693322580644,85.70967741935483,0.0,1.6594621774193548,0.277252525252525,2024,3,25
2024-03-26,81.53,27.386356967741936,24.766376935483873,85.65806451612903,0.0,1.661423364516129,0.262050505050505,2024,3,26
2024-03-27,71.79,27.413935774193547,24.7830605483871,85.60645161290323,0.0,1.663384551612903,0.246848484848485,2024,3,27
2024-03-28,75.2,27.441514580645162,24.799744161290324,85.55483870967741,0.0,1.6653457387096773,0.231646464646465,2024,3,28
2024-03-29,44.65,27.469093387096773,24.81642777419355,85.50322580645161,0.0,1.6673069258064515,0.216444444444444,2024,3,29
2024-03-30,83.47,27.496672193548388,24.833111387096775,85.45161290322581,0.0,1.6692681129032256,0.201242424242424,2024,3,30
2024-03-31,84.21,27.524251,24.849795,85.4,0.0,1.6712292999999998,0.186040404040404,2024,3,31
2024-04-01,64.32,27.55182980645161,24.866478612903226,85.34838709677419,0.0,1.6731904870967742,0.23375,2024,4,1
2024-04-02,107.7,27.579408612903226,24.88316222580645,85.29677419354839,0.0,1.6751516741935484,0.2971875,2024,4,2
2024-04-03,96.86,27.606987419354837,24.899845838709677,85.24516129032259,0.0,1.6771128612903226,0.360625,2024,4,3
2024-04-04,75.94,27.634566225806452,24.916529451612902,85.19354838709677,0.0,1.6790740483870967,0.34775,2024,4,4
2024-04-05,109.74,27.662145032258064,24.933213064516128,85.14193548387097,0.0,1.681035235483871,0.284,2024,4,5
2024-04-06,86.0,27.689723838709675,24.949896677419357,85.09032258064516,0.0,1.682996422580645,0.565,2024,4,6
2024-04-07,72.83,27.71730264516129,24.966580290322582,85.03870967741935,0.0,1.6849576096774193,0.612727272727273,2024,4,7
2024-04-08,68.77,27.7448814516129,24.983263903225808,84.98709677419355,0.0,1.6869187967741934,0.660454545454546,2024,4,8
2024-04-09,64.72,27.772460258064516,24.999947516129033,84.93548387096774,0.0,1.6888799838709676,0.53,2024,4,9
2024-04-10,60.66,27.800039064516127,25.01663112903226,84.88387096774193,0.0,1.6908411709677418,0.713,2024,4,10
2024-04-11,56.6,27.827617870967742,25.033314741935484,84.83225806451613,0.0,1.692802358064516,0.532,2024,4,11
2024-04-12,47.9,27.855196677419354,25.04999835483871,84.78064516129032,0.0,1.6947635451612901,0.394142857142857,2024,4,12
2024-04-13,57.52,27.882775483870965,25.066681967741935,84.7290322580645,0.0,1.6967247322580645,0.5664,2024,4,13
2024-04-14,54.24,27.91035429032258,25.08336558064516,84.6774193548387,0.0,1.6986859193548387,0.6565,2024,4,14
2024-04-15,54.94,27.93793309677419,25.100049193548386,84.6258064516129,0.0,1.7006471064516129,0.818,2024,4,15
2024-04-16,57.05,27.965511903225806,25.116732806451616,84.5741935483871,0.0,1.702608293548387,0.534875,2024,4,16
2024-04-17,59.15,27.993090709677418,25.13341641935484,84.52258064516128,0.0,1.7045694806451612,0.4970625,2024,4,17
2024-04-18,61.26,28.020669516129033,25.150100032258067,84.47096774193548,0.0,1.7065306677419354,0.45925,2024,4,18
2024-04-19,63.37,28.048248322580644,25.166783645161292,84.41935483870968,0.0,1.7084918548387096,0.43175,2024,4,19
2024-04-20,65.48,28.075827129032255,25.183467258064518,84.36774193548386,0.0,1.7104530419354838,0.582,2024,4,20
2024-04-21,67.58,28.10340593548387,25.200150870967743,84.31612903225806,0.0,1.712414229032258,0.386333333333333,2024,4,21
2024-04-22,69.69,28.13098474193548,25.21683448387097,84.26451612903226,0.0,1.714375416129032,0.2914,2024,4,22
2024-04-23,68.95,28.158563548387097,25.233518096774194,84.21290322580644,0.0,1.7163366032258063,0.329428571428571,2024,4,23
2024-04-24,70.95,28.186142354838708,25.25020170967742,84.16129032258064,0.0,1.7182977903225805,0.408,2024,4,24
2024-04-25,67.93,28.21372116129032,25.266885322580645,84.10967741935484,0.0,1.7202589774193546,0.4118,2024,4,25
2024-04-26,64.92,28.241299967741934,25.28356893548387,84.05806451612904,0.0,1.722220164516129,0.3338,2024,4,26
2024-04-27,76.94,28.268878774193546,25.3002525483871,84.00645161290322,0.0,1.7241813516129032,0.2558,2024,4,27
2024-04-28,69.89,28.29645758064516,25.316936161290325,83.95483870967742,0.0,1.7261425387096774,0.0696666666666667,2024,4,28
2024-04-29,69.85,28.324036387096772,25.33361977419355,83.90322580645162,0.0,1.7281037258064516,0.550727272727273,2024,4,29
2024-04-30,69.89,28.351615193548387,25.350303387096776,83.8516129032258,0.0,1.7300649129032257,0.525272727272727,2024,4,30
2024-05-01,66.26,28.379194,25.366987,83.8,0.0,1.7320261,0.528,2024,5,1
2024-05-02,69.0,28.758562,25.385641,82.0,0.0,1.8473041,0.4535,2024,5,2
2024-05-03,80.15,28.504036,24.995405,81.3,0.0,1.2216482,0.19975,2024,5,3
2024-05-04,83.24,28.32397,24.118341,78.0,0.0,1.0782305,0.472,2024,5,4
2024-05-05,86.34,28.792425,24.741056,78.8,0.0,1.1474824,0.267,2024,5,5
2024-05-06,89.43,28.68664,23.770708,74.8,0.0,1.3204234,0.3825,2024,5,6
2024-05-07,96.95,28.863392,23.75805,74.0,0.0,1.7090199,0.284176470588235,2024,5,7
2024-05-08,89.05,28.723846,23.716066,74.4,0.0,1.3760545,0.309470588235294,2024,5,8
2024-05-09,101.9,28.722178,24.506212,78.0,0.0,1.9742135,0.334764705882353,2024,5,9
2024-05-10,99.8,29.133583,25.00376,78.5,0.0,2.33738,0.349156862745098,2024,5,10
2024-05-11,97.5,28.58964,24.938482,80.7,0.0,1.7160572,0.319941176470588,2024,5,11
2024-05-12,90.81,29.216965,24.629175,76.4,0.0,2.51592,0.290725490196078,2024,5,12
2024-05-13,81.74,28.53092,24.840094,80.5,0.0,1.4658,0.261509803921569,2024,5,13
2024-05-14,93.65,27.679665,24.80571,84.4,0.0,1.2554834,0.232294117647059,2024,5,14
2024-05-15,85.53,28.864244,24.583143,77.7,0.0,2.1735992,0.203078431372549,2024,5,15
2024-05-16,111.2,28.691843,24.769697,79.4,0.0,1.5013156,0.173862745098039,2024,5,16
2024-05-17,99.89,28.761477,24.202127,76.4,0.0,1.3617507,0.144647058823529,2024,5,17
2024-05-18,107.62,28.749447,24.404306,77.4,0.0,1.6387724,0.11543137254902,2024,5,18
2024-05-19,97.89,28.905642,24.283592,76.2,0.0,1.1848997,0.0862156862745098,2024,5,19
2024-05-20,97.67,28.906023,24.161446,75.6,0.0,1.8840436,0.057,2024,5,20
2024-05-21,105.26,29.199806,24.235216,74.7,0.0,1.3152976,0.0811176470588235,2024,5,21
2024-05-22,107.38,28.747484,24.545893,78.1,0.0,1.2100329,0.105235294117647,2024,5,22
2024-05-23,93.95,27.722054,24.83545,84.3,0.0,1.8965315,0.129352941176471,2024,5,23
2024-05-24,80.95,27.583967,25.144833,86.6,0.0,2.010375,0.153470588235294,2024,5,24
2024-05-25,58.44,26.377974,24.149115,87.6,0.0,1.6760972,0.177588235294118,2024,5,25
2024-05-26,75.06,28.401676,24.797815,80.9,0.0,1.8605962,0.201705882352941,2024,5,26
2024-05-27,95.58,29.024332,24.854252,78.3,0.0,1.6589905,0.225823529411765,2024,5,27
2024-05-28,105.38,28.942507,24.71786,78.0,0.0,1.7861633,0.249941176470588,2024,5,28
2024-05-29,96.05,28.819763,24.792566,78.9,0.0,1.9157,0.274058823529412,2024,5,29
2024-05-30,88.89,28.763567,24.676584,78.6,0.0,1.2464349,0.298176470588235,2024,5,30
2024-05-31,81.73,28.749878,24.995893,80.2,0.0,1.3413837,0.322294117647059,2024,5,31
2024-06-01,74.57,27.90142,24.85655,83.6,0.0,1.021949,0.346411764705882,2024,6,1
2024-06-02,67.41,28.099089,24.940779,83.0,0.0,1.1695627,0.370529411764706,2024,6,2
2024-06-03,60.25,27.196287,24.968527,87.7,0.0,1.1067531,0.39464705882353,2024,6,3
2024-06-04,74.3,27.830975,24.515984,82.2,0.0,1.499516,0.418764705882353,2024,6,4
2024-06-05,96.71,28.421911,24.167257,77.8,0.0,0.87245697,0.442882352941177,2024,6,5
2024-06-06,87.95,28.300772,23.938486,77.3,0.0,1.9705551,0.467,2024,6,6
2024-06-07,88.06,27.955032,23.961191,78.9,0.0,1.6001124,0.491117647058824,2024,6,7
2024-06-08,93.11,28.300236,24.293589,78.9,0.0,1.8247873,0.515235294117647,2024,6,8
2024-06-09,85.44,27.60602,24.28743,82.2,0.0,1.4042212,0.539352941176471,2024,6,9
2024-06-10,92.53,28.356241,24.749807,80.9,0.0,1.4099768,0.374,2024,6,10
2024-06-11,97.56,26.988237,24.599222,86.8,0.0,1.708439,0.221625,2024,6,11
2024-06-12,89.11,27.178188,24.143986,83.5,0.0,1.6674869,0.24475,2024,6,12
2024-06-13,70.22,27.25273,24.313732,84.0,0.0,1.82999,0.267875,2024,6,13
2024-06-14,75.89,27.817444,24.277016,81.1,0.0,1.1674582,0.291,2024,6,14
2024-06-15,78.42,27.618422,24.360502,82.5,0.0,1.1922373,0.133,2024,6,15
2024-06-16,70.11,27.453577,24.610167,84.5,0.0,1.3084664,0.231571428571429,2024,6,16
2024-06-17,75.0,28.107801,23.968134,78.3,0.0,1.6470428,0.330142857142857,2024,6,17
2024-06-18,104.11,27.15711,24.18972,83.9,0.0,1.4845083,0.383,2024,6,18
2024-06-19,110.56,28.030107,23.746214,77.6,0.0,2.7827814,0.253,2024,6,19
2024-06-20,93.5,27.628088,22.51674,73.7,0.0,2.265204,0.168,2024,6,20
2024-06-21,104.0,28.115204,23.02529,73.9,0.0,1.5738364,0.0596,2024,6,21
2024-06-22,101.95,27.511318,22.685987,75.0,0.0,1.3723904,0.403,2024,6,22
2024-06-23,107.8,27.925055,22.218885,71.2,0.0,1.7398682,0.485,2024,6,23
2024-06-24,97.0,28.002495,23.687067,77.4,0.0,1.6268405,0.15,2024,6,24
2024-06-25,82.12,26.583693,23.861626,85.0,0.0,1.6687421,0.076,2024,6,25
2024-06-26,79.71,28.019583,24.368437,80.6,0.0,2.6666558,0.962,2024,6,26
2024-06-27,93.0,27.783297,24.77691,83.7,0.0,2.290328,0.132,2024,6,27
2024-06-28,76.22,27.521597,24.903152,85.7,0.0,1.891022,0.298111111111111,2024,6,28
2024-06-29,80.0,26.727163,23.85311,84.3,0.0,1.3932939,0.464,2024,6,29
2024-06-30,69.62,27.98275,23.760248,77.9,0.0,1.2148243,0.358444444444445,2024,6,30
2024-07-01,81.58,27.175133,24.269258,84.2,0.0,1.4433255,0.454,2024,7,1
2024-07-02,79.67,27.157034,23.812376,82.0,0.0,1.5759965,0.253,2024,7,2
2024-07-03,99.24,27.651293,23.793863,79.6,0.0,1.3556491,0.384,2024,7,3
2024-07-04,82.56,26.457277,23.794067,85.3,0.0,1.6635652,0.278375,2024,7,4
2024-07-05,69.16,26.15232,23.667128,86.2,0.0,3.1125636,0.2472,2024,7,5
2024-07-06,51.25,25.124508,23.254604,89.4,0.0,2.9598026,0.3277,2024,7,6
2024-07-07,51.5,27.011395,23.760153,82.4,0.0,2.2449782,0.3868,2024,7,7
2024-07-08,57.35,27.147573,24.11339,83.5,0.0,1.6282508,0.4138,2024,7,8
2024-07-09,63.19,27.429037,23.849154,80.9,0.0,2.390919,0.0665,2024,7,9
2024-07-10,69.04,27.377094,23.38574,78.9,0.0,1.9065914,0.209,2024,7,10
2024-07-11,74.89,27.806353,22.836645,74.4,0.0,1.1045517,0.195111111111111,2024,7,11
2024-07-12,80.73,26.742847,21.13992,71.4,0.0,1.8913877,0.181222222222222,2024,7,12
2024-07-13,86.58,26.597467,20.628777,69.8,0.0,1.4402,0.167333333333333,2024,7,13
2024-07-14,92.43,26.176172,20.327307,70.2,0.0,1.8435013,0.189571428571429,2024,7,14
2024-07-15,98.27,26.765863,19.82136,65.7,0.0,1.4163989,0.266,2024,7,15
2024-07-16,95.06,27.045053,21.365738,71.1,0.0,1.7403356,0.342428571428571,2024,7,16
2024-07-17,97.11,27.550539,22.740335,75.1,0.0,2.0045655,0.271666666666667,2024,7,17
2024-07-18,94.0,27.597666,23.031446,76.2,0.0,2.0064895,0.102777777777778,2024,7,18
2024-07-19,89.06,27.411108,22.542253,74.8,0.0,2.3006208,0.009875,2024,7,19
2024-07-20,88.11,27.778086,22.091969,71.2,0.0,1.5381236,0.02425,2024,7,20
2024-07-21,87.44,27.870968,22.657068,73.3,0.0,1.7661927,0.038625,2024,7,21
2024-07-22,58.29,27.702404,22.350939,72.7,0.0,1.5421861,0.053,2024,7,22
2024-07-23,62.59,27.695946,22.111906,71.7,0.0,1.5567436,0.067375,2024,7,23
2024-07-24,112.4,27.64916,22.433596,73.3,0.0,1.3952154,0.08175,2024,7,24
2024-07-25,97.25,27.255573,22.602266,75.8,0.0,1.2214108,0.096125,2024,7,25
2024-07-26,89.0,27.478596,22.846865,75.9,0.0,1.9284294,0.0965652173913044,2024,7,26
2024-07-27,101.11,27.84853,22.797564,74.0,0.0,2.391937,0.0935217391304348,2024,7,27
2024-07-28,100.82,27.977585,22.588503,72.6,0.0,1.6650674,0.0904782608695652,2024,7,28
2024-07-29,95.79,27.565483,22.45825,73.7,0.0,2.053023,0.0874347826086957,2024,7,29
2024-07-30,104.61,27.664865,22.0529,71.5,0.0,1.7382725,0.046,2024,7,30
2024-07-31,109.61,27.87464,22.786657,73.9,0.0,2.010682,0.0338571428571429,2024,7,31
2024-08-01,97.75,27.331173,23.299402,78.7,0.0,1.4021152,0.0743333333333333,2024,8,1
2024-08-02,88.75,27.08151,23.550438,81.1,0.0,1.198391,0.149888888888889,2024,8,2
2024-08-03,72.5,27.008638,23.6356,81.8,0.0,1.4228573,0.225444444444444,2024,8,3
2024-08-04,79.44,27.842342,23.31524,76.4,0.0,1.2532421,0.301,2024,8,4
2024-08-05,80.89,27.104548,22.817211,77.4,0.0,1.3260173,0.24925,2024,8,5
2024-08-06,79.74,27.636713,22.577837,74.0,0.0,1.8896546,0.1975,2024,8,6
2024-08-07,60.5,27.5305,22.716928,75.1,0.0,1.8533561,0.14575,2024,8,7
2024-08-08,108.71,28.022398,23.145601,74.9,0.0,1.9744737,0.094,2024,8,8
2024-08-09,93.43,28.012838,23.298782,75.6,0.0,2.1783407,0.167857142857143,2024,8,9
2024-08-10,86.74,28.144945,23.4489,75.7,0.0,1.6815767,0.250230769230769,2024,8,10
2024-08-11,79.05,27.869192,23.060173,75.1,0.0,1.2881919,0.240807692307692,2024,8,11
2024-08-12,82.65,27.0389,20.89118,69.1,0.0,2.0023074,0.231384615384615,2024,8,12
2024-08-13,98.64,27.17755,20.937616,68.7,0.0,2.0327938,0.221961538461538,2024,8,13
2024-08-14,99.95,27.6814,21.968794,71.1,0.0,1.9094566,0.212538461538462,2024,8,14
2024-08-15,93.32,28.045494,22.073236,70.0,0.0,1.8507555,0.203115384615385,2024,8,15
2024-08-16,92.81,28.129251,22.12032,69.9,0.0,1.534664,0.193692307692308,2024,8,16
2024-08-17,94.59,27.781271,22.814314,74.4,0.0,2.0981379,0.184269230769231,2024,8,17
2024-08-18,89.42,28.035883,23.266136,75.3,0.0,1.8521273,0.174846153846154,2024,8,18
2024-08-19,85.3,27.78155,22.861565,74.6,0.0,1.8240684,0.165423076923077,2024,8,19
2024-08-20,95.3,27.693945,22.778349,74.6,0.0,1.9594449,0.156,2024,8,20
2024-08-21,100.62,27.869476,23.006023,74.9,0.0,2.2885776,0.146576923076923,2024,8,21
2024-08-22,95.56,28.24615,23.231703,74.3,0.0,2.6060185,0.137153846153846,2024,8,22
2024-08-23,78.9,27.809664,22.953661,74.9,0.0,1.7303952,0.127730769230769,2024,8,23
2024-08-24,95.8,27.933924,22.857954,74.0,0.0,1.7026184,0.118307692307692,2024,8,24
2024-08-25,95.06,27.781603,21.733059,69.7,0.0,1.759468,0.108884615384615,2024,8,25
2024-08-26,83.4,28.338078,22.272905,69.7,0.0,1.5481563,0.272714285714286,2024,8,26
2024-08-27,103.5,28.505487,22.653185,70.6,0.0,1.5057966,0.0862857142857142,2024,8,27
2024-08-28,96.75,28.662601,22.390675,68.9,0.0,1.591386,0.0903333333333333,2024,8,28
2024-08-29,95.26,28.22327,22.140533,69.6,0.0,1.4703076,0.142,2024,8,29
2024-08-30,97.63,28.331799,22.185751,69.4,0.0,1.6779032,0.199833333333333,2024,8,30
2024-08-31,80.28,28.189997,21.989931,69.1,0.0,1.9603374,0.266916666666667,2024,8,31
2024-09-01,75.8,28.839447,23.02107,70.9,0.0,2.156858,0.334,2024,9,1
2024-09-02,82.16,28.523882,23.623508,74.8,0.0,1.6507536,0.409333333333333,2024,9,2
2024-09-03,102.95,28.4504,23.233242,73.4,0.0,1.3930559,0.502833333333333,2024,9,3
2024-09-04,91.24,28.643484,22.290844,68.6,0.0,1.7184743,0.862,2024,9,4
2024-09-05,74.7,28.671928,23.095871,71.9,0.0,1.5139,0.744142857142857,2024,9,5
2024-09-06,82.0,28.99933,23.559135,72.5,0.0,2.6609998,0.469857142857143,2024,9,6
2024-09-07,79.6,29.262503,21.939417,64.7,0.0,2.6569467,1.125,2024,9,7
2024-09-08,77.8,29.353819,23.01758,68.8,0.0,2.2587116,0.2555,2024,9,8
2024-09-09,71.5,27.584215,23.506561,78.5,0.0,1.5376363,0.237222222222222,2024,9,9
2024-09-10,77.17,27.259645,23.586164,80.4,0.0,1.7333792,0.19,2024,9,10
2024-09-11,66.59,28.118921,22.854147,73.1,0.0,2.107151,0.1625,2024,9,11
2024-09-12,78.89,27.770767,23.376394,77.0,0.0,1.3286633,0.317,2024,9,12
2024-09-13,75.35,27.902155,22.704817,73.4,0.0,1.4238745,0.42,2024,9,13
2024-09-14,86.87,28.150106,21.654043,67.9,0.0,1.5982537,0.514285714285714,2024,9,14
2024-09-15,83.78,28.289902,21.576567,67.0,0.0,1.566582,0.39,2024,9,15
2024-09-16,82.0,28.469435,21.668823,66.7,0.0,1.4564356,0.183,2024,9,16
2024-09-17,86.89,28.285875,21.309473,65.9,0.0,1.9454154,0.761571428571429,2024,9,17
2024-09-18,80.67,27.784191,20.076086,62.9,0.0,2.0523727,0.798,2024,9,18
2024-09-19,83.67,28.07811,20.760489,64.5,0.0,1.887789,0.641,2024,9,19
2024-09-20,86.67,28.373827,21.72948,67.3,0.0,1.851722,0.4834,2024,9,20
2024-09-21,37.95,28.690752,22.982458,71.3,0.0,2.0670018,0.5185,2024,9,21
2024-09-22,61.58,29.157578,23.96549,73.6,0.0,1.764898,0.551,2024,9,22
2024-09-23,85.2,28.85728,24.061756,75.4,0.0,2.42124,0.524,2024,9,23
2024-09-24,73.77,27.490744,23.569159,79.2,0.0,1.6278267,0.666666666666667,2024,9,24
2024-09-25,88.12,27.228374,23.196249,78.7,0.0,1.8327929,0.5445,2024,9,25
2024-09-26,77.61,26.668404,23.180267,81.2,0.0,1.4125038,0.586,2024,9,26
2024-09-27,78.58,28.301794,24.020908,77.6,0.0,1.6843598,0.518,2024,9,27
2024-09-28,73.11,28.102633,24.414904,80.4,0.0,1.6301312,0.73,2024,9,28
2024-09-29,71.64,28.038597,23.893808,78.2,0.0,1.4840993,0.2325,2024,9,29
2024-09-30,70.17,28.577963,23.765598,75.2,0.0,1.7192856,0.308,2024,9,30
2024-10-01,83.0,29.377234,23.536333,70.9,0.0,1.1431417,0.3436,2024,10,1
2024-10-02,89.68,28.423536,24.132853,77.6,0.0,1.3267292,0.4331,2024,10,2
2024-10-03,93.95,28.159836,24.121504,78.8,0.0,1.7571467,0.5658,2024,10,3
2024-10-04,83.42,27.921412,23.663748,77.7,0.0,1.4182372,0.577,2024,10,4
2024-10-05,81.63,27.832304,23.659912,78.1,0.0,1.4167752,0.110714285714286,2024,10,5
2024-10-06,75.85,28.201769,23.712297,76.7,0.0,1.1846821,0.145,2024,10,6
2024-10-07,105.39,28.940601,23.356989,71.9,0.0,1.8761058,0.419846153846154,2024,10,7
2024-10-08,86.78,29.028059,23.394556,71.7,0.0,1.672586,0.502923076923077,2024,10,8
2024-10-09,77.26,28.891668,23.8446,74.2,0.0,1.5296263,0.586,2024,10,9
2024-10-10,77.72,28.708,23.969505,75.6,0.0,1.4961474,0.321,2024,10,10
2024-10-11,78.18,29.24972,24.113985,73.9,0.0,2.2057195,0.2522,2024,10,11
2024-10-12,78.63,28.473288,24.698753,80.1,0.0,1.615869,0.3142,2024,10,12
2024-10-13,79.09,28.069693,24.465708,80.8,0.0,1.8025459,0.3762,2024,10,13
2024-10-14,79.55,28.253374,23.859646,77.1,0.0,1.5811927,0.4382,2024,10,14
2024-10-15,80.0,28.18339,23.756132,76.9,0.0,1.452062,0.5002,2024,10,15
2024-10-16,80.46,28.29442,22.752775,72.0,0.0,1.6381282,0.472666666666667,2024,10,16
2024-10-17,80.92,28.457964,21.534128,66.2,0.0,1.6540658,0.165666666666667,2024,10,17
2024-10-18,81.38,28.371637,22.486097,70.5,0.0,1.5675771,0.194,2024,10,18
2024-10-19,96.17,28.3971,22.70778,71.3,0.0,1.7270105,0.222333333333333,2024,10,19
2024-10-20,99.25,29.149397,21.90604,65.0,0.0,1.7146949,0.250666666666667,2024,10,20
2024-10-21,102.34,28.548338,23.13016,72.5,0.0,1.8222761,0.279,2024,10,21
2024-10-22,105.43,29.117172,23.824522,73.2,0.0,1.8840978,0.307333333333333,2024,10,22
2024-10-23,94.78,28.826288,23.959589,75.0,0.0,1.4487969,0.335666666666667,2024,10,23
2024-10-24,88.6,28.332457,24.175865,78.2,0.0,1.6998076,0.364,2024,10,24
2024-10-25,82.43,28.229748,23.761633,76.8,0.0,1.5110866,0.392333333333333,2024,10,25
2024-10-26,76.25,29.16635,23.218454,70.4,0.0,1.8257085,0.3525,2024,10,26
2024-10-27,78.0,29.238417,23.87761,72.9,0.0,1.5230926,0.189428571428571,2024,10,27
2024-10-28,85.5,28.96028,23.71203,73.4,0.0,1.6843951,0.2505,2024,10,28
2024-10-29,93.0,29.54587,24.297361,73.5,0.0,1.5419496,0.311571428571429,2024,10,29
2024-10-30,92.12,29.06505,23.952978,74.0,0.0,1.6417464,0.297346153846154,2024,10,30
2024-10-31,91.24,28.492937,23.772463,75.6,0.0,1.7038251,0.232923076923077,2024,10,31
2024-11-01,90.36,28.329283,24.356384,79.1,0.0,1.9625669,0.1685,2024,11,1
2024-11-02,89.95,26.793793,23.926943,84.3,0.0,1.683765,0.104076923076923,2024,11,2
2024-11-03,67.56,26.22701,23.875616,86.9,0.0,1.0942197,0.0396538461538462,2024,11,3
2024-11-04,65.45,27.24827,23.824152,81.6,0.0,1.1550012,0.14,2024,11,4
2024-11-05,69.19,27.193901,24.095966,83.2,0.0,1.4960881,0.397,2024,11,5
2024-11-06,65.57,27.664917,23.687197,79.0,0.0,1.6171676,0.422,2024,11,6
2024-11-07,81.29,28.277613,23.90439,77.2,0.0,1.1717043,0.447,2024,11,7
2024-11-08,91.86,29.053404,24.03964,74.4,0.0,1.0731776,0.4295,2024,11,8
2024-11-09,97.5,27.86786,24.085882,79.9,0.0,1.2829701,0.394923076923077,2024,11,9
2024-11-10,84.67,27.494041,24.28657,82.7,0.0,1.5308093,0.377230769230769,2024,11,10
2024-11-11,71.83,27.157116,24.01391,83.0,0.0,1.5083361,0.359538461538461,2024,11,11
2024-11-12,59.0,27.368418,24.229334,83.0,0.0,1.6258504,0.443,2024,11,12
2024-11-13,80.37,28.233513,24.56012,80.5,0.0,1.5508714,0.767333333333333,2024,11,13
2024-11-14,95.71,28.748692,24.377422,77.3,0.0,1.2718027,0.704666666666667,2024,11,14
2024-11-15,112.78,28.55883,24.652483,79.4,0.0,1.0342734,1.04125,2024,11,15
2024-11-16,113.53,27.45133,24.58564,84.4,0.0,1.0607903,0.945666666666667,2024,11,16
2024-11-17,131.72,27.653082,24.787144,84.4,0.0,1.3285697,0.779,2024,11,17
2024-11-18,75.74,27.608368,24.605146,83.7,0.0,1.3635598,0.935,2024,11,18
2024-11-19,67.29,27.662134,24.45294,82.7,0.0,1.4394997,0.645555555555556,2024,11,19
2024-11-20,69.2,28.073954,24.294374,80.0,0.0,1.1874477,0.5345,2024,11,20
2024-11-21,60.6,27.800356,24.373964,81.7,0.0,1.5180762,0.557666666666667,2024,11,21
2024-11-22,52.0,27.788874,24.400227,81.8,0.0,1.8422784,0.436,2024,11,22
2024-11-23,56.1,27.915964,24.609118,82.3,0.0,1.9433023,0.3182,2024,11,23
2024-11-24,50.95,27.775438,24.23076,81.1,0.0,1.5564418,0.322714285714286,2024,11,24
2024-11-25,48.3,28.161419,24.417137,80.2,0.0,1.5898374,0.384,2024,11,25
2024-11-26,61.55,28.038803,24.50408,81.2,0.0,1.4419678,0.195333333333333,2024,11,26
2024-11-27,61.0,27.300417,24.521818,84.8,0.0,1.3989222,0.497,2024,11,27
2024-11-28,44.5,27.902214,23.799479,78.4,0.0,2.338586,0.615,2024,11,28
2024-11-29,53.76,27.958448,23.300478,75.8,0.0,3.1475484,0.825,2024,11,29
2024-11-30,39.25,28.96424,23.7306,73.4,0.0,2.6142502,0.694,2024,11,30
2024-12-01,39.53,28.447535,24.222876,77.9,0.0,3.0062253,0.422,2024,12,1
2024-12-02,30.0,27.119234,24.119238,83.7,0.0,3.900872,0.33,2024,12,2
2024-12-03,23.1,25.865711,23.460352,86.6,0.0,3.6043108,0.7095,2024,12,3
2024-12-04,25.6,26.168322,23.77178,86.7,0.0,3.6791446,0.5065,2024,12,4
2024-12-05,28.09,26.685999,24.14937,86.0,0.0,3.7181683,1.236,2024,12,5
2024-12-06,30.59,26.754898,24.037468,85.1,0.0,1.8007467,0.4546,2024,12,6
2024-12-07,33.08,27.318754,24.47824,84.5,0.0,1.132939,0.498,2024,12,7
2024-12-08,35.58,28.108847,25.079752,83.7,0.0,1.440083,0.327,2024,12,8
2024-12-09,38.08,26.562027,24.264708,87.2,0.0,2.1976864,0.289,2024,12,9
2024-12-10,40.57,27.44579,24.19724,82.5,0.0,4.5294337,0.105,2024,12,10
2024-12-11,13.44,28.603247,23.469141,73.8,0.0,3.4780216,0.412111111111111,2024,12,11
2024-12-12,38.89,28.911528,22.285961,67.5,0.0,3.7342024,0.296,2024,12,12
2024-12-13,47.67,28.637583,23.401869,73.4,0.0,3.1791823,0.3965,2024,12,13
2024-12-14,51.63,27.376734,23.70084,80.4,0.0,3.2898242,0.497,2024,12,14
2024-12-15,34.76,26.626686,23.975983,85.4,0.0,3.10994,0.6265,2024,12,15
2024-12-16,33.44,27.244402,24.124815,83.1,0.0,2.451679,0.756,2024,12,16
2024-12-17,39.65,27.362938,23.721361,80.6,0.0,2.8583658,0.379333333333333,2024,12,17
2024-12-18,38.89,27.245493,23.754305,81.3,0.0,3.442347,0.474,2024,12,18
2024-12-19,26.93,26.932974,24.08332,84.4,0.0,4.0489507,0.474,2024,12,19
2024-12-20,35.4,27.015295,24.010632,83.7,0.0,3.2238863,0.474,2024,12,20
2024-12-21,38.12,27.305128,24.193382,83.2,0.0,2.8276932,0.474,2024,12,21
2024-12-22,40.84,27.299593,24.612267,85.3,0.0,1.7180804,0.474,2024,12,22
2024-12-23,43.56,26.775867,24.775953,88.8,0.0,2.4016244,0.474,2024,12,23
2024-12-24,46.28,26.762041,24.280304,86.3,0.0,2.216894,0.474,2024,12,24
2024-12-25,49.0,26.623318,24.134556,86.2,0.0,1.6931275,0.474,2024,12,25
2024-12-26,51.72,27.640543,24.10378,81.1,0.0,2.3576894,0.474,2024,12,26
2024-12-27,54.44,28.38614,24.185776,78.0,0.0,2.156236,0.474,2024,12,27
2024-12-28,50.35,28.690405,23.435211,73.3,0.0,2.5050647,0.474,2024,12,28
2024-12-29,46.26,28.258919,24.404882,79.6,0.0,2.5565202,0.474,2024,12,29
2024-12-30,42.17,27.086164,23.612623,81.3,0.0,3.98497,0.474,2024,12,30
2024-12-31,38.08,27.85344,23.53709,77.4,0.0,3.3162062,0.474,2024,12,31
