datetime,ISPU PM2.5,temp,dew,humidity,precip,windspeed,AOD
1/1/2022,86.55,27.553,23.292,77.6,0.262,3.463,0.112
1/2/2022,86.55,26.869,23.168,80.2,0,2.619,0.112
1/3/2022,86.55,27.826,22.566,73.1,0,1.187,0.112
1/4/2022,86.55,27.534,23.213,77.3,0,1.465,0.112
1/5/2022,86.55,27.796,23.564,77.8,30.762,1.433,0.112
1/6/2022,86.55,26.791,23.893,84.2,6.215,2.008,0.577
1/7/2022,80.15,27.487,23.283,77.9,0.586,2.134,0.562
1/8/2022,58.67,27.564,23.741,79.7,0.165,1.762,0.546
1/9/2022,67.6,27.259,24.031,82.6,0,1.949,0.531
1/10/2022,53.95,26.614,23.899,85.1,12.922,3.212,0.437
1/11/2022,43.13,26.028,23.520,86.1,59.4,2.951,0.344
1/12/2022,50.19,25.995,23.484,86.1,11.109,2.298,0.250
1/13/2022,53.93,26.125,23.609,86.1,9.373,1.977,0.157
1/14/2022,52.63,26.401,23.870,86,23.019,1.896,0.063
1/15/2022,55.71,26.404,23.914,86.2,4.747,1.818,0.045
1/16/2022,70.98,26.477,24.307,87.9,9.154,1.681,0.076
1/17/2022,69.37,27.060,23.881,82.8,25.273,2.765,0.106
1/18/2022,58.6,25.911,23.677,87.5,106.769,2.652,0.137
1/19/2022,53.68,26.342,23.359,83.7,73.133,3.475,0.190
1/20/2022,52.5,25.421,22.504,83.9,1.874,2.474,0.275
1/21/2022,50.07,26.567,23.385,82.7,0.367,2.710,0.359
1/22/2022,49.46,26.347,23.626,85,13.48,2.282,0.444
1/23/2022,50.77,27.904,23.594,77.4,0,2.779,0.500
1/24/2022,53.47,27.918,23.572,77.3,0,3.431,0.537
1/25/2022,36.83,27.223,23.806,81.6,3.035,3.195,0.574
1/26/2022,53.26,26.662,23.983,85.3,1.334,2.720,0.542
1/27/2022,50.01,27.503,23.889,80.7,0.038,2.291,0.407
1/28/2022,56.32,27.199,23.547,80.5,2.383,1.972,0.508
1/29/2022,72.57,26.929,23.761,82.8,0,1.671,0.608
1/30/2022,93.38,26.986,24.034,83.9,0.013,1.838,0.356
1/31/2022,109.55,26.931,23.795,83,0,2.537,0.566
2/1/2022,59.07,26.949,23.529,81.6,0.019,1.875,0.471
2/2/2022,65.55,26.899,23.887,83.6,15.93,1.592,0.375
2/3/2022,52.45,27.267,23.887,81.8,1.002,1.381,0.516
2/4/2022,52.06,26.494,23.862,85.5,57.188,1.872,0.741
2/5/2022,57.19,25.824,23.660,87.9,52.416,2.619,1.022
2/6/2022,52,26.640,23.685,83.9,0.748,2.762,0.592
2/7/2022,47.05,26.891,23.544,81.9,15.085,2.161,0.333
2/8/2022,53.29,25.806,23.999,89.8,34.156,1.600,0.427
2/9/2022,76.68,26.368,23.178,82.7,3.872,3.072,0.522
2/10/2022,52.15,26.337,22.937,81.6,0.038,2.752,0.616
2/11/2022,58.29,27.340,23.327,78.8,0.154,2.439,0.598
2/12/2022,63.76,27.103,23.914,82.7,0,2.015,0.363
2/13/2022,70.15,26.193,23.601,85.7,0.039,1.155,0.443
2/14/2022,80.71,26.773,22.707,78.4,15.122,1.705,0.378
2/15/2022,73.27,27.415,23.185,77.7,2.719,1.156,0.312
2/16/2022,65.84,27.241,23.327,79.2,30.565,1.308,0.247
2/17/2022,58.41,26.363,23.822,86,0.208,1.423,0.182
2/18/2022,50.98,25.919,23.978,89.1,2.98,1.658,0.656
2/19/2022,43.55,26.676,23.876,84.6,0.925,1.294,0.513
2/20/2022,36.12,26.789,24.114,85.3,1.279,1.381,0.370
2/21/2022,28.69,27.188,23.552,80.6,0.129,1.705,0.226
2/22/2022,21.26,27.429,23.568,79.5,2.535,1.971,0.083
2/23/2022,13.83,27.199,23.105,78.4,10.202,3.140,0.293
2/24/2022,55.64,27.171,22.282,74.7,3.398,2.987,0.401
2/25/2022,39.95,26.042,22.638,81.5,2.955,3.068,0.297
2/26/2022,33.06,26.067,23.066,83.6,0.417,3.100,0.345
2/27/2022,41.32,26.367,23.223,82.9,2.453,3.186,0.339
2/28/2022,36.99,26.945,23.185,79.9,2.904,3.284,0.333
3/1/2022,50.1,26.173,23.141,83.4,13.622,3.638,0.327
3/2/2022,47.86,26.789,23.054,80,11.598,4.230,0.321
3/3/2022,48.21,27.353,23.593,80,0.062,3.199,0.315
3/4/2022,41.61,26.721,23.665,83.4,3.274,1.239,0.309
3/5/2022,50.82,26.473,23.605,84.3,14.696,2.012,0.302
3/6/2022,50.31,26.775,23.500,82.3,0.541,3.068,0.296
3/7/2022,29.42,26.971,23.788,82.8,0.013,2.461,0.290
3/8/2022,41.55,27.177,23.840,82,2.995,1.961,0.284
3/9/2022,59.13,26.740,23.906,84.5,0,1.256,0.278
3/10/2022,69.44,27.211,23.969,82.5,0.565,1.261,0.272
3/11/2022,82.13,26.805,24.140,85.4,10.601,2.616,0.266
3/12/2022,58.89,26.653,24.180,86.3,18.173,2.769,0.260
3/13/2022,49.24,26.916,24.410,86.2,1.734,1.701,0.254
3/14/2022,60.54,27.248,24.540,85.2,7.793,1.262,0.256
3/15/2022,70.21,26.215,23.901,87.1,2.919,1.511,0.270
3/16/2022,60.69,27.527,24.229,82.3,0.077,1.590,0.284
3/17/2022,81.83,27.731,24.496,82.6,1.099,1.593,0.298
3/18/2022,82.92,27.797,24.284,81.2,0,2.140,0.312
3/19/2022,59.05,28.083,23.567,76.5,0,2.735,0.326
3/20/2022,37.99,28.246,23.235,74.3,0,3.350,0.340
3/21/2022,31.14,27.968,23.400,76.3,0,3.337,0.355
3/22/2022,28.8,27.907,23.878,78.8,0.77,2.461,0.369
3/23/2022,53.42,26.619,23.564,83.4,0.919,2.467,0.383
3/24/2022,43.57,27.840,23.665,78.1,1.934,1.522,0.397
3/25/2022,79.29,27.911,24.400,81.3,0.105,1.132,0.411
3/26/2022,81.97,26.384,23.591,84.7,27.005,1.536,0.375
3/27/2022,65.98,27.214,23.758,81.4,11.149,2.440,0.327
3/28/2022,49.98,27.287,23.650,80.6,11.259,1.852,0.279
3/29/2022,57,27.852,23.801,78.7,0,1.805,0.230
3/30/2022,65.35,28.089,23.533,76.3,0,1.224,0.182
3/31/2022,53.2,27.438,23.733,80.3,0.065,1.582,0.167
4/1/2022,85.73,27.230,23.553,80.4,1.811,1.285,0.201
4/2/2022,71.09,27.473,23.813,80.5,6.976,2.335,0.271
4/3/2022,50.36,26.495,23.440,83.3,13.539,2.011,0.341
4/4/2022,39.52,27.767,23.439,77.3,0.001,1.835,0.412
4/5/2022,63.01,27.019,23.472,81,38.747,1.416,0.482
4/6/2022,64,27.272,23.543,80.1,2.162,1.615,0.552
4/7/2022,63.95,27.502,23.293,77.9,0.05,2.229,0.594
4/8/2022,57.98,27.420,23.253,78,47.999,2.252,0.629
4/9/2022,51.46,27.544,23.217,77.3,0.348,1.258,0.663
4/10/2022,75.89,27.307,23.514,79.8,0.05,1.076,0.698
4/11/2022,69.4,27.024,23.822,82.7,11.857,1.524,0.673
4/12/2022,69.52,27.097,23.764,82,2.934,1.269,0.623
4/13/2022,84.59,27.723,23.516,77.9,0.098,1.221,0.573
4/14/2022,81.79,27.925,23.922,78.9,0.219,1.550,0.523
4/15/2022,62.49,27.826,23.884,79.2,0.695,1.633,0.473
4/16/2022,72.89,28.325,23.786,76.4,0.633,1.228,0.423
4/17/2022,84.96,28.486,24.443,78.8,0.279,2.219,0.373
4/18/2022,61.31,27.886,24.334,81.1,14.218,1.812,0.323
4/19/2022,37.67,27.092,24.100,83.7,1.085,1.741,0.273
4/20/2022,14.02,27.408,23.910,81.3,1.597,2.086,0.388
4/21/2022,53.35,26.014,23.678,87,9.599,1.135,0.719
4/22/2022,71.48,25.972,23.599,86.8,13.151,1.451,0.568
4/23/2022,73.3,27.630,24.247,81.8,0.125,1.253,0.456
4/24/2022,67.57,27.700,24.170,81.1,3.814,1.335,0.471
4/25/2022,61.2,27.690,24.083,80.8,13.175,1.287,0.380
4/26/2022,62.52,28.212,24.130,78.6,1.838,1.509,0.516
4/27/2022,50.88,26.427,23.876,85.9,8.1,2.050,0.458
4/28/2022,36.55,27.182,24.018,82.9,3.165,2.881,0.401
4/29/2022,21.34,27.637,24.334,82.2,0,1.683,0.421
4/30/2022,26.55,26.958,24.420,86,0.232,1.293,0.673
5/1/2022,57.61,27.043,24.314,85.1,0.796,1.269,0.925
5/2/2022,65.12,26.678,24.243,86.5,21.214,1.494,0.526
5/3/2022,50.04,27.806,24.312,81.3,1.98,1.860,0.419
5/4/2022,44.02,27.250,23.980,82.4,0.078,1.402,0.266
5/5/2022,51.15,28.012,24.191,79.8,0.002,1.773,0.337
5/6/2022,38.3,28.228,24.469,80.1,0,1.689,0.421
5/7/2022,37.63,28.005,23.941,78.6,0.035,1.855,0.473
5/8/2022,52.94,29.370,24.167,73.6,0,1.326,0.526
5/9/2022,48.96,27.823,24.766,83.5,0.059,2.140,0.578
5/10/2022,54.51,28.500,24.868,80.7,0.004,1.720,0.551
5/11/2022,57.43,27.775,24.891,84.3,11.702,1.329,0.508
5/12/2022,62.39,28.176,24.278,79.4,6.233,2.413,0.472
5/13/2022,42.9,28.582,24.474,78.5,4.984,1.954,0.435
5/14/2022,50.25,28.126,24.764,82,0.026,1.494,0.553
5/15/2022,75.92,27.592,24.442,83,10.113,1.257,0.515
5/16/2022,66.19,27.307,24.282,83.6,0.23,1.219,0.476
5/17/2022,58.91,27.378,24.507,84.4,0.147,1.349,0.438
5/18/2022,61.23,27.230,24.009,82.6,15.06,1.385,0.443
5/19/2022,69.87,26.762,24.118,85.5,6.239,1.226,0.459
5/20/2022,75.58,26.987,23.711,82.3,8.698,1.262,0.474
5/21/2022,58.65,26.625,24.096,86,1.841,1.642,0.490
5/22/2022,56.66,26.646,24.158,86.3,0,1.917,0.506
5/23/2022,65.95,27.740,23.962,79.9,0,2.979,0.522
5/24/2022,63.51,27.747,24.308,81.6,0,2.698,0.538
5/25/2022,69.27,26.437,23.967,86.3,1.811,1.771,0.554
5/26/2022,65.06,26.256,23.755,86.1,0.707,1.605,0.569
5/27/2022,71.87,27.621,23.592,78.7,1.5,1.085,0.585
5/28/2022,70.15,26.281,23.098,82.7,16.576,1.377,0.601
5/29/2022,67.09,27.190,23.331,79.5,20.896,1.690,0.603
5/30/2022,48.92,26.650,23.447,82.6,0.033,1.335,0.604
5/31/2022,62,26.351,23.579,84.8,1.026,1.854,0.606
6/1/2022,52.75,27.533,23.616,79.3,0.632,1.572,0.608
6/2/2022,48.36,26.623,23.827,84.7,14.485,1.217,0.609
6/3/2022,51.87,27.209,23.388,79.7,2.467,1.171,0.611
6/4/2022,67.55,27.074,23.528,81,0.073,1.299,0.612
6/5/2022,64.65,26.610,23.248,81.8,0.268,1.380,0.614
6/6/2022,67.01,25.738,22.946,84.6,1.328,1.539,0.616
6/7/2022,61.35,26.582,23.441,82.9,1.527,2.372,0.503
6/8/2022,58.97,26.404,23.919,86.2,11.865,1.691,0.362
6/9/2022,57.82,25.507,23.485,88.6,6.255,1.148,0.304
6/10/2022,55.18,27.506,23.504,78.8,0.1,1.265,0.301
6/11/2022,55.06,26.588,23.713,84.3,2.243,1.373,0.297
6/12/2022,62.19,26.716,23.441,82.3,0.214,1.218,0.299
6/13/2022,63.61,26.625,23.677,83.9,0.05,1.089,0.303
6/14/2022,44.41,26.876,23.343,81,0.015,1.416,0.308
6/15/2022,53.98,25.764,23.364,86.6,6.97,1.838,0.083
6/16/2022,92.22,26.055,23.415,85.4,0,0.911,0.333
6/17/2022,76.63,25.519,23.359,87.9,0.138,1.299,0.339
6/18/2022,86.24,26.213,22.721,81.1,0.009,1.249,0.345
6/19/2022,81.08,26.973,23.137,79.6,0.004,1.506,0.306
6/20/2022,81.35,26.393,23.119,82.2,0.946,1.132,0.199
6/21/2022,83.22,26.943,23.537,81.7,0,1.876,0.247
6/22/2022,74.45,26.990,23.547,81.5,9.246,2.001,0.122
6/23/2022,84.88,27.140,22.780,77.1,0.006,1.479,0.101
6/24/2022,85.69,26.394,23.139,82.3,0.028,1.748,0.120
6/25/2022,96.3,26.433,23.506,84,1.678,1.015,0.139
6/26/2022,82.04,26.090,23.784,87.1,0.254,1.299,0.293
6/27/2022,75.16,26.558,23.813,84.9,11.875,0.979,0.391
6/28/2022,62.17,27.173,23.234,79.1,0.24,1.447,0.363
6/29/2022,49.18,26.977,22.171,75,0,1.499,0.448
6/30/2022,36.19,26.748,21.952,75,0,1.460,0.451
7/1/2022,23.2,27.048,21.928,73.6,0,1.759,0.332
7/2/2022,10.21,27.451,23.177,77.6,0.067,1.035,0.212
7/3/2022,9.79,27.332,24.138,82.7,24.796,1.688,0.093
7/4/2022,9.09,27.771,24.213,81,0.323,2.953,0.369
7/5/2022,7.97,27.430,24.082,82,0.047,1.483,0.394
7/6/2022,25.98,26.455,23.961,86.2,35.284,1.123,0.539
7/7/2022,41.23,27.642,23.944,80.3,0.061,1.229,0.524
7/8/2022,45.27,27.210,22.921,77.4,0,1.412,0.508
7/9/2022,55.72,26.702,22.222,76.5,0,1.184,0.493
7/10/2022,58.79,26.868,21.978,74.6,0,1.954,0.409
7/11/2022,62.96,27.609,22.817,75.2,0,1.940,0.308
7/12/2022,71.26,26.876,23.683,82.7,0.173,1.380,0.324
7/13/2022,69.64,25.966,23.647,87.1,1.999,2.137,0.339
7/14/2022,68.05,27.159,24.012,83,0.015,3.123,0.355
7/15/2022,57.85,26.333,23.597,84.9,12.039,1.329,0.371
7/16/2022,49.66,25.484,22.730,84.8,44.386,1.649,0.386
7/17/2022,51.69,26.455,23.760,85.2,0,2.094,0.402
7/18/2022,64.27,27.391,23.671,80.2,0.004,1.732,0.325
7/19/2022,75.16,27.651,23.872,79.9,0,1.742,0.225
7/20/2022,73.95,27.047,23.699,82,0,1.867,0.238
7/21/2022,82.01,27.454,23.203,77.7,0,1.449,0.230
7/22/2022,89.16,26.866,23.425,81.5,0.055,2.044,0.222
7/23/2022,80.46,27.141,23.621,81.1,0.048,1.562,0.214
7/24/2022,63.25,26.932,23.640,82.2,0.251,1.104,0.206
7/25/2022,64.76,27.060,23.151,79.2,1.162,1.172,0.198
7/26/2022,67.1,27.168,22.128,74,0,2.279,0.191
7/27/2022,77.79,27.086,22.268,75,0,2.091,0.174
7/28/2022,88.83,27.739,23.447,77.5,0,2.981,0.155
7/29/2022,76.38,27.159,23.543,80.7,0.433,2.129,0.135
7/30/2022,67.44,27.283,23.498,79.8,0,1.848,0.116
7/31/2022,78.45,27.342,23.339,78.8,0,2.884,0.095
8/1/2022,81.41,27.338,23.367,79,0,2.407,0.062
8/2/2022,70.71,27.720,23.415,77.4,0,1.832,0.063
8/3/2022,89.37,26.846,23.718,83,1.183,1.712,0.073
8/4/2022,83.23,26.499,23.657,84.4,22.657,1.005,0.082
8/5/2022,59.71,26.399,23.196,82.6,11.935,1.500,0.092
8/6/2022,55.95,26.935,22.955,78.9,1.95,1.137,0.105
8/7/2022,83.33,26.582,22.824,79.9,0.74,1.378,0.118
8/8/2022,71.34,27.626,22.812,75.1,0,1.200,0.131
8/9/2022,61.23,27.512,22.891,75.9,5.582,1.197,0.014
8/10/2022,69.47,27.627,23.151,76.6,0.005,1.561,0.145
8/11/2022,80.4,28.028,23.661,77.2,0.043,1.462,0.215
8/12/2022,75.56,27.075,23.503,80.9,0.414,1.215,0.244
8/13/2022,65.98,27.296,23.194,78.3,0.052,1.649,0.274
8/14/2022,71.36,26.780,23.079,80.2,0.465,1.734,0.304
8/15/2022,62.88,26.639,23.227,81.6,0.321,1.334,0.333
8/16/2022,64.33,27.001,23.348,80.4,0.242,1.206,0.363
8/17/2022,72.55,27.236,23.565,80.4,2.558,1.970,0.392
8/18/2022,65.11,27.780,22.181,71.6,0,2.328,0.422
8/19/2022,67.83,28.113,22.698,72.5,0,2.386,0.373
8/20/2022,68.59,27.840,22.993,75,0.007,1.810,0.324
8/21/2022,68.91,26.769,23.154,80.6,1.697,1.458,0.275
8/22/2022,64.27,26.636,23.405,82.5,0,1.290,0.225
8/23/2022,74.24,27.819,23.134,75.7,0,1.662,0.201
8/24/2022,84.68,27.534,23.168,77.1,0.114,1.465,0.213
8/25/2022,80.47,27.197,22.432,75.2,0.013,1.720,0.225
8/26/2022,81.18,27.550,22.378,73.5,0.004,1.292,0.237
8/27/2022,100.68,26.947,23.043,79.2,0.484,1.525,0.113
8/28/2022,78.09,26.391,23.487,84.1,0.476,1.779,0.174
8/29/2022,67.85,27.136,22.791,77.2,0.186,1.217,0.165
8/30/2022,66.88,27.428,23.051,77.1,0,1.477,0.210
8/31/2022,80.15,27.639,23.455,78,0.081,2.037,0.240
9/1/2022,87.01,26.893,23.851,83.5,0.708,2.083,0.260
9/2/2022,72.81,27.390,23.162,77.8,2.037,2.037,0.281
9/3/2022,69.09,27.216,22.358,74.8,0.07,2.722,0.301
9/4/2022,45.54,27.614,23.165,76.8,0.218,1.573,1.003
9/5/2022,58.89,27.683,23.596,78.5,0.047,1.942,0.746
9/6/2022,70.24,27.083,23.781,82.2,1.899,2.021,0.591
9/7/2022,57.44,26.571,23.674,84.2,16.596,1.373,0.436
9/8/2022,65.99,25.430,23.232,87.7,3.988,1.222,0.890
9/9/2022,76.88,25.715,22.974,84.9,41.148,1.893,0.293
9/10/2022,65.76,25.804,23.176,85.4,2.43,1.272,0.202
9/11/2022,65.08,26.564,23.352,82.6,9.471,1.346,0.635
9/12/2022,57.47,26.491,23.272,82.5,0.316,1.593,0.401
9/13/2022,63.67,27.242,22.632,76,0.045,1.473,0.312
9/14/2022,77.44,27.314,22.673,75.8,0.001,1.321,0.347
9/15/2022,79.38,27.653,22.838,75.1,0,1.147,0.562
9/16/2022,76.46,27.315,23.221,78.4,0.479,1.258,0.431
9/17/2022,73.8,27.783,23.395,77.1,0,1.578,0.849
9/18/2022,85.64,27.854,23.610,77.7,0.398,1.117,0.489
9/19/2022,89.91,27.023,23.207,79.7,0.798,1.715,0.280
9/20/2022,76.44,27.499,22.762,75.4,0,1.303,0.687
9/21/2022,76.99,27.471,23.329,78.2,1.301,1.585,0.951
9/22/2022,73.43,26.901,23.632,82.3,9.393,1.224,0.746
9/23/2022,74.71,26.390,23.679,85.1,1.276,1.522,0.465
9/24/2022,70.43,27.101,23.372,80.1,0,1.757,0.897
9/25/2022,62.68,27.797,23.413,77.1,0,1.314,0.431
9/26/2022,69.76,27.906,23.211,75.7,5.15,1.397,0.318
9/27/2022,66.42,27.850,22.907,74.5,0.002,1.513,0.836
9/28/2022,66.64,28.183,22.577,71.6,0.004,1.279,0.187
9/29/2022,74.74,27.922,23.000,74.6,0.038,2.107,0.771
9/30/2022,80.65,27.770,23.503,77.6,0,2.736,0.175
10/1/2022,73.3,27.792,23.754,78.7,0.035,1.684,0.332
10/2/2022,57.45,26.686,23.807,84.3,25.465,1.424,0.286
10/3/2022,54.01,27.040,23.762,82.3,1.234,1.709,0.521
10/4/2022,60.23,26.466,23.654,84.6,17.736,1.150,0.804
10/5/2022,55.58,26.334,23.738,85.7,2.268,1.692,0.512
10/6/2022,62.54,26.326,23.789,86,22.589,1.622,0.449
10/7/2022,60.38,26.037,23.231,84.6,6.509,2.462,0.608
10/8/2022,50.93,26.966,23.369,80.7,0.067,1.555,0.698
10/9/2022,57.4,26.954,23.336,80.6,1.143,1.348,1.113
10/10/2022,61.13,26.992,23.437,80.9,0.035,1.166,0.639
10/11/2022,72.51,26.367,23.519,84.4,15.617,1.101,0.596
10/12/2022,78.48,26.626,23.339,82.2,0.69,1.737,0.615
10/13/2022,66.42,26.633,23.493,82.9,34.444,1.138,0.634
10/14/2022,60.95,27.157,23.602,80.9,0.123,1.151,0.653
10/15/2022,60.3,26.981,23.819,82.9,5.855,0.969,0.671
10/16/2022,60.92,27.590,23.980,80.7,3.817,1.247,0.690
10/17/2022,64.44,27.521,23.985,81.1,1.591,0.912,0.584
10/18/2022,69,26.757,24.016,85,0.33,1.178,0.252
10/19/2022,68.39,26.487,23.956,86,8.052,0.736,0.264
10/20/2022,70.99,26.579,23.881,85.2,0.075,1.147,0.275
10/21/2022,55.76,27.251,23.632,80.6,0.142,1.339,0.287
10/22/2022,52.46,27.322,23.907,81.7,0.051,1.471,0.299
10/23/2022,60.44,27.189,23.858,82.1,68.052,2.849,0.311
10/24/2022,34.9,26.957,23.705,82.4,0.01,3.312,0.323
10/25/2022,35.1,26.116,23.665,86.4,1.711,3.293,0.335
10/26/2022,35.31,26.226,23.648,85.7,12.982,2.211,0.347
10/27/2022,35.51,27.096,22.755,77.2,0,1.718,0.223
10/28/2022,35.72,28.049,21.945,69.5,0,2.121,0.157
10/29/2022,35.92,27.307,22.887,76.8,0,1.379,0.151
10/30/2022,36.12,27.849,22.852,74.3,0,1.834,0.145
10/31/2022,36.33,27.646,23.440,77.9,0.001,1.550,0.140
11/1/2022,36.53,27.718,23.382,77.3,0,1.522,0.134
11/2/2022,36.74,27.626,24.027,80.8,0.3,1.480,0.129
11/3/2022,36.94,27.320,24.004,82.1,0.195,1.331,0.124
11/4/2022,37.14,27.047,23.726,82.1,12.274,1.136,0.118
11/5/2022,74.88,26.655,23.742,84.1,0.444,1.520,0.282
11/6/2022,68.78,26.822,23.755,83.3,0,1.232,0.406
11/7/2022,58.71,26.258,23.709,85.9,6.756,1.274,0.389
11/8/2022,75.09,25.987,23.738,87.4,3.786,1.465,0.372
11/9/2022,76.26,26.789,23.189,80.7,0,1.511,0.388
11/10/2022,60.81,26.597,23.633,83.8,10.419,2.529,0.413
11/11/2022,57.54,26.938,23.409,81,2.019,3.158,0.437
11/12/2022,38.17,26.452,23.673,84.7,4.161,1.374,0.461
11/13/2022,47.66,26.177,23.732,86.4,2.718,1.165,0.699
11/14/2022,40.25,27.206,23.906,82.2,0.342,1.335,1.257
11/15/2022,22.2,27.285,23.795,81.3,0,1.896,1.274
11/16/2022,4.15,27.397,24.037,81.9,0.022,1.782,1.192
11/17/2022,52.28,25.593,22.649,83.8,52.675,2.593,1.110
11/18/2022,44.73,26.789,23.069,80.1,0.102,2.896,1.028
11/19/2022,47.39,27.507,23.134,77.1,0.017,4.014,0.945
11/20/2022,45.52,27.621,22.623,74.2,0,4.167,0.863
11/21/2022,30.58,27.820,22.993,75.1,0.008,3.308,0.524
11/22/2022,35.97,27.962,23.065,74.8,0,3.266,0.540
11/23/2022,37.59,27.299,23.318,78.9,1.455,2.454,0.557
11/24/2022,51.81,26.675,23.358,82.1,8.207,2.761,0.341
11/25/2022,51.94,27.129,23.184,79.1,0.117,1.543,0.427
11/26/2022,88.57,26.637,23.249,81.7,10.906,1.231,0.386
11/27/2022,81.13,27.425,23.391,78.7,0.781,1.289,0.476
11/28/2022,82.53,26.799,23.598,82.6,8.423,1.346,0.516
11/29/2022,66.48,27.451,23.483,79,5.216,1.417,0.480
11/30/2022,62.95,26.843,23.549,82.2,0.169,1.248,0.877
12/1/2022,68.81,27.181,23.549,80.6,0.107,1.264,0.770
12/2/2022,66.83,26.627,23.102,81,1.653,1.335,0.355
12/3/2022,70.43,27.020,23.180,79.6,0.317,1.219,0.466
12/4/2022,77.63,26.724,23.485,82.5,0.088,1.101,0.457
12/5/2022,73.64,26.914,23.621,82.2,1.083,1.399,0.547
12/6/2022,76.39,26.634,23.801,84.5,0.766,1.291,1.189
12/7/2022,69.74,26.731,23.878,84.4,0.322,1.434,0.663
12/8/2022,72.17,27.052,23.640,81.6,3.672,1.015,0.876
12/9/2022,73.64,26.402,23.133,82.3,9.7,2.276,0.480
12/10/2022,58.7,27.473,23.083,77,0.711,1.940,0.592
12/11/2022,56.93,27.017,23.243,79.9,0.106,2.917,0.543
12/12/2022,40.57,27.145,23.151,78.8,1.875,2.511,0.565
12/13/2022,34.4,27.201,23.110,78.4,0,3.250,0.221
12/14/2022,31.65,27.458,23.406,78.6,0.005,2.960,0.292
12/15/2022,34.18,27.940,23.048,74.8,0.568,2.472,0.665
12/16/2022,50.42,26.643,23.427,82.6,3.049,1.590,0.627
12/17/2022,73.31,27.011,23.848,82.9,1.285,1.485,0.409
12/18/2022,89.71,27.162,24.057,83.2,1.91,1.438,0.301
12/19/2022,88.33,27.712,23.636,78.5,0,1.207,0.633
12/20/2022,94.89,26.951,23.995,83.9,0.798,1.689,0.509
12/21/2022,68.96,27.186,23.651,81.1,0.382,2.642,0.315
12/22/2022,63.99,26.520,23.266,82.4,24.219,4.041,0.327
12/23/2022,45.25,26.733,22.881,79.5,6.008,3.252,0.340
12/24/2022,64.04,26.879,23.391,81.2,0.433,3.218,0.352
12/25/2022,63.54,25.940,23.349,85.7,13.728,3.132,0.365
12/26/2022,52.86,25.479,23.138,86.9,5.007,3.200,0.377
12/27/2022,55.93,25.919,22.558,81.7,0.958,2.984,0.390
12/28/2022,47.4,25.323,22.722,85.5,20.022,4.474,0.402
12/29/2022,39.58,25.613,23.260,86.9,9.806,3.987,0.415
12/30/2022,50.68,25.560,23.513,88.5,4.021,3.360,0.422
12/31/2022,65.58,25.258,23.011,87.4,24.772,3.998,0.422
1/1/2023,58.21,25.977,23.187,84.6,115.222,3.180,0.422
1/2/2023,49.59,26.514,23.186,82,1.034,3.878,0.422
1/3/2023,51.12,25.586,23.012,85.7,0.213,3.635,0.422
1/4/2023,44.28,25.945,22.870,83.2,5.566,2.721,0.325
1/5/2023,61.12,26.991,22.524,76.6,30.844,3.027,0.615
1/6/2023,52.1,27.646,22.701,74.5,1.11,3.559,0.549
1/7/2023,36.06,27.631,23.097,76.4,0.013,3.432,0.483
1/8/2023,42.75,26.899,23.163,80,2.544,3.079,0.416
1/9/2023,38.4,27.615,23.381,77.8,0.002,2.698,0.350
1/10/2023,50.61,27.564,23.382,78,0,2.468,0.333
1/11/2023,53.45,27.646,23.269,77.1,0.035,1.182,0.324
1/12/2023,74.03,28.151,23.521,76,0,1.261,0.314
1/13/2023,75.94,26.869,23.725,82.9,0.054,1.465,0.305
1/14/2023,74.96,27.542,23.550,78.9,0,1.703,0.213
1/15/2023,61.55,28.013,22.811,73.4,0,3.114,0.234
1/16/2023,46.3,27.333,23.319,78.8,0,3.013,0.413
1/17/2023,38.48,26.025,23.419,85.6,0.008,2.860,0.283
1/18/2023,28.14,26.054,23.362,85.1,0.171,1.932,0.246
1/19/2023,78.82,25.999,23.324,85.2,3.937,2.530,0.209
1/20/2023,57.75,26.731,23.060,80.3,0.617,2.504,0.352
1/21/2023,54.81,26.835,23.511,82,0.162,2.549,0.345
1/22/2023,55.4,26.997,23.459,81,0.004,3.288,0.339
1/23/2023,36.38,26.924,23.337,80.8,0.035,4.009,0.470
1/24/2023,39.43,27.060,22.993,78.5,0.073,4.524,0.209
1/25/2023,45.36,25.652,22.714,83.8,0.519,3.025,0.300
1/26/2023,53.32,27.174,23.144,78.7,10.949,3.006,0.315
1/27/2023,57.63,26.409,23.723,85.2,3.51,2.237,0.345
1/28/2023,53.61,25.578,23.533,88.5,39.463,1.750,0.356
1/29/2023,62.19,26.112,23.647,86.3,6.852,2.646,0.432
1/30/2023,55.04,27.101,23.384,80.2,0.095,2.601,0.254
1/31/2023,66.92,26.837,24.098,85,0.1,2.656,0.403
2/1/2023,63.32,26.517,24.111,86.7,71.264,2.000,0.219
2/2/2023,59.19,26.018,23.875,88,0.404,2.060,0.558
2/3/2023,53.05,26.283,23.423,84.3,10.142,1.505,0.449
2/4/2023,63.34,26.911,23.340,80.8,0,2.041,0.465
2/5/2023,62.68,27.552,22.197,72.6,0.41,4.044,0.790
2/6/2023,54.34,27.666,22.707,74.4,0,2.759,0.563
2/7/2023,57.29,26.499,23.845,85.4,0.266,1.729,0.445
2/8/2023,48.46,26.821,22.906,79.2,42.382,2.348,0.346
2/9/2023,50.85,26.717,22.541,77.9,9.608,4.030,0.420
2/10/2023,39.1,26.877,23.189,80.3,0.561,3.051,0.456
2/11/2023,46.89,25.329,23.643,90.4,28.248,2.225,0.385
2/12/2023,33.23,24.889,22.933,88.9,22.839,2.794,0.645
2/13/2023,29.8,26.718,23.241,81.3,2.159,3.704,0.488
2/14/2023,30.31,26.417,23.043,81.7,0.205,4.272,0.619
2/15/2023,30.82,26.076,23.256,84.5,5.534,3.465,0.464
2/16/2023,42.93,25.640,23.332,87.1,21.324,3.426,0.308
2/17/2023,51.58,26.260,23.280,83.7,2.161,2.223,0.153
2/18/2023,65.39,26.609,23.700,84.1,4.176,1.903,0.456
2/19/2023,72.97,26.778,23.842,84,0.38,2.716,0.240
2/20/2023,61.48,26.876,23.389,81.2,5.045,3.571,0.369
2/21/2023,43.59,26.132,23.400,84.9,16.47,2.979,0.482
2/22/2023,43.62,25.791,23.621,87.8,5.841,2.801,0.396
2/23/2023,51.93,25.687,23.617,88.4,57.322,2.722,0.569
2/24/2023,41.2,25.408,23.843,91.1,78.072,2.651,0.376
2/25/2023,53.23,26.040,23.298,84.9,32.45,3.009,0.229
2/26/2023,53.26,25.796,23.717,88.3,43.856,3.452,0.623
2/27/2023,48.73,25.759,23.305,86.3,26.143,3.639,0.477
2/28/2023,57.15,25.627,23.406,87.6,26.438,3.196,0.404
3/1/2023,52.98,25.660,23.424,87.52419355,42.69,3.161,0.380
3/2/2023,51.74,25.693,23.442,87.4483871,34.254,3.126,0.356
3/3/2023,52.51,25.727,23.460,87.37258065,23.156,3.091,0.332
3/4/2023,49.9,25.760,23.478,87.29677419,1.63,3.056,0.308
3/5/2023,49.68,25.793,23.496,87.22096774,3.083,3.021,0.285
3/6/2023,52.32,25.827,23.514,87.14516129,0,2.985,0.355
3/7/2023,48.84,25.860,23.532,87.06935484,1.165,2.950,0.487
3/8/2023,54.74,25.893,23.550,86.99354839,29.681,2.915,0.563
3/9/2023,64.16,25.926,23.568,86.91774194,12.955,2.880,0.552
3/10/2023,57.19,25.960,23.586,86.84193548,0.088,2.845,0.541
3/11/2023,66.67,25.993,23.604,86.76612903,0.688,2.810,0.531
3/12/2023,83.48,26.026,23.621,86.69032258,0.141,2.775,0.520
3/13/2023,77.08,26.060,23.639,86.61451613,1.65,2.740,0.509
3/14/2023,9.37,26.093,23.657,86.53870968,23.094,2.705,0.499
3/15/2023,54.49,26.126,23.675,86.46290323,23.954,2.670,0.488
3/16/2023,81.12,26.159,23.693,86.38709677,0,2.634,0.477
3/17/2023,72.08,26.193,23.711,86.31129032,0,2.599,0.467
3/18/2023,63.37,26.226,23.729,86.23548387,0,2.564,0.456
3/19/2023,67.39,26.259,23.747,86.15967742,0,2.529,0.445
3/20/2023,75.3,26.293,23.765,86.08387097,0.364,2.494,0.435
3/21/2023,79.21,26.326,23.783,86.00806452,0,2.459,0.424
3/22/2023,69.73,26.359,23.801,85.93225806,0.122,2.424,0.413
3/23/2023,57.17,26.392,23.819,85.85645161,0.078,2.389,0.403
3/24/2023,57.71,26.426,23.837,85.78064516,0.311,2.354,0.392
3/25/2023,72.44,26.459,23.855,85.70483871,18.298,2.318,0.381
3/26/2023,69.42,26.492,23.873,85.62903226,2.663,2.283,0.233
3/27/2023,56.38,26.526,23.891,85.55322581,6.447,2.248,0.230
3/28/2023,68.73,26.559,23.909,85.47741935,0.077,2.213,0.227
3/29/2023,74.28,26.592,23.927,85.4016129,4.716,2.178,0.224
3/30/2023,72.05,26.625,23.945,85.32580645,9.607,2.143,0.222
3/31/2023,63.82,26.659,23.963,85.25,1.756,2.108,0.219
4/1/2023,52.18,26.692,23.981,85.17419355,0.718,2.073,0.216
4/2/2023,39.5,26.725,23.999,85.0983871,0,2.038,0.213
4/3/2023,66.73,26.759,24.017,85.02258065,7.702,2.003,0.179
4/4/2023,67.15,26.792,24.035,84.94677419,0,1.967,0.454
4/5/2023,60.37,26.825,24.052,84.87096774,0,1.932,0.735
4/6/2023,67.43,26.858,24.070,84.79516129,0,1.897,0.586
4/7/2023,57.15,26.892,24.088,84.71935484,0,1.862,0.757
4/8/2023,78.91,26.925,24.106,84.64354839,0.001,1.827,0.557
4/9/2023,83.14,26.958,24.124,84.56774194,0.033,1.792,0.545
4/10/2023,53.05,26.992,24.142,84.49193548,2.582,1.757,0.455
4/11/2023,42.5,27.025,24.160,84.41612903,0.471,1.722,0.753
4/12/2023,31.95,27.058,24.178,84.34032258,0.652,1.687,0.628
4/13/2023,37.13,27.091,24.196,84.26451613,0.134,1.652,0.350
4/14/2023,50.12,27.125,24.214,84.18870968,35.081,1.616,0.600
4/15/2023,65.2,27.158,24.232,84.11290323,0.77,1.581,0.691
4/16/2023,65.52,27.191,24.250,84.03709677,12.93,1.546,0.544
4/17/2023,52.69,27.225,24.268,83.96129032,0,1.511,0.412
4/18/2023,65.02,27.258,24.286,83.88548387,14.58,1.476,0.342
4/19/2023,73.49,27.291,24.304,83.80967742,11.999,1.441,0.272
4/20/2023,70.33,27.324,24.322,83.73387097,1.552,1.406,0.312
4/21/2023,75.46,27.358,24.340,83.65806452,1.201,1.371,0.429
4/22/2023,72.42,27.391,24.358,83.58225806,0.307,1.336,0.512
4/23/2023,70.54,27.424,24.376,83.50645161,2.036,1.300,0.501
4/24/2023,72.35,27.458,24.394,83.43064516,11.728,1.265,0.487
4/25/2023,61.41,27.491,24.412,83.35483871,0.174,1.230,0.369
4/26/2023,55.44,27.524,24.430,83.27903226,0.5,1.195,0.426
4/27/2023,66.94,27.557,24.448,83.20322581,0.01,1.160,0.359
4/28/2023,61.31,27.591,24.465,83.12741935,7.657,1.125,0.292
4/29/2023,71.35,27.624,24.483,83.0516129,0,1.090,0.294
4/30/2023,88.36,27.657,24.501,82.97580645,0.001,1.055,0.536
5/1/2023,74.93,27.691,24.519,82.9,0.697,1.020,0.888
5/2/2023,92.28,28.046,24.741,82.3,0.193,1.565,0.501
5/3/2023,89.92,27.825,24.883,84.1,0.078,1.305,0.527
5/4/2023,60.23,27.794,24.820,83.9,14.515,1.377,0.554
5/5/2023,61.22,27.677,24.535,83,25.077,1.443,0.363
5/6/2023,72.19,28.199,24.395,79.9,21.724,0.780,0.499
5/7/2023,77.46,27.236,24.633,85.7,17.74,1.599,0.240
5/8/2023,76.93,27.683,24.148,81.1,0,1.290,0.394
5/9/2023,69.28,28.589,24.945,80.7,0.01,1.647,0.501
5/10/2023,92.15,28.714,25.016,80.5,0,2.415,0.608
5/11/2023,95.4,28.392,24.502,79.5,0,3.914,0.439
5/12/2023,60.55,28.987,24.950,78.9,0.008,3.061,1.031
5/13/2023,57.63,28.003,24.583,81.7,10.719,1.263,0.700
5/14/2023,67.93,28.206,23.062,73.7,0.345,1.244,0.570
5/15/2023,72.68,28.235,23.147,73.9,0,1.392,0.572
5/16/2023,81.37,28.116,23.383,75.5,0,1.566,0.575
5/17/2023,83.68,28.353,23.059,73.1,0,1.498,0.577
5/18/2023,93.67,27.763,23.595,78.1,0,1.378,0.580
5/19/2023,91.22,27.887,23.815,78.6,0.015,1.306,0.583
5/20/2023,98.09,28.216,24.055,78.2,0,1.736,0.585
5/21/2023,98.46,27.664,23.911,80.1,2.206,1.520,0.588
5/22/2023,96.4,27.922,23.875,78.7,0.611,1.299,0.591
5/23/2023,106.21,27.908,23.686,77.9,0.053,1.344,0.593
5/24/2023,99.65,27.774,23.913,79.5,0,1.323,0.596
5/25/2023,102.21,28.245,23.814,76.9,0,1.149,0.598
5/26/2023,100.96,28.592,23.422,73.6,0,1.845,0.462
5/27/2023,99.71,28.077,23.413,75.8,7.265,1.269,0.475
5/28/2023,98.46,28.124,23.793,77.4,8.807,1.032,0.489
5/29/2023,97.21,28.382,23.955,77,0.172,1.109,0.503
5/30/2023,95.95,27.813,23.874,79.2,0.104,1.266,0.517
5/31/2023,94.7,28.470,23.092,72.7,0,1.345,0.531
6/1/2023,93.45,28.308,23.353,74.6,0,1.762,0.545
6/2/2023,94.56,28.526,23.706,75.2,0,2.289,0.559
6/3/2023,98.41,28.486,24.249,77.9,0,1.694,0.564
6/4/2023,88.17,28.150,23.703,76.8,0,1.065,0.536
6/5/2023,86.78,28.024,23.700,77.4,2.056,1.383,0.508
6/6/2023,84.88,26.987,23.567,81.6,1.758,1.409,0.480
6/7/2023,85.32,27.510,24.016,81.3,0.249,1.855,0.452
6/8/2023,87.35,27.851,23.659,78,0,2.321,0.423
6/9/2023,86.37,28.147,23.294,75,0,1.963,0.557
6/10/2023,78.16,28.052,23.070,74.4,0,1.390,0.020
6/11/2023,89.76,28.107,22.633,72.2,0,1.722,0.020
6/12/2023,91.16,28.336,23.537,75.3,0.152,2.274,0.427
6/13/2023,24.9,28.393,24.110,77.7,1.286,1.840,0.257
6/14/2023,86.6,27.258,24.006,82.5,0.022,1.612,0.088
6/15/2023,95.09,27.623,23.794,79.7,0.128,1.868,0.211
6/16/2023,91.7,25.594,23.459,88,27.481,1.879,0.059
6/17/2023,84.82,27.023,23.787,82.5,0,1.528,0.109
6/18/2023,93.31,27.652,24.236,81.7,0.077,1.901,0.221
6/19/2023,74.6,26.529,23.774,84.9,20.783,1.653,0.333
6/20/2023,76.19,27.855,23.955,79.4,0,1.916,0.275
6/21/2023,89.75,27.695,24.181,81.2,0.077,0.897,0.218
6/22/2023,101.01,27.879,24.201,80.4,1.296,1.684,0.630
6/23/2023,87.35,27.948,23.679,77.6,0.385,1.269,0.409
6/24/2023,77.77,28.037,23.761,77.6,2.22,1.103,0.279
6/25/2023,80.4,26.611,23.699,84.1,17.075,1.397,0.283
6/26/2023,87.74,26.972,23.219,80,0,1.263,0.076
6/27/2023,95.02,27.414,23.378,78.7,6.356,1.068,0.600
6/28/2023,78.86,28.007,23.084,74.6,0.202,1.435,0.377
6/29/2023,57.74,28.076,23.422,75.9,32.294,1.072,0.299
6/30/2023,61.86,28.353,23.497,75,0,1.156,0.365
7/1/2023,77.61,28.051,23.331,75.6,0.035,1.132,0.274
7/2/2023,91.94,27.279,23.768,81.2,0,1.731,0.183
7/3/2023,81.97,27.804,23.171,75.9,0,1.224,0.091
7/4/2023,85.18,27.963,23.183,75.3,0,1.472,0.211
7/5/2023,90.45,27.968,23.554,77,0.192,0.998,0.122
7/6/2023,108.81,26.545,23.852,85.2,4.324,1.411,0.506
7/7/2023,99.79,26.091,23.680,86.6,4.292,1.485,0.169
7/8/2023,86.59,26.652,23.657,83.7,1.943,1.816,0.291
7/9/2023,72.27,27.815,23.390,76.9,0,2.904,0.148
7/10/2023,69.87,27.212,23.709,81.2,0.49,2.387,0.006
7/11/2023,75.15,27.523,23.042,76.6,0,1.564,0.051
7/12/2023,78.6,27.894,22.991,74.7,1.207,1.261,0.096
7/13/2023,45.08,27.778,22.629,73.6,0.014,1.521,0.155
7/14/2023,96.06,27.681,23.136,76.3,0.019,1.183,0.214
7/15/2023,86.72,27.717,23.195,76.4,0,1.474,0.273
7/16/2023,77.99,27.302,23.411,79.3,0,1.257,0.332
7/17/2023,77.38,27.436,22.401,74,0,2.414,0.392
7/18/2023,75.58,27.045,21.410,71.3,0,2.439,0.451
7/19/2023,73.77,27.319,20.938,68.2,0,1.777,0.510
7/20/2023,71.96,27.365,20.114,64.6,0,1.533,0.545
7/21/2023,70.15,27.713,21.963,70.9,0,1.796,0.485
7/22/2023,68.34,27.753,21.954,70.7,0,1.894,0.424
7/23/2023,66.54,27.790,22.596,73.4,0,2.279,0.364
7/24/2023,64.73,26.418,23.147,82.3,0.835,1.474,0.304
7/25/2023,62.92,27.080,23.356,80.1,0,1.301,0.243
7/26/2023,104.2,27.357,23.128,77.7,0.261,1.481,0.183
7/27/2023,101.21,27.955,22.148,70.7,0,1.530,0.161
7/28/2023,109.48,27.715,20.989,66.8,0,2.585,0.195
7/29/2023,97.09,27.192,21.245,70,0,2.889,0.230
7/30/2023,93.51,27.220,20.789,68,0,2.331,0.264
7/31/2023,90.57,27.104,20.626,67.7,0,3.037,0.298
8/1/2023,84.73,27.998,21.603,68.3,0,3.097,0.333
8/2/2023,76.82,27.735,23.294,76.8,1.38,1.631,0.367
8/3/2023,85.24,27.632,23.671,79.1,0.125,1.740,0.401
8/4/2023,92.56,28.076,23.547,76.5,0,2.165,0.436
8/5/2023,87.25,27.775,22.257,72,0,2.018,0.470
8/6/2023,84.03,27.657,22.360,72.9,0,1.582,0.422
8/7/2023,107.57,27.726,23.053,75.7,0.2,1.928,0.352
8/8/2023,103.24,27.570,23.169,77,0,2.483,0.283
8/9/2023,85.36,27.652,22.846,75.1,0,3.077,0.214
8/10/2023,85.56,27.512,22.619,74.7,0,2.081,0.408
8/11/2023,97.41,27.396,22.020,72.5,0.1,1.894,0.560
8/12/2023,95.74,27.003,20.947,69.5,0,2.327,0.540
8/13/2023,88.41,27.244,21.538,71,0,2.214,0.519
8/14/2023,81.33,27.329,21.578,70.9,0,2.016,0.499
8/15/2023,88.73,27.805,21.963,70.6,0,1.786,0.479
8/16/2023,96.08,27.707,21.867,70.6,0,1.853,0.459
8/17/2023,93.78,27.757,21.664,69.5,0,2.077,0.438
8/18/2023,70.19,27.848,21.706,69.3,0,1.782,0.418
8/19/2023,74.83,27.928,22.191,71,0,2.498,0.398
8/20/2023,82.62,28.457,22.545,70.4,0,1.846,0.378
8/21/2023,82.32,27.702,21.532,69.1,0,2.193,0.357
8/22/2023,85.5,27.726,21.548,69.1,0,2.174,0.337
8/23/2023,95.63,27.857,22.042,70.7,0,2.114,0.404
8/24/2023,93.32,27.956,22.509,72.3,0,2.645,0.424
8/25/2023,88.2,28.460,22.795,71.4,0,1.502,0.411
8/26/2023,84.27,28.387,22.659,71.2,0,1.472,0.399
8/27/2023,82.91,27.671,22.863,75.1,2.849,1.418,0.386
8/28/2023,94.99,27.585,21.890,71.2,0.081,1.387,0.403
8/29/2023,88.5,27.673,21.582,69.5,0,2.360,0.463
8/30/2023,91.23,27.391,21.853,71.8,0,2.090,0.432
8/31/2023,95.28,27.650,21.635,69.8,0,1.538,0.500
9/1/2023,107.27,27.693,21.973,71.1,0,1.798,0.453
9/2/2023,105.91,27.792,21.674,69.4,0,2.050,0.405
9/3/2023,95.33,27.575,20.484,65.3,0,2.195,0.357
9/4/2023,88.15,26.911,19.592,64.3,0,2.636,0.740
9/5/2023,88.17,27.057,20.028,65.5,0,2.482,0.647
9/6/2023,86.18,28.071,20.904,65.1,0,1.918,0.628
9/7/2023,87.42,28.015,22.291,71.1,0,1.958,0.627
9/8/2023,94.31,28.394,22.718,71.4,0,2.183,1.016
9/9/2023,91.66,28.141,22.084,69.7,0,1.632,0.213
9/10/2023,85.95,27.789,21.702,69.5,0,1.787,0.288
9/11/2023,86.38,28.160,20.716,64,0,2.026,0.363
9/12/2023,84.68,28.500,21.099,64.3,0,2.443,0.437
9/13/2023,76.36,28.121,21.545,67.5,0,1.833,0.512
9/14/2023,81.47,27.994,21.321,67.1,0,1.959,0.916
9/15/2023,81.16,28.122,21.374,66.8,0,2.178,1.320
9/16/2023,26.73,28.168,22.282,70.4,0,2.418,0.679
9/17/2023,77.79,28.631,22.481,69.4,0,1.847,0.236
9/18/2023,78.62,28.631,22.844,70.9,0.004,1.182,0.712
9/19/2023,85.65,28.186,22.715,72.2,0.6,1.531,0.841
9/20/2023,93.78,28.607,22.664,70.3,0.2,1.674,0.446
9/21/2023,89.14,28.283,23.109,73.6,1.665,1.700,0.310
9/22/2023,91.7,28.446,21.709,66.9,0,2.074,0.481
9/23/2023,80.64,27.738,21.539,69,0,2.128,0.574
9/24/2023,77.06,27.859,21.581,68.7,0,1.556,0.439
9/25/2023,88.59,28.864,21.138,63.1,0,1.891,0.530
9/26/2023,86.02,28.291,20.716,63.5,0,1.860,0.617
9/27/2023,79.01,28.680,19.719,58.4,0,2.441,0.705
9/28/2023,80.95,28.825,19.890,58.5,0,3.035,0.002
9/29/2023,85.85,28.924,21.134,62.8,0,2.124,0.684
9/30/2023,89.95,28.594,22.490,69.6,0,1.629,0.762
10/1/2023,108.69,28.222,22.583,71.5,0,1.976,0.409
10/2/2023,105.56,28.539,21.794,66.9,0,1.872,0.490
10/3/2023,92.29,28.337,22.466,70.5,0,1.676,0.559
10/4/2023,83.96,28.711,22.953,71.1,0,1.630,0.750
10/5/2023,88.31,28.464,23.214,73.3,0,2.380,0.558
10/6/2023,84.19,28.692,23.419,73.2,0,1.447,1.163
10/7/2023,104.77,28.874,23.682,73.6,0,1.512,0.372
10/8/2023,103.8,29.101,22.958,69.5,0,1.990,0.065
10/9/2023,85.08,29.203,23.321,70.6,0,3.135,0.287
10/10/2023,81.15,29.213,23.417,71,0,2.197,0.277
10/11/2023,80.08,29.415,23.450,70.3,0.004,1.812,0.506
10/12/2023,86.71,29.416,23.031,68.6,0,2.160,0.334
10/13/2023,93.65,29.380,22.881,68.1,0.1,1.608,0.291
10/14/2023,99.35,29.294,22.938,68.7,0,1.681,0.247
10/15/2023,85.77,29.212,22.198,66,0,2.155,0.612
10/16/2023,81.66,29.656,22.884,67,0,1.913,1.079
10/17/2023,89.24,29.974,21.869,61.9,0,2.647,0.399
10/18/2023,89.83,29.362,22.074,64.9,0,2.591,0.134
10/19/2023,99.92,29.330,22.733,67.7,0,3.450,0.145
10/20/2023,79.01,28.820,23.283,72.1,0,1.687,0.157
10/21/2023,89.21,29.388,22.981,68.5,0,1.907,0.168
10/22/2023,87.17,28.638,23.540,74,0,1.153,0.180
10/23/2023,90.16,28.789,22.589,69.2,0,1.558,0.191
10/24/2023,93.22,28.207,23.227,74.4,0,1.724,0.202
10/25/2023,92.89,27.941,23.406,76.4,1.065,1.238,0.214
10/26/2023,100.71,28.788,23.173,71.7,0,1.473,0.225
10/27/2023,108.23,28.949,23.441,72.2,0,1.631,0.222
10/28/2023,102.56,29.066,22.320,67,0,2.298,0.141
10/29/2023,98,28.972,22.586,68.5,0,2.035,0.510
10/30/2023,92.64,29.245,23.247,70.2,0,1.418,0.484
10/31/2023,94.16,28.990,23.878,74,4.746,1.555,0.284
11/1/2023,99.21,28.600,23.793,75.3,0.287,1.509,0.132
11/2/2023,88.68,28.596,24.061,76.5,0,1.254,0.084
11/3/2023,96.19,28.166,24.163,78.9,0.085,1.518,0.061
11/4/2023,98.65,27.575,23.841,80.1,2.574,1.821,0.038
11/5/2023,85.13,27.322,24.201,83.1,14.392,1.636,0.048
11/6/2023,77.48,28.526,24.213,77.5,0.077,1.470,0.590
11/7/2023,83.86,29.100,23.856,73.4,0,1.800,0.671
11/8/2023,77.54,29.131,23.894,73.4,0,1.495,0.752
11/9/2023,90.06,28.596,23.851,75.5,0,1.716,0.502
11/10/2023,99.27,28.316,24.324,79,3.164,1.521,0.523
11/11/2023,98.82,28.049,23.954,78.5,4.496,1.821,0.332
11/12/2023,90.68,28.026,23.788,77.8,0.572,1.279,0.231
11/13/2023,85.45,28.755,24.302,76.9,0,1.631,0.537
11/14/2023,56.15,27.941,24.714,82.7,15.829,1.449,0.884
11/15/2023,78.4,28.274,24.110,78.2,18.109,1.105,0.895
11/16/2023,38.95,28.487,24.228,77.8,20.888,1.444,0.882
11/17/2023,18.5,28.347,24.601,80.2,0.158,1.166,1.847
11/18/2023,21.4,28.168,24.391,80,0.041,1.265,0.548
11/19/2023,24.31,28.635,24.294,77.4,1.563,1.968,0.692
11/20/2023,27.21,29.147,23.730,72.6,0.83,1.675,0.587
11/21/2023,30.12,28.526,24.454,78.7,1.146,1.314,0.460
11/22/2023,33.02,28.901,24.365,76.6,23.966,1.406,0.705
11/23/2023,35.93,28.220,24.303,79.3,0,1.205,0.527
11/24/2023,38.83,27.460,24.557,84.2,10.845,1.347,0.433
11/25/2023,41.74,25.883,23.767,88.1,46.21,1.602,0.351
11/26/2023,44.64,27.851,23.627,77.8,8.265,1.155,0.592
11/27/2023,47.54,26.569,24.126,86.5,0.46,1.415,0.229
11/28/2023,50.45,27.499,24.198,82.2,0.487,1.378,0.421
11/29/2023,53.35,28.140,24.448,80.4,4.838,1.299,0.852
11/30/2023,56.26,27.541,24.342,82.7,16.376,1.023,1.367
12/1/2023,59.16,26.381,24.195,87.8,2.565,1.435,1.105
12/2/2023,62.07,27.620,24.252,81.9,0.139,1.713,0.513
12/3/2023,64.97,27.210,24.274,84,0.057,1.148,0.384
12/4/2023,67.88,26.199,23.867,87,3.018,1.282,0.526
12/5/2023,70.78,27.780,23.961,79.8,0,1.276,0.575
12/6/2023,73.69,27.678,24.388,82.3,0,1.270,1.076
12/7/2023,70.8,28.381,24.544,79.7,0.004,1.190,0.430
12/8/2023,75.01,27.835,24.428,81.8,0.314,1.528,0.529
12/9/2023,78.88,27.743,24.423,82.2,0,1.250,0.123
12/10/2023,73.29,28.132,24.262,79.6,0,1.277,0.000
12/11/2023,82.96,28.151,24.211,79.2,0,1.230,0.390
12/12/2023,77.22,27.937,24.310,80.7,0,1.346,0.528
12/13/2023,72.19,28.737,23.796,74.7,0,1.336,0.589
12/14/2023,80.8,28.818,23.790,74.3,0,1.598,0.505
12/15/2023,78.18,28.848,23.612,73.4,0,1.505,0.412
12/16/2023,70.64,28.589,23.591,74.4,0,1.630,0.123
12/17/2023,73.13,28.849,23.102,71.2,0,1.654,0.571
12/18/2023,66.81,29.166,22.989,69.4,0,1.807,0.201
12/19/2023,68.1,28.543,22.601,70.3,0,1.827,0.090
12/20/2023,62.21,28.493,21.047,64.1,0,2.031,0.450
12/21/2023,60.74,28.278,21.826,68.1,0,2.163,0.377
12/22/2023,62.58,28.967,21.950,65.9,0,1.580,0.377
12/23/2023,68.16,29.142,23.449,71.4,0,1.457,0.377
12/24/2023,93.11,28.558,24.369,78.1,0.018,1.609,0.377
12/25/2023,87.96,27.152,24.082,83.3,14.22,1.545,0.377
12/26/2023,76.93,27.394,24.348,83.5,0,1.414,0.377
12/27/2023,77.3,27.584,24.688,84.3,1.838,1.320,0.377
12/28/2023,74.73,28.593,24.323,77.7,0,1.234,0.377
12/29/2023,72.16,28.076,24.848,82.7,0.23,1.336,0.377
12/30/2023,69.59,27.662,24.789,84.4,1.768,1.302,0.377
12/31/2023,67.02,27.357,24.571,84.8,0.858,1.523,0.377
1/1/2024,64.45,28.007,24.956,83.5,1.303,1.337,0.377
1/2/2024,61.88,27.841,24.908,84.1,0,1.094,0.377
1/3/2024,59.97,27.156,24.781,86.9,13.134,1.682,0.377
1/4/2024,60.13,26.066,24.272,89.9,21.835,1.912,0.377
1/5/2024,65.11,27.142,23.962,82.8,8.436,1.534,0.377
1/6/2024,70.09,27.211,24.322,84.3,0.494,1.292,0.377
1/7/2024,75.07,26.816,24.203,85.6,0.011,1.526,0.377
1/8/2024,64.25,26.850,24.372,86.3,0,1.388,0.377
1/9/2024,56.77,27.919,24.249,80.5,0,1.486,0.377
1/10/2024,63.85,27.716,24.620,83.3,1.439,2.119,0.377
1/11/2024,64.11,26.994,24.534,86.4,23.102,2.286,0.377
1/12/2024,46.87,27.365,24.104,82.4,2.22,3.043,0.377
1/13/2024,40.94,27.674,24.086,80.9,9.56,2.176,0.377
1/14/2024,50.34,27.803,24.479,82.2,0.015,1.732,0.377
1/15/2024,61.77,27.990,24.572,81.7,0,2.559,0.377
1/16/2024,42.35,28.430,24.149,77.7,0,2.916,0.030
1/17/2024,48.4,27.366,24.335,83.6,8.703,3.012,0.054
1/18/2024,54.45,27.368,24.187,82.8,2.101,3.520,0.078
1/19/2024,25.26,25.867,23.859,88.7,14.906,3.617,0.101
1/20/2024,19.51,28.193,23.426,75.4,0.282,3.676,0.212
1/21/2024,26.04,27.670,23.834,79.7,4.667,3.866,0.251
1/22/2024,19.96,28.285,23.706,76.3,0.018,3.602,0.289
1/23/2024,24.64,28.284,23.735,76.4,0.026,3.212,0.328
1/24/2024,27.32,27.872,24.025,79.6,0,3.086,0.364
1/25/2024,36.68,28.216,24.220,79,0,2.130,0.388
1/26/2024,51.5,27.495,24.511,83.8,0.053,1.619,0.412
1/27/2024,41.28,26.233,24.188,88.5,37.891,1.552,0.437
1/28/2024,42.95,26.845,24.348,86.2,25.736,1.778,0.451
1/29/2024,40.89,26.597,24.343,87.5,18.452,1.425,0.243
1/30/2024,53.67,26.441,24.455,88.9,31.812,1.873,0.285
1/31/2024,43.83,26.524,24.278,87.5,61.727,1.990,0.146
2/1/2024,59.59,26.790,24.364,86.6,11.341,2.147,0.097
2/2/2024,62.09,27.653,24.495,83,38.91,2.363,0.368
2/3/2024,49.79,26.446,24.426,88.7,0.004,2.710,0.295
2/4/2024,24.77,26.918,24.076,84.5,6.514,2.203,0.329
2/5/2024,41.98,26.895,24.299,85.7,0.538,2.030,0.593
2/6/2024,59.38,26.075,23.636,86.5,8.995,2.806,1.046
2/7/2024,48.45,27.049,23.940,83.1,0,1.909,0.356
2/8/2024,53.49,27.857,24.107,80.1,0,1.624,0.385
2/9/2024,61.78,28.002,24.675,82.2,0,1.562,0.394
2/10/2024,61.65,27.186,24.229,83.9,29.483,1.983,0.403
2/11/2024,51.49,27.566,24.145,81.7,0,2.383,0.413
2/12/2024,37.16,27.790,24.296,81.3,8.433,2.656,0.406
2/13/2024,33.3,28.086,24.514,81,8.703,2.332,0.371
2/14/2024,29.44,27.481,24.247,82.6,136.471,1.957,0.352
2/15/2024,36.59,27.281,24.917,87,4.15,1.416,0.333
2/16/2024,70.51,27.014,24.912,88.3,0,1.830,0.314
2/17/2024,57.86,26.918,24.732,87.9,10.191,1.664,0.295
2/18/2024,52.11,27.283,24.460,84.6,0.166,1.499,0.094
2/19/2024,50.57,27.822,24.743,83.4,0.599,1.398,0.177
2/20/2024,49.02,28.351,25.143,82.8,0,1.306,0.260
2/21/2024,47.48,27.884,25.057,84.6,0.124,1.841,0.340
2/22/2024,45.94,28.995,24.880,78.5,1.155,2.754,0.417
2/23/2024,44.39,28.909,24.536,77.3,0,2.284,0.495
2/24/2024,42.85,27.614,24.776,84.6,0.204,2.412,0.225
2/25/2024,41.31,26.946,24.606,87,10.731,1.769,0.441
2/26/2024,39.76,27.805,24.578,82.6,15.507,1.491,0.455
2/27/2024,38.22,27.635,24.604,83.6,0,1.563,0.470
2/28/2024,36.67,26.919,24.636,87.3,44.796,1.396,0.484
2/29/2024,35.13,26.669,24.333,87,61.279,1.610,0.498
3/1/2024,52.3,26.697,24.349,86.9483871,0.113,1.612,0.512
3/2/2024,59.31,26.724,24.366,86.89677419,11.042,1.614,0.527
3/3/2024,53.77,26.752,24.383,86.84516129,2.699,1.616,0.541
3/4/2024,50.71,26.780,24.399,86.79354839,0.942,1.618,0.555
3/5/2024,31.56,26.807,24.416,86.74193548,0,1.620,0.569
3/6/2024,25.59,26.835,24.433,86.69032258,1.163,1.622,0.584
3/7/2024,26.55,26.862,24.449,86.63870968,0.555,1.624,0.598
3/8/2024,18.8,26.890,24.466,86.58709677,0,1.626,0.575
3/9/2024,26.14,26.918,24.483,86.53548387,45.2,1.628,0.552
3/10/2024,63.97,26.945,24.499,86.48387097,2.27,1.630,0.530
3/11/2024,56.35,26.973,24.516,86.43225806,12.464,1.632,0.507
3/12/2024,39.66,27.000,24.533,86.38064516,0.25,1.634,0.484
3/13/2024,56.53,27.028,24.549,86.32903226,25.583,1.636,0.469
3/14/2024,51.87,27.055,24.566,86.27741935,7.139,1.638,0.454
3/15/2024,41.89,27.083,24.583,86.22580645,25.609,1.640,0.438
3/16/2024,22.87,27.111,24.600,86.17419355,20.842,1.642,0.423
3/17/2024,22.11,27.138,24.616,86.12258065,21.772,1.644,0.408
3/18/2024,20.8,27.166,24.633,86.07096774,1.226,1.646,0.393
3/19/2024,31.15,27.193,24.650,86.01935484,0,1.648,0.378
3/20/2024,27.58,27.221,24.666,85.96774194,0,1.650,0.362
3/21/2024,33.95,27.248,24.683,85.91612903,0,1.652,0.347
3/22/2024,33.23,27.276,24.700,85.86451613,79.839,1.654,0.332
3/23/2024,69.7,27.304,24.716,85.81290323,0,1.656,0.317
3/24/2024,84.98,27.331,24.733,85.76129032,0.038,1.658,0.302
3/25/2024,61.35,27.359,24.750,85.70967742,0.084,1.659,0.286
3/26/2024,63.33,27.386,24.766,85.65806452,0.096,1.661,0.271
3/27/2024,76.81,27.414,24.783,85.60645161,0.272,1.663,0.256
3/28/2024,76.9,27.442,24.800,85.55483871,3.3,1.665,0.241
3/29/2024,93.53,27.469,24.816,85.50322581,2.8,1.667,0.226
3/30/2024,79.95,27.497,24.833,85.4516129,7.5,1.669,0.210
3/31/2024,74.05,27.524,24.850,85.4,6.5,1.671,0.195
4/1/2024,88.3,27.552,24.866,85.3483871,8.1,1.673,0.196
4/2/2024,97.12,27.579,24.883,85.29677419,0.463,1.675,0.259
4/3/2024,84.16,27.607,24.900,85.24516129,3.125,1.677,0.323
4/4/2024,66.05,27.635,24.917,85.19354839,0.289,1.679,0.386
4/5/2024,85.12,27.662,24.933,85.14193548,1.333,1.681,0.322
4/6/2024,84.79,27.690,24.950,85.09032258,1.665,1.683,0.396
4/7/2024,70.78,27.717,24.967,85.03870968,0,1.685,0.584
4/8/2024,68.92,27.745,24.983,84.98709677,0,1.687,0.632
4/9/2024,55.66,27.772,25.000,84.93548387,5.074,1.689,0.635
4/10/2024,76.88,27.800,25.017,84.88387097,0.28,1.691,0.460
4/11/2024,64.65,27.828,25.033,84.83225806,0,1.693,0.641
4/12/2024,44.79,27.855,25.050,84.78064516,64.349,1.695,0.477
4/13/2024,49.55,27.883,25.067,84.72903226,1.273,1.697,0.339
4/14/2024,49.28,27.910,25.083,84.67741935,4.227,1.699,0.718
4/15/2024,45.52,27.938,25.100,84.62580645,0.404,1.701,0.474
4/16/2024,35.86,27.966,25.117,84.57419355,0.057,1.703,0.639
4/17/2024,58.99,27.993,25.133,84.52258065,15.922,1.705,0.520
4/18/2024,64.07,28.021,25.150,84.47096774,5.302,1.707,0.482
4/19/2024,65.34,28.048,25.167,84.41935484,0,1.708,0.444
4/20/2024,71.02,28.076,25.183,84.36774194,0.619,1.710,0.437
4/21/2024,62.98,28.103,25.200,84.31612903,1.507,1.712,0.586
4/22/2024,40.24,28.131,25.217,84.26451613,0.095,1.714,0.253
4/23/2024,24.9,28.159,25.234,84.21290323,0.264,1.716,0.317
4/24/2024,70.49,28.186,25.250,84.16129032,11.805,1.718,0.361
4/25/2024,75.21,28.214,25.267,84.10967742,21.759,1.720,0.124
4/26/2024,60.7,28.241,25.284,84.05806452,4.125,1.722,0.381
4/27/2024,65.3,28.269,25.300,84.00645161,2.106,1.724,0.303
4/28/2024,65.72,28.296,25.317,83.95483871,2.895,1.726,0.225
4/29/2024,67.03,28.324,25.334,83.90322581,0,1.728,0.566
4/30/2024,61,28.352,25.350,83.8516129,0.377,1.730,0.541
5/1/2024,62.26,28.379,25.367,83.8,0.45,1.732,0.515
5/2/2024,67.82,28.759,25.386,82,0.038,1.847,0.546
5/3/2024,74.46,28.504,24.995,81.3,0.038,1.222,0.352
5/4/2024,84.54,28.324,24.118,78,0.192,1.078,0.262
5/5/2024,84.67,28.792,24.741,78.8,0,1.147,0.350
5/6/2024,72.91,28.687,23.771,74.8,0.115,1.320,0.420
5/7/2024,46.57,28.863,23.758,74,0,1.709,0.269
5/8/2024,84.46,28.724,23.716,74.4,0,1.376,0.294
5/9/2024,88.42,28.722,24.506,78,0,1.974,0.320
5/10/2024,86.15,29.134,25.004,78.5,0.018,2.337,0.345
5/11/2024,79.88,28.590,24.938,80.7,0.334,1.716,0.337
5/12/2024,72.04,29.217,24.629,76.4,0,2.516,0.308
5/13/2024,69.01,28.531,24.840,80.5,0.383,1.466,0.279
5/14/2024,78.31,27.680,24.806,84.4,10.397,1.255,0.250
5/15/2024,85.69,28.864,24.583,77.7,0.776,2.174,0.221
5/16/2024,91.39,28.692,24.770,79.4,0,1.501,0.191
5/17/2024,84.64,28.761,24.202,76.4,0.426,1.362,0.162
5/18/2024,91.16,28.749,24.404,77.4,0,1.639,0.133
5/19/2024,90.29,28.906,24.284,76.2,0.038,1.185,0.104
5/20/2024,85.7,28.906,24.161,75.6,0,1.884,0.075
5/21/2024,94.62,29.200,24.235,74.7,0,1.315,0.067
5/22/2024,97.65,28.747,24.546,78.1,0,1.210,0.091
5/23/2024,88.41,27.722,24.835,84.3,0.022,1.897,0.115
5/24/2024,77.36,27.584,25.145,86.6,1.03,2.010,0.139
5/25/2024,61.08,26.378,24.149,87.6,9.062,1.676,0.163
5/26/2024,70.71,28.402,24.798,80.9,0,1.861,0.187
5/27/2024,89.91,29.024,24.854,78.3,0,1.659,0.211
5/28/2024,93.95,28.943,24.718,78,0.054,1.786,0.235
5/29/2024,91.57,28.820,24.793,78.9,0,1.916,0.260
5/30/2024,82,28.764,24.677,78.6,0,1.246,0.284
5/31/2024,93.5,28.750,24.996,80.2,0,1.341,0.308
6/1/2024,102.85,27.901,24.857,83.6,0,1.022,0.332
6/2/2024,103.62,28.099,24.941,83,0,1.170,0.356
6/3/2024,75.32,27.196,24.969,87.7,16.956,1.107,0.380
6/4/2024,62.14,27.831,24.516,82.2,1.015,1.500,0.404
6/5/2024,88.34,28.422,24.167,77.8,0,0.872,0.428
6/6/2024,77.8,28.301,23.938,77.3,0,1.971,0.453
6/7/2024,76.47,27.955,23.961,78.9,0.768,1.600,0.477
6/8/2024,79.77,28.300,24.294,78.9,0,1.825,0.501
6/9/2024,86.6,27.606,24.287,82.2,0.307,1.404,0.525
6/10/2024,96.56,28.356,24.750,80.9,0.096,1.410,0.549
6/11/2024,86.22,26.988,24.599,86.8,17.882,1.708,0.257
6/12/2024,81.72,27.178,24.144,83.5,0.004,1.667,0.231
6/13/2024,50.59,27.253,24.314,84,0,1.830,0.254
6/14/2024,8.37,27.817,24.277,81.1,0,1.167,0.277
6/15/2024,67.1,27.618,24.361,82.5,0,1.192,0.152
6/16/2024,78.71,27.454,24.610,84.5,75.405,1.308,0.172
6/17/2024,64.73,28.108,23.968,78.3,0.038,1.647,0.271
6/18/2024,87.95,27.157,24.190,83.9,0.345,1.485,0.370
6/19/2024,105.74,28.030,23.746,77.6,0,2.783,0.331
6/20/2024,86.4,27.628,22.517,73.7,0,2.265,0.201
6/21/2024,90.69,28.115,23.025,73.9,0,1.574,0.146
6/22/2024,88.92,27.511,22.686,75,0,1.372,0.002
6/23/2024,98.58,27.925,22.219,71.2,0,1.740,0.436
6/24/2024,82.08,28.002,23.687,77.4,0,1.627,0.351
6/25/2024,82.25,26.584,23.862,85,14.016,1.669,0.081
6/26/2024,82.04,28.020,24.368,80.6,0,2.667,0.178
6/27/2024,81.84,27.783,24.777,83.7,1.211,2.290,0.630
6/28/2024,81.63,27.522,24.903,85.7,0.325,1.891,0.198
6/29/2024,81.42,26.727,23.853,84.3,7.989,1.393,0.365
6/30/2024,81.21,27.983,23.760,77.9,0,1.215,0.422
7/1/2024,81,27.175,24.269,84.2,0,1.443,0.316
7/2/2024,80.79,27.157,23.812,82,0.292,1.576,0.329
7/3/2024,80.58,27.651,23.794,79.6,1.673,1.356,0.191
7/4/2024,80.38,26.457,23.794,85.3,25.822,1.664,0.342
7/5/2024,72.9,26.152,23.667,86.2,5.242,3.113,0.236
7/6/2024,53.58,25.125,23.255,89.4,51.506,2.960,0.279
7/7/2024,41.07,27.011,23.760,82.4,9.514,2.245,0.360
7/8/2024,38.87,27.148,24.113,83.5,10.316,1.628,0.398
7/9/2024,54.37,27.429,23.849,80.9,13.751,2.391,0.425
7/10/2024,73.04,27.377,23.386,78.9,0,1.907,0.124
7/11/2024,89.41,27.806,22.837,74.4,0,1.105,0.203
7/12/2024,85.24,26.743,21.140,71.4,0,1.891,0.190
7/13/2024,88.17,26.597,20.629,69.8,0,1.440,0.176
7/14/2024,83.46,26.176,20.327,70.2,0,1.844,0.162
7/15/2024,80.47,26.766,19.821,65.7,0,1.416,0.220
7/16/2024,84.75,27.045,21.366,71.1,0,1.740,0.297
7/17/2024,80.5,27.551,22.740,75.1,0,2.005,0.373
7/18/2024,82.71,27.598,23.031,76.2,0,2.006,0.204
7/19/2024,79.03,27.411,22.542,74.8,0,2.301,0.048
7/20/2024,80.07,27.778,22.092,71.2,0,1.538,0.016
7/21/2024,82.46,27.871,22.657,73.3,0,1.766,0.030
7/22/2024,76.98,27.702,22.351,72.7,0,1.542,0.044
7/23/2024,81.38,27.696,22.112,71.7,0,1.557,0.059
7/24/2024,91.22,27.649,22.434,73.3,0,1.395,0.073
7/25/2024,89.05,27.256,22.602,75.8,0,1.221,0.088
7/26/2024,75.54,27.479,22.847,75.9,0,1.928,0.098
7/27/2024,89.16,27.849,22.798,74,0,2.392,0.095
7/28/2024,90.83,27.978,22.589,72.6,0,1.665,0.092
7/29/2024,52.34,27.565,22.458,73.7,0,2.053,0.089
7/30/2024,74.87,27.665,22.053,71.5,0,1.738,0.086
7/31/2024,98.3,27.875,22.787,73.9,0,2.011,0.041
8/1/2024,93.65,27.331,23.299,78.7,0,1.402,0.029
8/2/2024,93.34,27.082,23.550,81.1,1.615,1.198,0.105
8/3/2024,66.59,27.009,23.636,81.8,2.03,1.423,0.180
8/4/2024,68.1,27.842,23.315,76.4,0.13,1.253,0.256
8/5/2024,77.59,27.105,22.817,77.4,5.989,1.326,0.280
8/6/2024,62.74,27.637,22.578,74,0,1.890,0.229
8/7/2024,47.89,27.531,22.717,75.1,0,1.853,0.177
8/8/2024,33.05,28.022,23.146,74.9,0,1.974,0.125
8/9/2024,37.34,28.013,23.299,75.6,0,2.178,0.082
8/10/2024,76.63,28.145,23.449,75.7,0,1.682,0.225
8/11/2024,72.23,27.869,23.060,75.1,0.053,1.288,0.246
8/12/2024,73.94,27.039,20.891,69.1,0,2.002,0.237
8/13/2024,78.89,27.178,20.938,68.7,0,2.033,0.228
8/14/2024,89.14,27.681,21.969,71.1,0,1.909,0.218
8/15/2024,90.12,28.045,22.073,70,0,1.851,0.209
8/16/2024,89.39,28.129,22.120,69.9,0,1.535,0.199
8/17/2024,90.75,27.781,22.814,74.4,0,2.098,0.190
8/18/2024,82.42,28.036,23.266,75.3,0,1.852,0.181
8/19/2024,80.34,27.782,22.862,74.6,0,1.824,0.171
8/20/2024,86.05,27.694,22.778,74.6,0,1.959,0.162
8/21/2024,94.51,27.869,23.006,74.9,0,2.289,0.152
8/22/2024,91.87,28.246,23.232,74.3,0,2.606,0.143
8/23/2024,74.61,27.810,22.954,74.9,0,1.730,0.133
8/24/2024,85.86,27.934,22.858,74,0.228,1.703,0.124
8/25/2024,97.26,27.782,21.733,69.7,0,1.759,0.115
8/26/2024,73.65,28.338,22.273,69.7,0,1.548,0.175
8/27/2024,96.7,28.505,22.653,70.6,0,1.506,0.198
8/28/2024,96.29,28.663,22.391,68.9,0,1.591,0.059
8/29/2024,85.41,28.223,22.141,69.6,0.096,1.470,0.111
8/30/2024,103.83,28.332,22.186,69.4,0,1.678,0.163
8/31/2024,75.82,28.190,21.990,69.1,0,1.960,0.227
9/1/2024,71.84,28.839,23.021,70.9,0,2.157,0.294
9/2/2024,69.97,28.524,23.624,74.8,0.276,1.651,0.415
9/3/2024,74.12,28.450,23.233,73.4,0.023,1.393,0.236
9/4/2024,80.95,28.643,22.291,68.6,0,1.718,0.647
9/5/2024,64.42,28.672,23.096,71.9,0,1.514,0.831
9/6/2024,73.94,28.999,23.559,72.5,0,2.661,0.634
9/7/2024,69.72,29.263,21.939,64.7,0,2.657,0.577
9/8/2024,67.94,29.354,23.018,68.8,0,2.259,0.614
9/9/2024,62.83,27.584,23.507,78.5,4.564,1.538,0.266
9/10/2024,65.08,27.260,23.586,80.4,4.266,1.733,0.218
9/11/2024,63.51,28.119,22.854,73.1,0.097,2.107,0.179
9/12/2024,71.93,27.771,23.376,77,3.567,1.329,0.152
9/13/2024,77.86,27.902,22.705,73.4,4.837,1.424,0.422
9/14/2024,76.37,28.150,21.654,67.9,0,1.598,0.458
9/15/2024,78.43,28.290,21.577,67,0,1.567,0.552
9/16/2024,74.67,28.469,21.669,66.7,0,1.456,0.358
9/17/2024,77.78,28.286,21.309,65.9,0,1.945,1.069
9/18/2024,72.16,27.784,20.076,62.9,0,2.052,0.776
9/19/2024,80.68,28.078,20.760,64.5,0,1.888,0.170
9/20/2024,76.53,28.374,21.729,67.3,0,1.852,0.552
9/21/2024,81.67,28.691,22.982,71.3,0,2.067,0.480
9/22/2024,97.41,29.158,23.965,73.6,0.01,1.765,0.778
9/23/2024,88.54,28.857,24.062,75.4,0.682,2.421,0.605
9/24/2024,77.43,27.491,23.569,79.2,0.892,1.628,0.848
9/25/2024,84.39,27.228,23.196,78.7,53.69,1.833,0.546
9/26/2024,74.8,26.668,23.180,81.2,12.455,1.413,0.177
9/27/2024,75.7,28.302,24.021,77.6,13.185,1.684,0.695
9/28/2024,71.84,28.103,24.415,80.4,0,1.630,0.091
9/29/2024,83.61,28.039,23.894,78.2,0.217,1.484,0.382
9/30/2024,73.8,28.578,23.766,75.2,0,1.719,0.283
10/1/2024,77.73,29.377,23.536,70.9,0,1.143,0.290
10/2/2024,88.73,28.424,24.133,77.6,0.211,1.327,0.379
10/3/2024,84.02,28.160,24.122,78.8,0.468,1.757,0.601
10/4/2024,82.45,27.921,23.664,77.7,0.002,1.418,0.381
10/5/2024,76.14,27.832,23.660,78.1,0,1.417,0.257
10/6/2024,72.93,28.202,23.712,76.7,0.211,1.185,0.124
10/7/2024,94.88,28.941,23.357,71.9,0,1.876,0.370
10/8/2024,80.96,29.028,23.395,71.7,0,1.673,0.453
10/9/2024,71.68,28.892,23.845,74.2,0,1.530,0.536
10/10/2024,79.37,28.708,23.970,75.6,0,1.496,0.480
10/11/2024,84.11,29.250,24.114,73.9,0,2.206,0.215
10/12/2024,72.36,28.473,24.699,80.1,0,1.616,0.277
10/13/2024,81.11,28.070,24.466,80.8,0,1.803,0.339
10/14/2024,88.68,28.253,23.860,77.1,1.037,1.581,0.401
10/15/2024,70.18,28.183,23.756,76.9,0.997,1.452,0.463
10/16/2024,31.78,28.294,22.753,72,0,1.638,0.525
10/17/2024,78.11,28.458,21.534,66.2,0.333,1.654,0.390
10/18/2024,64.29,28.372,22.486,70.5,0,1.568,0.177
10/19/2024,83.45,28.397,22.708,71.3,0,1.727,0.205
10/20/2024,80.4,29.149,21.906,65,0,1.715,0.234
10/21/2024,59.68,28.548,23.130,72.5,0,1.822,0.262
10/22/2024,85.87,29.117,23.825,73.2,0,1.884,0.290
10/23/2024,82.17,28.826,23.960,75,0.388,1.449,0.319
10/24/2024,70.69,28.332,24.176,78.2,30.949,1.700,0.347
10/25/2024,71.42,28.230,23.762,76.8,40.996,1.511,0.375
10/26/2024,74.47,29.166,23.218,70.4,1.54,1.826,0.404
10/27/2024,67.49,29.238,23.878,72.9,0,1.523,0.228
10/28/2024,75.02,28.960,23.712,73.4,0,1.684,0.214
10/29/2024,76.92,29.546,24.297,73.5,0,1.542,0.275
10/30/2024,82.79,29.065,23.953,74,0,1.642,0.336
10/31/2024,81.92,28.493,23.772,75.6,0,1.704,0.272
11/1/2024,84.43,28.329,24.356,79.1,0.043,1.963,0.207
11/2/2024,88.76,26.794,23.927,84.3,25.71,1.684,0.143
11/3/2024,71.45,26.227,23.876,86.9,17.337,1.094,0.078
11/4/2024,67.99,27.248,23.824,81.6,3.403,1.155,0.014
11/5/2024,59.66,27.194,24.096,83.2,15.517,1.496,0.382
11/6/2024,62.27,27.665,23.687,79,0,1.617,0.407
11/7/2024,69.53,28.278,23.904,77.2,0,1.172,0.432
11/8/2024,86.48,29.053,24.040,74.4,0.388,1.073,0.457
11/9/2024,95.33,27.868,24.086,79.9,1.691,1.283,0.411
11/10/2024,82.68,27.494,24.287,82.7,0.436,1.531,0.388
11/11/2024,72.44,27.157,24.014,83,3.49,1.508,0.370
11/12/2024,51.77,27.368,24.229,83,3.988,1.626,0.357
11/13/2024,45.39,28.234,24.560,80.5,0.215,1.551,0.613
11/14/2024,39.01,28.749,24.377,77.3,0.036,1.272,0.736
11/15/2024,32.62,28.559,24.652,79.4,0.691,1.034,0.376
11/16/2024,26.24,27.451,24.586,84.4,27.7,1.061,1.168
11/17/2024,19.86,27.653,24.787,84.4,6.947,1.329,0.879
11/18/2024,13.48,27.608,24.605,83.7,10.7,1.364,0.712
11/19/2024,7.1,27.662,24.453,82.7,7.6,1.439,0.819
11/20/2024,0.72,28.074,24.294,80,8.4,1.187,0.530
11/21/2024,68.54,27.800,24.374,81.7,9,1.518,0.631
11/22/2024,58.14,27.789,24.400,81.8,0.272,1.842,0.509
11/23/2024,51.38,27.916,24.609,82.3,1.284,1.943,0.467
11/24/2024,53.27,27.775,24.231,81.1,0.383,1.556,0.219
11/25/2024,45.04,28.161,24.417,80.2,0,1.590,0.392
11/26/2024,51.75,28.039,24.504,81.2,0.327,1.442,0.230
11/27/2024,58.45,27.300,24.522,84.8,14.918,1.399,0.434
11/28/2024,51.96,27.902,23.799,78.4,10.433,2.339,0.394
11/29/2024,46.98,27.958,23.300,75.8,0.088,3.148,0.821
11/30/2024,34.68,28.964,23.731,73.4,0,2.614,0.885
12/1/2024,42.13,28.448,24.223,77.9,0.118,3.006,0.629
12/2/2024,29.13,27.119,24.119,83.7,19.654,3.901,0.362
12/3/2024,19.28,25.866,23.460,86.6,9.415,3.604,0.764
12/4/2024,24.27,26.168,23.772,86.7,2.517,3.679,0.418
12/5/2024,26.71,26.686,24.149,86,43.463,3.718,0.711
12/6/2024,41.34,26.755,24.037,85.1,12.277,1.801,0.459
12/7/2024,70.7,27.319,24.478,84.5,14.367,1.133,0.466
12/8/2024,77.62,28.109,25.080,83.7,11.532,1.440,0.473
12/9/2024,56.83,26.562,24.265,87.2,24.998,2.198,0.289
12/10/2024,55.9,27.446,24.197,82.5,4.435,4.529,0.497
12/11/2024,28.91,28.603,23.469,73.8,0.094,3.478,0.482
12/12/2024,42.19,28.912,22.286,67.5,0.481,3.734,0.366
12/13/2024,39.94,28.638,23.402,73.4,0,3.179,0.336
12/14/2024,47.73,27.377,23.701,80.4,2.804,3.290,0.437
12/15/2024,34.29,26.627,23.976,85.4,20.774,3.110,0.549
12/16/2024,36.47,27.244,24.125,83.1,0.423,2.452,0.678
12/17/2024,38.65,27.363,23.721,80.6,5.355,2.858,0.605
12/18/2024,41.73,27.245,23.754,81.3,1.673,3.442,0.229
12/19/2024,20.25,26.933,24.083,84.4,24.963,4.049,0.474
12/20/2024,41.17,27.015,24.011,83.7,7.934,3.224,0.474
12/21/2024,50.52,27.305,24.193,83.2,3.445,2.828,0.474
12/22/2024,51.34,27.300,24.612,85.3,17.951,1.718,0.474
12/23/2024,46.43,26.776,24.776,88.8,31.631,2.402,0.474
12/24/2024,62.58,26.762,24.280,86.3,17.956,2.217,0.474
12/25/2024,53.53,26.623,24.135,86.2,5.317,1.693,0.474
12/26/2024,56.82,27.641,24.104,81.1,1.66,2.358,0.474
12/27/2024,55.36,28.386,24.186,78,0,2.156,0.474
12/28/2024,67.08,28.690,23.435,73.3,0.004,2.505,0.474
12/29/2024,62,28.259,24.405,79.6,0.166,2.557,0.474
12/30/2024,53.76,27.086,23.613,81.3,1.244,3.985,0.474
12/31/2024,36.75,27.853,23.537,77.4,2.258,3.316,0.474
