datetime,BUNDARANHI,JAGAKARSA,KEBUNJERUK,KELAPAGADING,LUBANGBUAYA
2022-01-01,53.0,52.75,51.75,86.55,50.75
2022-01-02,53.0,52.75,51.75,86.55,50.75
2022-01-03,53.0,52.75,51.75,86.55,50.75
2022-01-04,53.0,52.75,51.75,86.55,50.75
2022-01-05,53.0,52.75,51.75,86.55,50.75
2022-01-06,53.0,52.75,51.75,86.55,50.75
2022-01-07,53.0,52.75,51.75,80.15,50.75
2022-01-08,53.0,52.75,51.75,58.67,50.75
2022-01-09,53.0,52.75,51.75,67.6,50.75
2022-01-10,53.0,52.75,51.75,53.95,50.75
2022-01-11,53.0,52.75,51.75,43.13,50.75
2022-01-12,53.0,52.75,51.75,50.19,50.75
2022-01-13,49.92,54.67,50.83,53.93,53.75
2022-01-14,46.92,60.92,52.92,52.63,54.17
2022-01-15,52.75,68.83,59.83,55.71,52.08
2022-01-16,52.12,80.92,66.97,70.98,52.99
2022-01-17,51.5,93.0,74.1,69.37,53.9
2022-01-18,51.07,62.13,62.93,58.6,36.53
2022-01-19,39.69,57.5,49.31,53.68,37.25
2022-01-20,48.63,58.68,54.26,52.5,46.53
2022-01-21,42.38,53.85,54.08,50.07,36.38
2022-01-22,48.85,68.31,59.0,49.46,25.19
2022-01-23,51.25,73.44,58.31,50.77,14.0
2022-01-24,51.22,73.22,58.33,53.47,50.44
2022-01-25,44.0,56.29,55.29,36.83,37.14
2022-01-26,48.42,54.08,56.08,53.26,43.42
2022-01-27,53.42,75.25,64.92,50.01,49.0
2022-01-28,57.88,82.18,66.18,56.32,55.71
2022-01-29,81.11,87.11,98.16,72.57,89.89
2022-01-30,91.0,108.47,128.63,93.38,97.74
2022-01-31,91.79,97.0,120.21,109.55,98.07
2022-02-01,54.83,88.42,74.92,59.07,53.92
2022-02-02,60.44,93.22,87.33,65.55,55.67
2022-02-03,53.6,83.0,73.85,52.45,62.45
2022-02-04,46.35,74.95,56.85,52.06,45.7
2022-02-05,57.57,58.81,63.24,57.19,54.43
2022-02-06,23.84,10.84,26.74,52.0,25.0
2022-02-07,35.53,58.32,53.47,47.05,42.05
2022-02-08,53.9,71.5,76.85,53.29,64.8
2022-02-09,67.1,89.0,88.81,76.68,81.48
2022-02-10,26.1,35.71,40.24,52.15,31.71
2022-02-11,54.35,74.4,82.55,58.29,59.95
2022-02-12,61.68,69.32,70.84,63.76,58.89
2022-02-13,66.57,94.57,89.62,70.15,66.57
2022-02-14,65.17,88.39,92.28,80.71,86.72
2022-02-15,66.53,108.76,112.29,73.27,85.53
2022-02-16,73.1,72.6,90.7,65.84,79.1
2022-02-17,68.0,67.21,88.6,58.41,74.36
2022-02-18,67.87,66.25,86.5,50.98,73.2
2022-02-19,67.73,65.28,84.4,43.55,72.04
2022-02-20,67.6,64.31,82.3,36.12,70.88
2022-02-21,67.47,63.34,80.2,28.69,69.72
2022-02-22,67.33,62.37,78.1,21.26,68.56
2022-02-23,67.2,61.4,76.0,13.83,67.4
2022-02-24,48.24,6.76,50.47,55.64,54.65
2022-02-25,41.45,50.5,51.5,39.95,54.64
2022-02-26,34.0,54.85,50.15,33.06,41.4
2022-02-27,37.79,43.0,54.29,41.32,40.5
2022-02-28,32.67,30.14,47.76,36.99,38.52
2022-03-01,36.75,26.4,48.75,50.1,24.55
2022-03-02,36.32,27.32,50.53,47.86,48.32
2022-03-03,36.15,32.95,47.25,48.21,46.2
2022-03-04,40.14,49.48,52.0,41.61,45.76
2022-03-05,51.53,59.58,65.26,50.82,55.05
2022-03-06,38.38,41.38,46.67,50.31,48.81
2022-03-07,5.28,45.61,38.83,29.42,37.28
2022-03-08,37.6,63.25,47.5,41.55,57.8
2022-03-09,63.74,63.21,66.74,59.13,67.32
2022-03-10,77.05,80.47,83.89,69.44,83.89
2022-03-11,90.6,81.65,104.0,82.13,97.35
2022-03-12,51.58,64.32,52.95,58.89,49.0
2022-03-13,54.43,58.71,64.05,49.24,47.29
2022-03-14,69.25,72.5,88.0,60.54,73.9
2022-03-15,70.26,57.18,80.74,70.21,71.16
2022-03-16,62.7,41.85,71.4,60.69,15.3
2022-03-17,96.24,110.24,102.52,81.83,91.86
2022-03-18,84.48,84.05,105.43,82.92,77.76
2022-03-19,30.32,32.32,32.58,59.05,34.0
2022-03-20,42.25,61.95,55.3,37.99,42.75
2022-03-21,22.33,47.0,30.71,31.14,27.67
2022-03-22,19.59,61.12,32.0,28.8,38.06
2022-03-23,52.55,42.25,47.55,53.42,52.5
2022-03-24,42.1,47.6,26.28,43.57,45.4
2022-03-25,78.7,52.96,5.0,79.29,96.74
2022-03-26,74.06,85.47,97.18,81.97,82.12
2022-03-27,64.15,69.33,79.87,65.98,70.81
2022-03-28,54.25,53.19,62.56,49.98,59.5
2022-03-29,62.57,76.38,87.05,57.0,64.95
2022-03-30,64.38,78.81,92.71,65.35,81.43
2022-03-31,105.75,42.5,67.45,53.2,117.75
2022-04-01,84.45,77.14,93.36,85.73,97.32
2022-04-02,70.05,69.3,72.3,71.09,77.15
2022-04-03,51.62,58.62,58.5,50.36,49.19
2022-04-04,47.77,51.59,65.05,39.52,54.36
2022-04-05,67.05,55.14,73.14,63.01,82.14
2022-04-06,60.96,52.52,69.43,64.0,66.13
2022-04-07,60.59,54.23,72.73,63.95,68.82
2022-04-08,56.84,65.89,66.74,57.98,61.89
2022-04-09,61.3,73.35,71.45,51.46,62.75
2022-04-10,80.55,95.4,104.25,75.89,95.75
2022-04-11,69.95,90.19,83.76,69.4,84.86
2022-04-12,82.95,94.24,100.67,69.52,94.57
2022-04-13,96.94,105.0,109.12,84.59,103.47
2022-04-14,79.33,84.67,86.62,81.79,86.05
2022-04-15,72.3,82.4,89.15,62.49,78.4
2022-04-16,76.85,98.15,98.9,72.89,78.5
2022-04-17,99.37,109.16,109.89,84.96,98.16
2022-04-18,70.58,97.0,82.53,61.31,72.05
2022-04-19,56.47,58.89,72.74,37.67,57.79
2022-04-20,68.63,81.47,82.95,14.02,73.47
2022-04-21,51.25,2.55,58.85,53.35,56.3
2022-04-22,84.5,87.5,99.4,71.48,98.25
2022-04-23,67.6,72.5,84.25,73.3,78.1
2022-04-24,77.5,90.5,101.35,67.57,72.5
2022-04-25,69.24,79.62,79.24,61.2,71.76
2022-04-26,64.3,64.3,68.15,62.52,74.15
2022-04-27,55.57,68.76,67.24,50.88,54.67
2022-04-28,35.43,51.71,51.0,36.55,24.86
2022-04-29,27.86,52.86,43.62,21.34,18.48
2022-04-30,45.45,68.55,56.0,26.55,54.95
2022-05-01,69.9,92.45,98.5,57.61,69.5
2022-05-02,70.35,84.7,88.9,65.12,30.0
2022-05-03,47.67,51.94,61.61,50.04,52.83
2022-05-04,53.63,72.74,66.05,44.02,55.0
2022-05-05,54.55,72.1,69.35,51.15,58.45
2022-05-06,39.4,59.05,58.95,38.3,48.6
2022-05-07,54.71,84.48,79.48,37.63,57.95
2022-05-08,53.56,94.94,67.0,52.94,53.33
2022-05-09,57.55,66.75,64.65,48.96,67.4
2022-05-10,59.35,69.9,73.85,54.51,66.65
2022-05-11,49.45,59.75,62.85,57.43,57.45
2022-05-12,72.45,85.45,84.9,62.39,67.6
2022-05-13,54.23,52.0,52.36,42.9,50.27
2022-05-14,67.27,79.09,71.5,50.25,70.82
2022-05-15,88.87,103.48,105.04,75.92,95.83
2022-05-16,73.5,87.05,92.0,66.19,73.77
2022-05-17,66.8,86.67,85.2,58.91,71.13
2022-05-18,71.35,73.4,83.1,61.23,76.55
2022-05-19,83.31,85.31,99.69,69.87,88.81
2022-05-20,75.5,92.0,86.75,75.58,87.62
2022-05-21,63.0,75.69,79.0,58.65,63.56
2022-05-22,68.32,75.79,74.37,56.66,65.26
2022-05-23,70.0,91.95,64.1,65.95,76.67
2022-05-24,64.71,76.24,50.33,63.51,66.57
2022-05-25,78.79,92.05,53.74,69.27,88.47
2022-05-26,66.38,84.81,70.95,65.06,68.71
2022-05-27,96.39,132.44,76.44,71.87,91.17
2022-05-28,77.1,101.9,89.1,70.15,76.1
2022-05-29,85.7,93.2,87.95,67.09,76.95
2022-05-30,59.24,74.9,67.48,48.92,58.33
2022-05-31,73.42,79.21,96.63,62.0,75.11
2022-06-01,55.85,60.8,78.8,52.75,55.3
2022-06-02,60.81,64.33,69.43,48.36,65.38
2022-06-03,61.63,59.95,71.53,51.87,63.32
2022-06-04,105.37,79.26,100.68,67.55,101.79
2022-06-05,77.45,77.55,78.65,64.65,82.7
2022-06-06,84.15,85.7,90.35,67.01,86.1
2022-06-07,66.37,66.16,77.26,61.35,74.21
2022-06-08,66.05,91.8,72.1,58.97,74.25
2022-06-09,71.75,74.85,82.2,57.82,74.25
2022-06-10,65.95,67.89,76.05,55.18,68.84
2022-06-11,69.9,68.8,74.3,55.06,75.8
2022-06-12,83.4,80.95,95.35,62.19,22.2
2022-06-13,75.86,76.52,88.48,63.61,44.76
2022-06-14,81.53,79.68,96.11,44.41,92.79
2022-06-15,86.12,96.19,101.04,53.98,90.06
2022-06-16,90.71,112.69,105.97,92.22,87.33
2022-06-17,95.3,129.2,110.9,76.63,84.6
2022-06-18,99.02,108.13,110.04,86.24,87.44
2022-06-19,102.74,87.07,109.19,81.08,90.29
2022-06-20,106.47,66.0,108.33,81.35,93.13
2022-06-21,92.23,89.27,97.0,83.22,103.23
2022-06-22,87.47,112.53,94.53,74.45,94.47
2022-06-23,93.84,100.74,106.47,84.88,107.37
2022-06-24,102.68,109.11,119.37,85.69,113.53
2022-06-25,104.26,104.95,114.68,96.3,107.16
2022-06-26,91.72,98.0,106.44,82.04,88.33
2022-06-27,84.0,91.83,91.83,75.16,94.33
2022-06-28,74.48,77.33,79.48,62.17,76.0
2022-06-29,35.0,30.0,36.5,49.18,36.5
2022-06-30,22.5,22.33,22.5,36.19,25.33
2022-07-01,86.53,91.13,89.27,23.2,92.6
2022-07-02,108.27,118.87,117.53,10.21,110.13
2022-07-03,109.14,105.48,109.67,9.79,97.43
2022-07-04,72.74,70.17,75.04,9.09,69.74
2022-07-05,69.0,46.05,72.95,7.97,74.26
2022-07-06,75.72,99.78,87.0,25.98,65.44
2022-07-07,74.68,133.26,91.74,41.23,69.58
2022-07-08,73.02,96.56,69.51,45.27,73.36
2022-07-09,71.36,59.86,47.29,55.72,77.14
2022-07-10,28.75,65.2,67.9,58.79,83.95
2022-07-11,37.7,81.55,80.55,62.96,90.4
2022-07-12,92.5,105.0,100.1,71.26,96.8
2022-07-13,86.17,97.94,95.22,69.64,88.61
2022-07-14,82.19,83.1,81.95,68.05,75.43
2022-07-15,69.67,76.52,63.62,57.85,65.57
2022-07-16,54.21,51.0,55.36,49.66,54.86
2022-07-17,68.95,73.5,81.9,51.69,68.75
2022-07-18,91.1,111.4,103.05,64.27,90.95
2022-07-19,95.76,97.57,93.43,75.16,93.71
2022-07-20,92.84,107.63,98.37,73.95,100.37
2022-07-21,90.71,96.33,95.24,82.01,98.76
2022-07-22,94.05,97.5,105.9,89.16,97.7
2022-07-23,70.0,74.65,74.0,80.46,68.5
2022-07-24,63.63,65.42,65.84,63.25,52.58
2022-07-25,69.0,62.62,74.05,64.76,52.1
2022-07-26,79.85,84.75,80.85,67.1,75.6
2022-07-27,88.0,94.71,85.76,77.79,90.0
2022-07-28,100.55,113.85,91.35,88.83,101.55
2022-07-29,76.86,84.29,19.29,76.38,78.43
2022-07-30,76.05,87.95,82.9,67.44,76.45
2022-07-31,94.39,100.39,86.78,78.45,92.94
2022-08-01,82.95,95.56,78.53,81.41,80.58
2022-08-02,78.0,90.72,77.5,70.71,83.78
2022-08-03,100.7,113.05,108.2,89.37,101.95
2022-08-04,81.07,94.0,86.6,83.23,74.73
2022-08-05,58.38,80.38,66.43,59.71,58.62
2022-08-06,65.53,91.68,83.21,55.95,72.53
2022-08-07,94.85,87.9,92.6,83.33,102.9
2022-08-08,65.62,62.0,74.88,71.34,74.12
2022-08-09,8.38,71.5,73.04,61.23,69.92
2022-08-10,82.55,93.36,96.45,69.47,87.91
2022-08-11,84.1,81.76,91.33,80.4,89.1
2022-08-12,77.09,73.26,83.87,75.56,78.96
2022-08-13,72.08,69.15,77.15,65.98,75.15
2022-08-14,82.16,77.89,77.16,71.36,78.11
2022-08-15,69.44,63.22,72.0,62.88,67.67
2022-08-16,74.33,70.76,73.81,64.33,49.38
2022-08-17,66.93,58.93,65.79,72.55,64.86
2022-08-18,68.05,74.55,80.15,65.11,72.8
2022-08-19,73.68,78.32,72.53,67.83,79.53
2022-08-20,74.0,78.0,71.67,68.59,79.0
2022-08-21,72.73,68.18,67.55,68.91,73.91
2022-08-22,66.95,65.79,65.47,64.27,68.21
2022-08-23,90.63,93.84,95.0,74.24,94.79
2022-08-24,91.75,90.95,87.9,84.68,91.6
2022-08-25,80.4,77.3,76.45,80.47,81.75
2022-08-26,94.89,99.89,103.78,81.18,98.33
2022-08-27,106.46,99.0,111.31,100.68,107.38
2022-08-28,85.0,57.33,88.48,78.09,83.48
2022-08-29,75.65,66.25,76.4,67.85,75.45
2022-08-30,70.59,65.12,72.88,66.88,73.06
2022-08-31,74.73,73.59,79.61,80.15,75.14
2022-09-01,78.86,82.06,86.33,87.01,77.22
2022-09-02,83.0,90.53,93.06,72.81,79.29
2022-09-03,78.78,82.39,78.67,69.09,71.61
2022-09-04,54.35,52.94,48.35,45.54,54.24
2022-09-05,79.17,78.39,78.28,58.89,79.06
2022-09-06,76.18,70.47,74.82,70.24,77.18
2022-09-07,67.26,69.68,72.79,57.44,62.11
2022-09-08,72.33,76.78,67.72,65.99,72.06
2022-09-09,82.26,70.74,87.89,76.88,86.26
2022-09-10,82.77,70.0,86.25,65.76,85.15
2022-09-11,83.28,69.27,84.6,65.08,84.03
2022-09-12,83.79,68.53,82.95,57.47,82.92
2022-09-13,84.3,67.8,81.3,63.67,81.8
2022-09-14,84.57,68.67,80.81,77.44,88.29
2022-09-15,92.82,104.59,109.53,79.38,92.82
2022-09-16,89.64,92.07,95.9,76.46,88.73
2022-09-17,86.45,79.55,82.27,73.8,84.64
2022-09-18,105.48,92.91,89.65,85.64,91.0
2022-09-19,98.0,89.4,96.75,89.91,91.75
2022-09-20,81.25,78.15,84.3,76.44,86.15
2022-09-21,83.14,83.57,85.76,76.99,87.1
2022-09-22,80.0,81.32,87.68,73.43,48.0
2022-09-23,82.0,70.0,84.74,74.71,95.53
2022-09-24,81.59,70.91,83.76,70.43,93.62
2022-09-25,81.19,71.83,82.79,62.68,91.71
2022-09-26,80.78,72.74,81.81,69.76,89.8
2022-09-27,80.38,73.66,80.84,66.42,87.89
2022-09-28,79.97,74.57,79.86,66.64,85.98
2022-09-29,79.56,75.48,78.89,74.74,84.07
2022-09-30,79.16,76.4,77.91,80.65,82.16
2022-10-01,78.75,77.31,76.94,73.3,80.25
2022-10-02,46.0,47.0,50.77,57.45,47.36
2022-10-03,67.04,63.26,71.91,54.01,63.43
2022-10-04,63.18,54.45,64.23,60.23,68.18
2022-10-05,61.96,55.12,38.96,55.58,62.92
2022-10-06,73.24,64.94,43.28,62.54,72.88
2022-10-07,70.28,66.5,47.61,60.38,69.62
2022-10-08,67.33,68.05,51.93,50.93,66.36
2022-10-09,64.37,69.61,56.26,57.4,63.1
2022-10-10,61.42,71.17,60.58,61.13,59.83
2022-10-11,90.11,97.44,79.0,72.51,87.11
2022-10-12,79.47,71.84,83.84,78.48,89.11
2022-10-13,73.68,60.42,76.05,66.42,79.63
2022-10-14,65.67,53.38,70.48,60.95,80.43
2022-10-15,73.48,58.81,67.57,60.3,71.86
2022-10-16,76.21,57.74,28.68,60.92,77.42
2022-10-17,74.19,64.38,24.93,64.44,71.24
2022-10-18,77.68,24.79,21.17,69.0,73.47
2022-10-19,77.15,64.95,17.41,68.39,84.0
2022-10-20,76.47,64.58,13.66,70.99,83.47
2022-10-21,72.59,66.25,9.9,55.76,79.92
2022-10-22,68.71,67.93,6.14,52.46,76.36
2022-10-23,63.0,65.68,22.09,60.44,66.32
2022-10-24,47.53,53.53,24.08,34.9,48.6
2022-10-25,41.42,45.63,26.06,35.1,44.32
2022-10-26,47.58,47.68,28.05,35.31,49.94
2022-10-27,53.74,49.72,30.03,35.51,55.56
2022-10-28,59.9,51.77,32.02,35.72,61.19
2022-10-29,66.06,53.81,34.0,35.92,66.81
2022-10-30,62.23,54.68,55.41,36.12,61.18
2022-10-31,64.48,52.17,53.04,36.33,67.39
2022-11-01,61.47,56.73,53.2,36.53,60.8
2022-11-02,87.06,65.65,67.76,36.74,98.47
2022-11-03,69.35,61.0,57.1,36.94,69.35
2022-11-04,82.08,92.92,69.83,37.14,82.42
2022-11-05,73.1,68.75,62.4,74.88,78.2
2022-11-06,73.04,70.18,63.68,68.78,77.38
2022-11-07,72.97,71.61,64.97,58.71,76.56
2022-11-08,72.91,73.03,66.25,75.09,75.74
2022-11-09,72.85,74.46,67.54,76.26,74.92
2022-11-10,55.75,75.75,48.5,60.81,61.92
2022-11-11,60.06,64.29,42.97,57.54,53.24
2022-11-12,50.5,60.0,37.44,38.17,43.0
2022-11-13,53.95,60.38,49.0,47.66,49.38
2022-11-14,59.79,64.47,54.84,40.25,59.84
2022-11-15,55.58,74.68,46.74,22.2,49.79
2022-11-16,53.44,79.44,7.83,4.15,44.11
2022-11-17,51.35,62.01,10.07,52.28,45.51
2022-11-18,49.25,44.58,12.3,44.73,46.92
2022-11-19,52.7,53.61,14.54,47.39,47.39
2022-11-20,49.46,55.0,16.77,45.52,44.62
2022-11-21,36.5,60.93,19.01,30.58,41.36
2022-11-22,40.3,70.57,21.24,35.97,38.35
2022-11-23,49.36,71.86,23.48,37.59,50.64
2022-11-24,50.94,48.59,25.71,51.81,45.76
2022-11-25,57.48,69.0,27.95,51.94,60.71
2022-11-26,88.45,120.35,30.18,88.57,96.05
2022-11-27,79.61,104.0,32.42,81.13,73.78
2022-11-28,70.1,85.0,34.65,82.53,69.51
2022-11-29,60.58,66.0,36.89,66.48,65.25
2022-11-30,65.18,71.05,39.12,62.95,67.27
2022-12-01,71.0,80.05,41.36,68.81,73.55
2022-12-02,67.05,88.75,43.59,66.83,67.05
2022-12-03,74.05,77.35,45.83,70.43,71.1
2022-12-04,76.75,72.44,48.06,77.63,71.12
2022-12-05,74.16,73.53,50.3,73.64,77.32
2022-12-06,76.94,79.5,52.53,76.39,84.88
2022-12-07,67.19,74.14,54.77,69.74,68.29
2022-12-08,63.4,76.53,57.0,72.17,62.4
2022-12-09,71.95,87.65,67.85,73.64,70.6
2022-12-10,48.95,62.53,58.11,58.7,60.21
2022-12-11,58.86,65.24,43.52,56.93,62.33
2022-12-12,43.39,57.67,28.28,40.57,40.56
2022-12-13,38.79,69.89,27.84,34.4,37.26
2022-12-14,46.11,70.62,35.56,31.65,44.98
2022-12-15,53.43,71.35,43.28,34.18,52.7
2022-12-16,60.75,72.08,51.0,50.42,60.42
2022-12-17,68.81,72.06,56.09,73.31,68.94
2022-12-18,76.88,72.04,61.19,89.71,77.46
2022-12-19,84.94,72.02,66.28,88.33,85.98
2022-12-20,93.0,72.0,71.38,94.89,94.5
2022-12-21,86.8,69.11,71.32,68.96,88.75
2022-12-22,80.59,66.22,71.27,63.99,83.0
2022-12-23,74.39,63.33,71.22,45.25,77.25
2022-12-24,68.19,60.44,71.16,64.04,71.5
2022-12-25,61.98,57.56,71.11,63.54,65.75
2022-12-26,55.78,54.67,71.06,52.86,60.0
2022-12-27,42.39,33.48,71.0,55.93,46.65
2022-12-28,44.45,60.0,70.95,47.4,46.36
2022-12-29,30.41,30.47,70.9,39.58,27.82
2022-12-30,53.58,56.63,70.85,50.68,53.89
2022-12-31,66.56,69.39,70.79,65.58,59.28
2023-01-01,57.12,48.06,70.74,58.21,60.76
2023-01-02,42.89,40.89,70.69,49.59,45.16
2023-01-03,36.38,32.88,70.63,51.12,33.5
2023-01-04,39.42,40.74,70.58,44.28,42.42
2023-01-05,51.27,59.91,70.53,61.12,53.91
2023-01-06,48.05,71.27,70.47,52.1,45.55
2023-01-07,41.4,67.15,70.42,36.06,40.9
2023-01-08,45.92,63.96,70.37,42.75,55.5
2023-01-09,41.0,71.05,70.32,38.4,48.91
2023-01-10,44.84,66.74,70.26,50.61,51.84
2023-01-11,59.74,17.84,70.21,53.45,60.16
2023-01-12,70.8,71.2,70.16,74.03,87.1
2023-01-13,71.55,72.74,70.1,75.94,84.3
2023-01-14,72.3,74.28,70.05,74.96,81.5
2023-01-15,73.04,75.81,70.0,61.55,78.69
2023-01-16,73.79,77.35,69.94,46.3,75.89
2023-01-17,74.54,78.89,69.89,38.48,73.09
2023-01-18,75.29,80.43,69.84,28.14,70.29
2023-01-19,67.82,66.32,69.79,78.82,67.27
2023-01-20,56.38,80.25,69.73,57.75,56.75
2023-01-21,58.3,67.95,69.68,54.81,58.9
2023-01-22,50.17,65.17,69.63,55.4,55.62
2023-01-23,28.39,53.43,69.57,36.38,49.57
2023-01-24,38.5,32.0,69.52,39.43,48.25
2023-01-25,42.46,30.29,69.47,45.36,44.21
2023-01-26,49.44,63.56,69.41,53.32,46.94
2023-01-27,56.14,74.95,69.36,57.63,54.81
2023-01-28,48.71,70.33,69.31,53.61,50.14
2023-01-29,59.55,75.36,69.26,62.19,60.05
2023-01-30,54.14,77.57,69.2,55.04,54.57
2023-01-31,66.0,99.9,69.15,66.92,61.2
2023-02-01,66.46,92.07,69.1,63.32,62.61
2023-02-02,66.93,84.24,69.04,59.19,64.03
2023-02-03,67.39,76.4,68.99,53.05,65.44
2023-02-04,67.86,68.57,68.94,63.34,66.86
2023-02-05,59.04,62.7,68.88,62.68,57.04
2023-02-06,52.79,49.42,68.83,54.34,52.11
2023-02-07,51.22,44.39,68.78,57.29,50.67
2023-02-08,38.0,42.6,68.73,48.46,44.5
2023-02-09,44.77,40.82,68.67,50.85,50.95
2023-02-10,32.25,40.75,68.62,39.1,32.25
2023-02-11,39.0,44.5,68.57,46.89,38.75
2023-02-12,14.8,30.4,68.51,33.23,20.4
2023-02-13,22.67,30.67,68.46,29.8,23.67
2023-02-14,20.1,33.9,68.41,30.31,26.0
2023-02-15,22.5,35.17,68.35,30.82,28.33
2023-02-16,28.57,46.07,68.3,42.93,34.14
2023-02-17,34.08,44.42,68.25,51.58,38.67
2023-02-18,67.22,65.0,68.2,65.39,59.11
2023-02-19,72.73,72.18,68.14,72.97,68.91
2023-02-20,52.73,58.73,68.09,61.48,52.45
2023-02-21,34.67,47.83,68.04,43.59,39.58
2023-02-22,31.91,40.91,67.98,43.62,36.91
2023-02-23,43.33,57.33,67.93,51.93,40.56
2023-02-24,32.57,48.07,67.88,41.2,33.43
2023-02-25,45.5,59.7,67.83,53.23,47.8
2023-02-26,42.53,49.47,67.77,53.26,42.93
2023-02-27,24.2,48.0,67.72,48.73,35.6
2023-02-28,22.29,60.71,67.67,57.15,47.43
2023-03-01,45.42,43.75,67.61,52.98,41.83
2023-03-02,35.44,32.33,67.56,51.74,38.11
2023-03-03,46.22,50.11,67.51,52.51,40.33
2023-03-04,42.5,55.3,67.45,49.9,41.0
2023-03-05,45.17,52.5,67.4,49.68,46.25
2023-03-06,43.64,55.09,67.35,52.32,47.45
2023-03-07,50.55,67.91,67.3,48.84,50.73
2023-03-08,55.56,87.67,67.24,54.74,43.44
2023-03-09,57.12,82.12,67.19,64.16,57.62
2023-03-10,57.89,76.0,67.14,57.19,51.67
2023-03-11,63.25,67.25,67.08,66.67,64.12
2023-03-12,80.73,94.18,67.03,83.48,92.64
2023-03-13,72.5,86.4,66.98,77.08,77.7
2023-03-14,65.33,83.33,66.92,9.37,60.0
2023-03-15,43.1,58.7,66.87,54.49,48.6
2023-03-16,74.8,89.2,66.82,81.12,78.5
2023-03-17,60.0,90.89,66.77,72.08,64.11
2023-03-18,59.0,65.75,66.71,63.37,68.5
2023-03-19,66.11,69.56,66.66,67.39,69.22
2023-03-20,65.43,68.83,66.61,75.3,67.63
2023-03-21,64.76,68.11,66.55,79.21,66.04
2023-03-22,64.08,67.38,66.5,69.73,64.45
2023-03-23,63.4,66.65,66.45,57.17,62.85
2023-03-24,62.72,65.93,66.39,57.71,61.26
2023-03-25,62.04,65.2,66.34,72.44,59.67
2023-03-26,61.37,64.48,66.29,69.42,58.08
2023-03-27,60.69,63.75,66.24,56.38,56.49
2023-03-28,60.01,63.03,66.18,68.73,54.89
2023-03-29,59.33,62.3,66.13,74.28,53.3
2023-03-30,58.66,61.58,66.08,72.05,51.71
2023-03-31,57.98,60.85,66.02,63.82,50.12
2023-04-01,57.3,60.13,65.97,52.18,48.53
2023-04-02,56.62,59.4,65.92,39.5,46.94
2023-04-03,55.94,58.68,65.86,66.73,45.34
2023-04-04,55.27,57.95,65.81,67.15,43.75
2023-04-05,54.59,57.23,65.76,60.37,42.16
2023-04-06,53.91,56.5,65.71,67.43,40.57
2023-04-07,53.23,55.78,65.65,57.15,38.98
2023-04-08,52.56,55.05,65.6,78.91,37.38
2023-04-09,51.88,54.33,65.55,83.14,35.79
2023-04-10,51.2,53.6,65.49,53.05,34.2
2023-04-11,46.47,45.6,65.44,42.5,31.87
2023-04-12,52.3,52.3,65.39,31.95,35.2
2023-04-13,48.0,58.42,65.33,37.13,36.0
2023-04-14,62.9,63.4,65.28,50.12,54.2
2023-04-15,85.83,58.17,65.23,65.2,75.33
2023-04-16,65.17,61.33,65.18,65.52,64.17
2023-04-17,58.42,61.67,65.12,52.69,56.75
2023-04-18,72.78,63.22,65.07,65.02,69.22
2023-04-19,71.0,66.55,65.02,73.49,72.09
2023-04-20,64.58,63.25,64.96,70.33,68.58
2023-04-21,69.46,10.15,64.91,75.46,73.23
2023-04-22,70.21,13.67,64.86,72.42,73.78
2023-04-23,70.95,17.18,64.8,70.54,74.33
2023-04-24,71.7,20.7,64.75,72.35,74.87
2023-04-25,72.44,24.21,64.7,61.41,75.42
2023-04-26,73.19,27.73,64.65,55.44,75.97
2023-04-27,73.93,31.24,64.59,66.94,76.51
2023-04-28,74.68,34.75,64.54,61.31,77.06
2023-04-29,75.42,38.27,64.49,71.35,77.61
2023-04-30,76.17,41.78,64.43,88.36,78.16
2023-05-01,76.92,45.3,64.38,74.93,78.7
2023-05-02,77.66,48.81,64.33,92.28,79.25
2023-05-03,78.41,52.33,64.28,89.92,79.8
2023-05-04,79.15,55.84,64.22,60.23,80.35
2023-05-05,79.9,59.35,64.17,61.22,80.89
2023-05-06,80.64,62.87,64.12,72.19,81.44
2023-05-07,81.39,66.38,64.06,77.46,81.99
2023-05-08,82.13,69.9,64.01,76.93,82.54
2023-05-09,82.88,73.41,63.96,69.28,83.08
2023-05-10,83.62,76.93,63.9,92.15,83.63
2023-05-11,84.37,80.44,63.85,95.4,84.18
2023-05-12,85.12,83.96,63.8,60.55,84.72
2023-05-13,85.86,87.47,63.75,57.63,85.27
2023-05-14,86.61,90.98,63.69,67.93,85.82
2023-05-15,87.35,94.5,63.64,72.68,86.37
2023-05-16,88.1,98.01,63.59,81.37,86.91
2023-05-17,88.84,101.53,63.53,83.68,87.46
2023-05-18,89.59,105.04,63.48,93.67,88.01
2023-05-19,90.33,108.56,63.43,91.22,88.56
2023-05-20,95.82,96.36,63.37,98.09,93.18
2023-05-21,98.45,89.18,63.32,98.46,97.82
2023-05-22,86.46,76.31,63.27,96.4,87.54
2023-05-23,56.29,49.57,63.22,106.21,58.86
2023-05-24,101.33,115.33,63.16,99.65,99.67
2023-05-25,95.73,103.73,63.11,102.21,99.36
2023-05-26,98.25,89.67,63.06,100.96,101.67
2023-05-27,97.55,99.64,63.0,99.71,95.18
2023-05-28,88.08,101.0,62.95,98.46,84.46
2023-05-29,96.71,104.57,62.9,97.21,91.79
2023-05-30,94.38,109.23,62.84,95.95,94.54
2023-05-31,89.67,85.67,62.79,94.7,97.17
2023-06-01,87.62,76.31,62.74,93.45,96.81
2023-06-02,89.0,92.93,62.69,94.56,95.0
2023-06-03,90.33,99.33,62.63,98.41,91.0
2023-06-04,87.78,96.94,62.58,88.17,89.67
2023-06-05,85.22,94.56,62.53,86.78,88.33
2023-06-06,82.67,92.17,62.47,84.88,87.0
2023-06-07,80.11,89.78,62.42,85.32,85.67
2023-06-08,77.56,87.39,62.37,87.35,84.33
2023-06-09,75.0,85.0,62.31,86.37,83.0
2023-06-10,80.17,85.35,62.26,78.16,86.17
2023-06-11,85.33,85.7,62.21,89.76,89.33
2023-06-12,90.5,86.05,62.16,91.16,92.5
2023-06-13,81.8,86.4,62.1,24.9,84.8
2023-06-14,81.19,85.62,62.05,86.6,84.52
2023-06-15,88.12,80.0,62.0,95.09,93.62
2023-06-16,79.4,85.85,61.94,91.7,85.6
2023-06-17,80.82,72.05,61.89,84.82,72.73
2023-06-18,88.29,91.64,61.84,93.31,88.21
2023-06-19,67.58,65.58,61.78,74.6,70.42
2023-06-20,74.52,63.05,61.73,76.19,73.52
2023-06-21,86.07,82.93,61.68,89.75,85.64
2023-06-22,97.06,95.41,61.63,101.01,85.71
2023-06-23,81.0,76.86,61.57,87.35,87.76
2023-06-24,74.5,76.29,61.52,77.77,75.36
2023-06-25,76.29,71.18,61.47,80.4,74.93
2023-06-26,78.07,66.07,61.41,87.74,74.5
2023-06-27,92.19,71.95,61.36,95.02,90.1
2023-06-28,71.0,57.67,61.31,78.86,69.57
2023-06-29,57.44,49.06,61.26,57.74,56.94
2023-06-30,62.59,54.24,61.2,61.86,59.71
2023-07-01,81.86,76.05,61.15,77.61,77.76
2023-07-02,83.3,81.55,61.1,91.94,78.25
2023-07-03,79.15,73.9,61.04,81.97,75.65
2023-07-04,77.7,72.8,60.99,85.18,75.1
2023-07-05,92.21,12.47,60.94,90.45,101.32
2023-07-06,102.76,107.19,60.88,108.81,92.14
2023-07-07,93.78,92.94,60.83,99.79,82.06
2023-07-08,71.43,69.33,60.78,86.59,72.24
2023-07-09,67.05,58.3,60.73,72.27,70.25
2023-07-10,63.9,65.95,60.67,69.87,68.05
2023-07-11,71.25,78.3,60.62,75.15,80.3
2023-07-12,85.85,88.25,60.57,78.6,86.55
2023-07-13,93.78,81.39,60.51,45.08,92.22
2023-07-14,91.81,77.95,60.46,96.06,86.48
2023-07-15,82.21,64.37,60.41,86.72,78.16
2023-07-16,80.95,64.65,60.35,77.99,74.55
2023-07-17,76.0,64.84,60.3,77.38,71.37
2023-07-18,86.57,82.38,60.25,75.58,90.86
2023-07-19,84.85,79.15,60.2,73.77,87.15
2023-07-20,80.2,72.4,60.14,71.96,53.4
2023-07-21,93.8,90.0,60.09,70.15,79.35
2023-07-22,108.38,103.67,60.04,68.34,92.57
2023-07-23,86.8,86.8,59.98,66.54,78.4
2023-07-24,79.68,84.26,59.93,64.73,77.63
2023-07-25,97.6,96.07,59.88,62.92,91.53
2023-07-26,95.73,88.77,59.82,104.2,90.32
2023-07-27,101.95,98.05,59.77,101.21,103.5
2023-07-28,97.55,93.5,59.72,109.48,100.25
2023-07-29,39.86,78.81,59.67,97.09,97.14
2023-07-30,44.17,79.94,59.61,93.51,92.44
2023-07-31,67.95,72.7,59.56,90.57,84.05
2023-08-01,80.45,71.9,59.51,84.73,80.7
2023-08-02,74.11,74.58,59.45,76.82,78.05
2023-08-03,82.43,83.76,59.4,85.24,77.95
2023-08-04,89.78,82.06,59.35,92.56,86.83
2023-08-05,89.72,76.17,59.29,87.25,85.33
2023-08-06,96.14,80.24,59.24,84.03,89.33
2023-08-07,110.76,108.12,59.19,107.57,95.18
2023-08-08,95.55,90.3,59.14,103.24,85.75
2023-08-09,79.2,74.15,59.08,85.36,72.5
2023-08-10,85.56,76.0,59.03,85.56,79.06
2023-08-11,97.35,88.82,58.98,97.41,88.35
2023-08-12,95.95,94.24,58.92,95.74,82.14
2023-08-13,88.0,87.05,58.87,88.41,79.05
2023-08-14,82.7,74.05,58.82,81.33,81.65
2023-08-15,88.76,88.47,58.76,88.73,89.59
2023-08-16,92.5,83.25,58.71,96.08,90.05
2023-08-17,89.11,75.84,58.66,93.78,86.16
2023-08-18,70.06,62.28,58.61,70.19,61.94
2023-08-19,80.57,74.24,58.55,74.83,72.57
2023-08-20,86.0,80.81,58.5,82.62,75.5
2023-08-21,83.29,78.86,58.45,82.32,75.52
2023-08-22,86.0,86.53,58.39,85.5,77.63
2023-08-23,96.52,78.95,58.34,95.63,90.52
2023-08-24,91.35,84.8,58.29,93.32,90.25
2023-08-25,87.8,86.25,58.23,88.2,92.3
2023-08-26,84.58,87.0,58.18,84.27,79.16
2023-08-27,90.15,88.95,58.13,82.91,84.75
2023-08-28,88.63,75.74,58.08,94.99,89.58
2023-08-29,90.37,86.47,58.02,88.5,90.53
2023-08-30,89.5,92.88,57.97,91.23,95.31
2023-08-31,101.09,92.73,57.92,95.28,102.64
2023-09-01,105.56,90.12,57.86,107.27,103.19
2023-09-02,107.61,91.57,57.81,105.91,94.0
2023-09-03,94.75,80.4,57.76,95.33,88.2
2023-09-04,63.93,71.21,57.71,88.15,83.93
2023-09-05,97.35,79.35,57.65,88.17,100.04
2023-09-06,92.53,80.47,9.16,86.18,89.0
2023-09-07,95.71,91.93,90.86,87.42,95.5
2023-09-08,100.29,87.33,82.62,94.31,95.43
2023-09-09,88.29,78.9,78.0,91.66,90.52
2023-09-10,84.56,70.33,74.5,85.95,89.61
2023-09-11,88.83,70.44,73.83,86.38,86.78
2023-09-12,85.43,73.0,73.57,84.68,89.81
2023-09-13,83.63,80.32,74.74,76.36,83.37
2023-09-14,76.05,70.55,69.25,81.47,80.6
2023-09-15,80.53,75.47,72.53,81.16,84.47
2023-09-16,84.95,83.05,76.47,26.73,88.47
2023-09-17,78.12,77.25,29.19,77.79,80.5
2023-09-18,75.95,74.1,38.2,78.62,72.6
2023-09-19,85.95,77.1,80.3,85.65,78.8
2023-09-20,85.33,79.57,77.81,93.78,85.0
2023-09-21,82.93,76.71,76.0,89.14,82.86
2023-09-22,90.85,72.15,72.7,91.7,88.55
2023-09-23,84.0,66.0,67.33,80.64,80.39
2023-09-24,78.0,65.68,66.84,77.06,75.84
2023-09-25,85.16,71.37,75.32,88.59,103.05
2023-09-26,87.53,67.05,75.37,86.02,84.74
2023-09-27,88.53,71.84,75.63,79.01,81.68
2023-09-28,96.65,72.88,83.53,80.95,90.29
2023-09-29,90.44,81.61,82.67,85.85,94.89
2023-09-30,94.95,81.1,84.2,89.95,90.9
2023-10-01,117.39,88.5,84.39,108.69,107.0
2023-10-02,125.17,87.83,76.5,105.56,100.38
2023-10-03,94.74,69.68,68.95,92.29,81.95
2023-10-04,90.8,71.45,67.55,83.96,88.95
2023-10-05,90.06,78.39,65.28,88.31,83.72
2023-10-06,85.5,79.3,72.05,84.19,85.15
2023-10-07,105.7,87.9,84.8,104.77,106.1
2023-10-08,93.28,81.11,79.67,103.8,97.33
2023-10-09,86.45,71.85,80.95,85.08,72.1
2023-10-10,77.45,66.85,63.0,81.15,80.0
2023-10-11,75.45,73.85,63.2,80.08,74.8
2023-10-12,89.25,80.5,72.69,86.71,90.44
2023-10-13,104.85,90.4,75.7,93.65,90.2
2023-10-14,112.68,78.74,76.79,99.35,94.42
2023-10-15,98.17,74.17,67.39,85.77,83.44
2023-10-16,96.44,77.38,69.12,81.66,85.12
2023-10-17,101.62,85.52,77.06,89.24,94.13
2023-10-18,106.8,93.67,85.0,89.83,103.13
2023-10-19,97.11,81.74,74.05,99.92,97.58
2023-10-20,77.67,71.53,58.33,79.01,80.07
2023-10-21,51.57,80.24,72.38,89.21,41.14
2023-10-22,90.61,82.78,4.22,87.17,46.15
2023-10-23,86.4,86.8,28.68,90.16,51.15
2023-10-24,93.86,86.81,53.14,93.22,88.38
2023-10-25,84.7,71.8,70.9,92.89,87.55
2023-10-26,98.26,79.21,82.37,100.71,104.21
2023-10-27,101.0,78.0,81.39,108.23,107.78
2023-10-28,98.55,83.15,74.85,102.56,95.85
2023-10-29,92.89,45.16,69.63,98.0,92.11
2023-10-30,85.29,45.12,69.47,92.64,86.88
2023-10-31,91.9,78.33,27.9,94.16,93.19
2023-11-01,87.79,72.0,100.16,99.21,90.21
2023-11-02,84.0,68.65,77.06,88.68,84.82
2023-11-03,89.48,71.81,99.57,96.19,98.95
2023-11-04,93.9,73.95,102.14,98.65,99.67
2023-11-05,67.15,53.7,73.05,85.13,60.95
2023-11-06,73.19,59.71,84.0,77.48,75.62
2023-11-07,83.5,81.95,86.75,83.86,81.65
2023-11-08,75.1,74.71,79.76,77.54,75.24
2023-11-09,87.7,72.3,89.8,90.06,95.1
2023-11-10,105.42,70.58,92.47,99.27,103.74
2023-11-11,91.0,65.32,91.89,98.82,90.53
2023-11-12,80.38,56.38,81.05,90.68,90.67
2023-11-13,82.0,59.71,84.14,85.45,93.93
2023-11-14,78.45,63.0,78.8,56.15,79.75
2023-11-15,68.38,64.62,67.38,78.4,69.23
2023-11-16,81.0,77.27,77.13,38.95,82.2
2023-11-17,87.83,72.61,79.11,18.5,80.44
2023-11-18,103.28,72.67,75.06,21.4,68.28
2023-11-19,79.94,68.17,62.78,24.31,75.56
2023-11-20,75.28,67.11,71.11,27.21,69.11
2023-11-21,84.65,72.4,80.2,30.12,76.85
2023-11-22,71.53,65.05,69.79,33.02,66.79
2023-11-23,86.2,76.85,81.1,35.93,81.1
2023-11-24,104.14,100.76,112.29,38.83,97.33
2023-11-25,85.84,76.79,97.84,41.74,75.42
2023-11-26,73.05,62.9,72.81,44.64,66.24
2023-11-27,77.16,74.89,77.74,47.54,69.0
2023-11-28,94.37,80.26,86.05,50.45,72.11
2023-11-29,84.32,83.64,88.32,53.35,78.0
2023-11-30,65.92,66.17,61.58,56.26,59.67
2023-12-01,75.07,65.36,68.57,59.16,66.0
2023-12-02,93.26,76.48,76.0,62.07,83.91
2023-12-03,79.06,64.0,68.83,64.97,67.33
2023-12-04,66.2,61.0,70.0,67.88,59.5
2023-12-05,81.05,81.42,97.89,70.78,77.53
2023-12-06,81.43,81.9,90.86,73.69,78.48
2023-12-07,77.95,76.25,79.65,70.8,74.9
2023-12-08,83.26,78.58,74.89,75.01,76.47
2023-12-09,79.48,76.19,81.0,78.88,84.67
2023-12-10,78.2,82.95,78.35,73.29,72.6
2023-12-11,82.35,77.25,79.5,82.96,85.15
2023-12-12,82.89,76.47,83.21,77.22,84.58
2023-12-13,78.3,81.05,68.8,72.19,60.05
2023-12-14,86.68,72.95,73.37,80.8,87.37
2023-12-15,81.5,69.93,81.71,78.18,85.5
2023-12-16,82.61,74.72,75.17,70.64,86.06
2023-12-17,85.1,74.6,79.65,73.13,79.65
2023-12-18,76.33,75.83,70.17,66.81,75.72
2023-12-19,79.95,75.37,68.05,68.1,81.32
2023-12-20,69.83,69.28,69.11,62.21,77.72
2023-12-21,29.78,75.44,65.33,60.74,82.67
2023-12-22,39.5,87.15,74.0,62.58,76.3
2023-12-23,89.42,93.95,84.32,68.16,86.26
2023-12-24,108.32,105.95,105.42,93.11,101.58
2023-12-25,89.89,81.11,87.63,87.96,82.37
2023-12-26,84.59,79.41,88.14,76.93,83.08
2023-12-27,79.29,77.71,88.64,77.3,83.79
2023-12-28,76.28,72.44,80.67,74.73,79.56
2023-12-29,84.21,80.37,82.68,72.16,86.63
2023-12-30,82.1,78.05,85.75,69.59,83.45
2023-12-31,82.0,76.07,89.6,67.02,85.8
2024-01-01,90.19,91.75,100.44,64.45,102.88
2024-01-02,79.95,72.67,71.33,61.88,76.81
2024-01-03,73.76,63.88,57.65,59.97,60.59
2024-01-04,40.0,67.5,57.17,60.13,61.17
2024-01-05,53.0,68.25,63.08,65.11,68.58
2024-01-06,66.0,69.0,69.0,70.09,76.0
2024-01-07,74.8,72.35,84.4,75.07,83.95
2024-01-08,58.71,71.86,61.67,64.25,61.24
2024-01-09,52.44,69.33,79.83,56.77,65.61
2024-01-10,63.47,66.0,71.32,63.85,74.79
2024-01-11,58.78,77.56,60.61,64.11,56.94
2024-01-12,34.79,53.57,30.14,46.87,39.93
2024-01-13,45.89,61.51,46.43,40.94,48.49
2024-01-14,57.0,69.46,62.71,50.34,57.04
2024-01-15,68.1,77.4,79.0,61.77,65.6
2024-01-16,48.33,60.5,47.67,42.35,49.67
2024-01-17,51.67,65.22,51.39,48.4,51.94
2024-01-18,38.88,48.71,39.04,54.45,40.87
2024-01-19,26.1,32.2,26.7,25.26,29.8
2024-01-20,28.67,42.11,28.89,19.51,32.17
2024-01-21,46.95,63.53,46.89,26.04,46.26
2024-01-22,28.21,37.58,27.0,19.96,31.47
2024-01-23,34.46,51.85,35.85,24.64,40.08
2024-01-24,35.87,64.6,45.87,27.32,40.0
2024-01-25,55.05,55.35,57.85,36.68,56.25
2024-01-26,55.79,60.0,53.21,51.5,66.26
2024-01-27,30.95,57.14,38.38,41.28,37.0
2024-01-28,48.88,58.88,62.24,42.95,52.41
2024-01-29,45.27,67.73,53.75,40.89,50.12
2024-01-30,41.67,76.57,63.81,53.67,62.86
2024-01-31,45.94,54.06,46.24,43.83,43.71
2024-02-01,68.29,68.12,76.53,59.59,25.94
2024-02-02,64.05,54.47,70.37,62.09,61.84
2024-02-03,51.65,45.15,48.85,49.79,54.3
2024-02-04,43.35,50.0,28.06,24.77,48.06
2024-02-05,60.05,71.81,60.29,41.98,65.57
2024-02-06,64.16,74.53,74.63,59.38,58.11
2024-02-07,52.21,52.47,54.63,48.45,54.79
2024-02-08,59.5,75.3,65.05,53.49,71.5
2024-02-09,68.89,64.94,73.06,61.78,76.44
2024-02-10,60.47,63.42,64.74,61.65,60.95
2024-02-11,57.25,68.25,67.7,51.49,52.45
2024-02-12,53.25,66.06,55.88,37.16,52.12
2024-02-13,52.45,71.4,53.65,33.3,52.95
2024-02-14,40.17,55.61,36.39,29.44,41.44
2024-02-15,49.75,62.38,53.88,36.59,56.0
2024-02-16,73.95,86.1,77.57,70.51,82.57
2024-02-17,49.41,71.82,70.94,57.86,40.41
2024-02-18,53.79,62.21,56.95,52.11,63.47
2024-02-19,62.56,68.5,75.39,50.57,7.39
2024-02-20,61.19,67.72,72.68,49.02,10.48
2024-02-21,59.83,66.94,69.98,47.48,13.57
2024-02-22,58.47,66.16,67.27,45.94,16.65
2024-02-23,57.11,65.38,64.56,44.39,19.74
2024-02-24,55.75,64.6,61.85,42.85,22.83
2024-02-25,54.39,63.81,59.15,41.31,25.92
2024-02-26,53.03,63.03,56.44,39.76,29.01
2024-02-27,51.67,62.25,53.73,38.22,32.1
2024-02-28,50.31,61.47,51.03,36.67,35.18
2024-02-29,48.95,60.69,48.32,35.13,38.27
2024-03-01,47.59,59.91,45.61,52.3,41.36
2024-03-02,46.23,59.13,42.91,59.31,44.45
2024-03-03,44.86,58.35,40.2,53.77,47.54
2024-03-04,43.5,57.57,37.49,50.71,50.63
2024-03-05,42.14,56.79,34.79,31.56,53.71
2024-03-06,41.18,60.64,36.27,25.59,54.0
2024-03-07,35.07,52.36,28.86,26.55,44.43
2024-03-08,30.58,29.0,25.63,18.8,43.84
2024-03-09,34.28,28.0,44.33,26.14,47.67
2024-03-10,66.62,68.38,83.81,63.97,79.06
2024-03-11,51.57,64.62,64.52,56.35,63.05
2024-03-12,34.71,55.48,55.57,39.66,56.48
2024-03-13,59.24,66.81,63.76,56.53,58.86
2024-03-14,53.22,64.06,61.28,51.87,50.72
2024-03-15,45.3,43.9,47.05,41.89,45.7
2024-03-16,26.6,22.85,29.5,22.87,32.25
2024-03-17,34.85,22.65,39.05,22.11,31.25
2024-03-18,33.32,36.26,38.95,20.8,33.11
2024-03-19,47.22,62.06,48.33,31.15,44.61
2024-03-20,46.1,62.1,52.9,27.58,52.33
2024-03-21,48.19,65.81,59.31,33.95,53.0
2024-03-22,36.05,57.21,52.32,33.23,42.21
2024-03-23,62.67,73.5,72.0,69.7,67.67
2024-03-24,71.7,71.9,82.3,84.98,69.2
2024-03-25,64.1,63.55,67.1,61.35,66.4
2024-03-26,72.37,69.21,78.79,63.33,81.53
2024-03-27,77.95,82.0,87.58,76.81,71.79
2024-03-28,88.8,90.85,97.65,76.9,75.2
2024-03-29,89.6,78.25,104.45,93.53,44.65
2024-03-30,76.35,69.24,87.94,79.95,83.47
2024-03-31,79.05,69.05,93.63,74.05,84.21
2024-04-01,94.79,56.16,105.11,88.3,64.32
2024-04-02,95.5,80.3,115.9,97.12,107.7
2024-04-03,80.71,79.95,96.71,84.16,96.86
2024-04-04,66.31,60.0,83.31,66.05,75.94
2024-04-05,97.95,93.0,119.95,85.12,109.74
2024-04-06,84.17,90.28,86.39,84.79,86.0
2024-04-07,69.17,73.11,77.17,70.78,72.83
2024-04-08,65.2,67.73,72.12,68.92,68.77
2024-04-09,61.23,62.36,67.08,55.66,64.72
2024-04-10,57.27,56.98,62.04,76.88,60.66
2024-04-11,53.3,51.6,57.0,64.65,56.6
2024-04-12,46.38,54.62,51.52,44.79,47.9
2024-04-13,52.33,57.33,61.38,49.55,57.52
2024-04-14,34.24,55.18,55.29,49.28,54.24
2024-04-15,46.38,52.81,37.0,45.52,54.94
2024-04-16,49.77,55.95,43.53,35.86,57.05
2024-04-17,53.17,59.09,50.05,58.99,59.15
2024-04-18,56.57,62.22,56.58,64.07,61.26
2024-04-19,59.96,65.36,63.11,65.34,63.37
2024-04-20,63.36,68.5,69.64,71.02,65.48
2024-04-21,66.76,71.63,76.16,62.98,67.58
2024-04-22,70.15,74.77,82.69,40.24,69.69
2024-04-23,69.26,77.53,77.68,24.9,68.95
2024-04-24,71.25,64.85,79.05,70.49,70.95
2024-04-25,65.33,61.05,60.69,75.21,67.93
2024-04-26,59.42,57.25,42.33,60.7,64.92
2024-04-27,71.78,62.61,74.22,65.3,76.94
2024-04-28,70.78,67.94,70.94,65.72,69.89
2024-04-29,67.3,72.45,67.25,67.03,69.85
2024-04-30,67.84,73.68,70.84,61.0,69.89
2024-05-01,64.26,65.37,67.47,62.26,66.26
2024-05-02,70.2,67.7,73.2,67.82,69.0
2024-05-03,82.15,74.35,92.6,74.46,80.15
2024-05-04,82.15,73.52,90.95,84.54,83.24
2024-05-05,82.15,72.69,89.3,84.67,86.34
2024-05-06,82.14,71.86,87.64,72.91,89.43
2024-05-07,90.84,82.63,106.89,46.57,96.95
2024-05-08,87.26,91.05,106.11,84.46,89.05
2024-05-09,93.33,89.86,110.38,88.42,101.9
2024-05-10,68.45,80.3,84.2,86.15,99.8
2024-05-11,75.75,77.35,81.15,79.88,97.5
2024-05-12,74.38,75.94,88.06,72.04,90.81
2024-05-13,66.37,67.05,72.74,69.01,81.74
2024-05-14,80.41,72.0,96.82,78.31,93.65
2024-05-15,81.29,74.88,95.35,85.69,85.53
2024-05-16,94.6,82.35,99.7,91.39,111.2
2024-05-17,89.94,73.0,92.11,84.64,99.89
2024-05-18,94.71,72.19,100.05,91.16,107.62
2024-05-19,92.74,72.32,95.74,90.29,97.89
2024-05-20,91.1,83.52,93.71,85.7,97.67
2024-05-21,96.58,80.0,101.68,94.62,105.26
2024-05-22,91.76,80.76,108.48,97.65,107.38
2024-05-23,79.9,72.65,75.0,88.41,93.95
2024-05-24,75.65,69.9,82.15,77.36,80.95
2024-05-25,33.0,42.78,58.0,61.08,58.44
2024-05-26,78.62,66.44,88.75,70.71,75.06
2024-05-27,93.05,73.0,94.79,89.91,95.58
2024-05-28,98.62,79.69,109.46,93.95,105.38
2024-05-29,90.4,65.75,91.95,91.57,96.05
2024-05-30,84.3,63.87,86.83,82.0,88.89
2024-05-31,78.21,61.98,81.7,93.5,81.73
2024-06-01,72.11,60.1,76.58,102.85,74.57
2024-06-02,66.01,58.22,71.46,103.62,67.41
2024-06-03,59.92,56.33,66.33,75.32,60.25
2024-06-04,72.5,64.05,95.55,62.14,74.3
2024-06-05,88.18,76.71,127.06,88.34,96.71
2024-06-06,78.75,59.0,85.3,77.8,87.95
2024-06-07,81.61,72.5,99.28,76.47,88.06
2024-06-08,86.11,79.11,110.05,79.77,93.11
2024-06-09,88.17,75.94,100.83,86.6,85.44
2024-06-10,98.35,70.06,102.12,96.56,92.53
2024-06-11,80.31,59.69,89.62,86.22,97.56
2024-06-12,75.56,56.89,92.0,81.72,89.11
2024-06-13,62.22,72.89,71.11,50.59,70.22
2024-06-14,64.44,79.22,67.61,8.37,75.89
2024-06-15,72.0,71.58,56.05,67.1,78.42
2024-06-16,70.47,54.84,75.16,78.71,70.11
2024-06-17,71.8,52.55,76.05,64.73,75.0
2024-06-18,92.89,137.17,117.06,87.95,104.11
2024-06-19,96.22,108.0,116.72,105.74,110.56
2024-06-20,85.61,87.33,89.28,86.4,93.5
2024-06-21,88.61,102.83,106.0,90.69,104.0
2024-06-22,89.19,102.05,105.24,88.92,101.95
2024-06-23,89.85,94.75,99.35,98.58,107.8
2024-06-24,84.47,99.59,101.71,82.08,97.0
2024-06-25,72.62,94.38,88.25,82.25,82.12
2024-06-26,68.52,76.57,88.19,82.04,79.71
2024-06-27,73.56,74.81,76.44,81.84,93.0
2024-06-28,66.72,69.83,69.78,81.63,76.22
2024-06-29,62.72,83.67,84.22,81.42,80.0
2024-06-30,61.52,55.1,67.76,81.21,69.62
2024-07-01,85.89,83.79,89.05,81.0,81.58
2024-07-02,79.05,70.76,78.9,80.79,79.67
2024-07-03,98.57,104.48,117.14,80.58,99.24
2024-07-04,81.78,72.89,89.78,80.38,82.56
2024-07-05,67.16,69.47,76.05,72.9,69.16
2024-07-06,43.45,49.5,49.05,53.58,51.25
2024-07-07,38.67,31.17,37.83,41.07,51.5
2024-07-08,45.07,38.67,44.7,38.87,57.35
2024-07-09,51.48,46.17,51.56,54.37,63.19
2024-07-10,57.88,53.67,58.42,73.04,69.04
2024-07-11,64.29,61.17,65.28,89.41,74.89
2024-07-12,70.69,68.68,72.14,85.24,80.73
2024-07-13,77.1,76.18,79.0,88.17,86.58
2024-07-14,83.5,83.68,85.87,83.46,92.43
2024-07-15,89.91,91.18,92.73,80.47,98.27
2024-07-16,93.0,84.72,97.11,84.75,95.06
2024-07-17,87.79,92.95,98.32,80.5,97.11
2024-07-18,89.78,88.33,88.83,82.71,94.0
2024-07-19,84.5,82.5,91.22,79.03,89.06
2024-07-20,84.67,88.89,92.61,80.07,88.11
2024-07-21,84.11,82.06,54.5,82.46,87.44
2024-07-22,82.24,80.12,64.0,76.98,58.29
2024-07-23,90.76,82.59,86.82,81.38,62.59
2024-07-24,99.95,82.85,95.05,91.22,112.4
2024-07-25,83.56,71.88,84.44,89.05,97.25
2024-07-26,82.82,76.82,87.0,75.54,89.0
2024-07-27,95.11,88.42,92.58,89.16,101.11
2024-07-28,98.12,96.65,99.94,90.83,100.82
2024-07-29,92.84,93.0,97.11,52.34,95.79
2024-07-30,95.72,91.06,101.17,74.87,104.61
2024-07-31,102.61,101.61,110.61,98.3,109.61
2024-08-01,102.12,98.31,105.88,93.65,97.75
2024-08-02,88.8,76.3,96.15,93.34,88.75
2024-08-03,65.67,61.89,70.89,66.59,72.5
2024-08-04,73.39,66.56,81.56,68.1,79.44
2024-08-05,78.11,69.44,41.83,77.59,80.89
2024-08-06,74.74,80.21,78.16,62.74,79.74
2024-08-07,86.67,89.11,96.39,47.89,60.5
2024-08-08,98.06,108.71,115.41,33.05,108.71
2024-08-09,92.19,85.95,101.48,37.34,93.43
2024-08-10,80.79,82.53,87.42,76.63,86.74
2024-08-11,77.05,79.48,87.14,72.23,79.05
2024-08-12,78.1,73.65,86.05,73.94,82.65
2024-08-13,90.21,94.14,106.36,78.89,98.64
2024-08-14,92.16,94.05,109.47,89.14,99.95
2024-08-15,90.63,96.53,102.47,90.12,93.32
2024-08-16,92.14,91.52,103.24,89.39,92.81
2024-08-17,91.59,103.53,106.94,90.75,94.59
2024-08-18,90.84,101.42,104.63,82.42,89.42
2024-08-19,86.2,88.15,95.7,80.34,85.3
2024-08-20,91.15,99.65,110.7,86.05,95.3
2024-08-21,96.94,103.5,118.62,94.51,100.62
2024-08-22,87.33,91.67,91.61,91.87,95.56
2024-08-23,77.05,86.29,80.38,74.61,78.9
2024-08-24,94.25,92.55,97.25,85.86,95.8
2024-08-25,92.28,84.78,96.06,97.26,95.06
2024-08-26,78.35,88.85,99.85,73.65,83.4
2024-08-27,104.65,99.35,115.25,96.7,103.5
2024-08-28,87.88,79.44,89.62,96.29,96.75
2024-08-29,95.89,91.68,107.53,85.41,95.26
2024-08-30,98.16,84.11,120.16,103.83,97.63
2024-08-31,76.72,72.11,80.5,75.82,80.28
2024-09-01,72.35,79.9,91.2,71.84,75.8
2024-09-02,70.21,81.68,84.53,69.97,82.16
2024-09-03,79.57,74.71,90.38,74.12,102.95
2024-09-04,81.95,70.62,84.24,80.95,91.24
2024-09-05,72.8,67.45,81.95,64.42,74.7
2024-09-06,84.71,69.06,86.24,73.94,82.0
2024-09-07,77.45,73.8,79.7,69.72,79.6
2024-09-08,81.5,69.85,79.3,67.94,77.8
2024-09-09,69.0,60.3,66.5,62.83,71.5
2024-09-10,69.33,51.94,77.39,65.08,77.17
2024-09-11,60.71,63.78,67.71,63.51,66.59
2024-09-12,82.61,75.61,95.33,71.93,78.89
2024-09-13,76.25,70.6,86.7,77.86,75.35
2024-09-14,84.6,71.67,88.33,76.37,86.87
2024-09-15,86.0,72.17,84.78,78.43,83.78
2024-09-16,85.61,83.67,92.78,74.67,82.0
2024-09-17,78.58,76.26,86.58,77.78,86.89
2024-09-18,75.29,68.05,79.57,72.16,80.67
2024-09-19,80.87,74.52,83.62,80.68,83.67
2024-09-20,86.44,81.0,87.67,76.53,86.67
2024-09-21,89.62,84.81,93.0,81.67,37.95
2024-09-22,88.08,84.0,92.2,97.41,61.58
2024-09-23,86.53,83.2,91.4,88.54,85.2
2024-09-24,75.62,76.31,87.92,77.43,73.77
2024-09-25,85.94,79.41,104.76,84.39,88.12
2024-09-26,71.5,63.44,82.67,74.8,77.61
2024-09-27,71.84,65.74,81.05,75.7,78.58
2024-09-28,81.53,78.32,95.68,71.84,73.11
2024-09-29,75.93,71.24,85.93,83.61,71.64
2024-09-30,70.33,64.17,76.17,73.8,70.17
2024-10-01,88.06,89.28,100.22,77.73,83.0
2024-10-02,86.37,83.79,92.42,88.73,89.68
2024-10-03,70.26,80.42,93.47,84.02,93.95
2024-10-04,83.79,74.95,94.74,82.45,83.42
2024-10-05,79.63,69.47,81.95,76.14,81.63
2024-10-06,75.3,70.8,78.45,72.93,75.85
2024-10-07,105.17,111.67,117.56,94.88,105.39
2024-10-08,78.89,73.28,86.0,80.96,86.78
2024-10-09,75.05,77.79,81.11,71.68,77.26
2024-10-10,75.66,76.77,79.01,79.37,77.72
2024-10-11,76.26,75.75,76.92,84.11,78.18
2024-10-12,76.86,74.73,74.82,72.36,78.63
2024-10-13,77.46,73.72,72.73,81.11,79.09
2024-10-14,78.06,72.7,70.63,88.68,79.55
2024-10-15,78.67,71.68,68.54,70.18,80.0
2024-10-16,79.27,70.66,66.44,31.78,80.46
2024-10-17,79.87,69.64,64.35,78.11,80.92
2024-10-18,80.47,68.62,62.25,64.29,81.38
2024-10-19,81.08,89.44,60.44,83.45,96.17
2024-10-20,81.68,83.87,71.06,80.4,99.25
2024-10-21,82.28,78.29,81.67,59.68,102.34
2024-10-22,82.88,72.71,92.29,85.87,105.43
2024-10-23,83.49,71.39,88.22,82.17,94.78
2024-10-24,84.09,68.93,85.59,70.69,88.6
2024-10-25,84.69,66.46,82.96,71.42,82.43
2024-10-26,85.29,64.0,80.33,74.47,76.25
2024-10-27,85.9,75.33,76.67,67.49,78.0
2024-10-28,86.5,77.67,79.33,75.02,85.5
2024-10-29,87.1,80.0,82.0,76.92,93.0
2024-10-30,87.7,79.45,90.12,82.79,92.12
2024-10-31,88.31,78.91,98.24,81.92,91.24
2024-11-01,88.91,78.36,106.36,84.43,90.36
2024-11-02,86.0,82.55,96.05,88.76,89.95
2024-11-03,71.44,66.61,80.56,71.45,67.56
2024-11-04,60.85,59.4,71.55,67.99,65.45
2024-11-05,63.76,71.1,80.24,59.66,69.19
2024-11-06,60.0,57.43,78.67,62.27,65.57
2024-11-07,77.06,67.06,100.29,69.53,81.29
2024-11-08,85.05,83.0,110.14,86.48,91.86
2024-11-09,96.38,79.12,26.5,95.33,97.5
2024-11-10,82.01,70.89,39.52,82.68,84.67
2024-11-11,67.65,62.66,52.55,72.44,71.83
2024-11-12,53.29,54.43,65.57,51.77,59.0
2024-11-13,72.74,72.26,107.47,45.39,80.37
2024-11-14,94.29,100.57,120.48,39.01,95.71
2024-11-15,104.0,100.5,136.28,32.62,112.78
2024-11-16,108.0,87.05,142.26,26.24,113.53
2024-11-17,115.5,88.5,153.78,19.86,131.72
2024-11-18,73.21,61.05,95.42,13.48,75.74
2024-11-19,61.62,57.1,71.38,7.1,67.29
2024-11-20,60.27,49.53,56.47,0.72,69.2
2024-11-21,51.63,56.77,55.83,68.54,60.6
2024-11-22,43.0,64.0,55.19,58.14,52.0
2024-11-23,52.45,62.5,54.56,51.38,56.1
2024-11-24,51.67,56.0,53.92,53.27,50.95
2024-11-25,42.95,52.1,53.29,45.04,48.3
2024-11-26,53.85,59.15,52.65,51.75,61.55
2024-11-27,3.33,63.72,56.78,58.45,61.0
2024-11-28,48.39,51.86,39.5,51.96,44.5
2024-11-29,34.53,40.0,42.53,46.98,53.76
2024-11-30,39.7,67.2,23.95,34.68,39.25
2024-12-01,39.11,65.58,26.21,42.13,39.53
2024-12-02,25.65,51.06,21.82,29.13,30.0
2024-12-03,17.05,32.25,20.95,19.28,23.1
2024-12-04,19.16,35.28,23.94,24.27,25.6
2024-12-05,21.26,38.3,26.92,26.71,28.09
2024-12-06,23.37,41.33,29.91,41.34,30.59
2024-12-07,25.47,44.35,32.9,70.7,33.08
2024-12-08,27.58,47.38,35.88,77.62,35.58
2024-12-09,29.68,50.4,38.87,56.83,38.08
2024-12-10,31.79,53.43,41.86,55.9,40.57
2024-12-11,7.61,10.94,17.22,28.91,13.44
2024-12-12,35.84,40.32,28.63,42.19,38.89
2024-12-13,41.19,47.57,34.05,39.94,47.67
2024-12-14,37.74,44.63,31.05,47.73,51.63
2024-12-15,29.57,37.43,33.71,34.29,34.76
2024-12-16,31.33,48.06,34.5,36.47,33.44
2024-12-17,33.1,39.45,37.4,38.65,39.65
2024-12-18,33.63,65.26,29.95,41.73,38.89
2024-12-19,19.21,36.36,20.71,20.25,26.93
2024-12-20,34.15,36.85,33.3,41.17,35.4
2024-12-21,38.64,43.43,36.29,50.52,38.12
2024-12-22,43.12,50.0,39.28,51.34,40.84
2024-12-23,47.61,56.58,42.27,46.43,43.56
2024-12-24,52.1,63.16,45.26,62.58,46.28
2024-12-25,56.58,69.73,48.24,53.53,49.0
2024-12-26,61.07,76.31,51.23,56.82,51.72
2024-12-27,65.56,82.89,54.22,55.36,54.44
2024-12-28,58.52,74.83,47.75,67.08,50.35
2024-12-29,51.49,66.78,41.28,62.0,46.26
2024-12-30,44.45,58.72,34.81,53.76,42.17
2024-12-31,37.42,50.67,28.33,36.75,38.08
