ISPU PM2.5,datetime,temp,dew,humidity,precip,windspeed,AOD
,2022-01-01,28.5,24.0,77.7,0.529,21.6,0.47
,2022-01-02,28.1,23.8,79.2,0.0,22.7,
,2022-01-03,28.7,22.7,72.2,0.0,20.6,0.1748
,2022-01-04,28.2,23.3,75.6,0.0,15.2,
,2022-01-05,28.7,24.0,77.5,24.597,12.0,0.4364
,2022-01-06,27.5,25.0,86.9,11.417,16.6,0.5848
73.16905586106311,2022-01-07,28.0,23.7,79.6,0.885,20.5,0.1484
60.124440641019255,2022-01-08,28.4,24.2,79.6,0.039,20.9,0.075399995
77.55403901125972,2022-01-09,28.7,24.4,78.2,0.0,22.8,
62.700470184937956,2022-01-10,27.9,24.6,83.0,11.234,19.8,
57.229169603511444,2022-01-11,26.5,24.4,89.2,57.783,16.3,
56.9113880465164,2022-01-12,26.4,24.2,88.4,17.907,21.6,
54.847978959997135,2022-01-13,27.0,24.3,85.5,3.269,24.1,
57.993499917905204,2022-01-14,26.8,24.4,87.1,14.312,19.3,
61.414023898064976,2022-01-15,26.9,24.5,87.3,4.092,16.6,
86.37977300042907,2022-01-16,27.1,25.3,90.2,9.807,13.8,
77.54122126732737,2022-01-17,27.8,24.9,84.9,9.213,20.1,
66.10591993763764,2022-01-18,26.1,24.7,92.3,136.777,18.4,
55.019073573713094,2022-01-19,27.0,24.2,85.5,57.204,27.7,0.38959998
55.707083832912645,2022-01-20,25.8,23.4,87.3,2.404,14.8,
49.78662423687525,2022-01-21,27.3,23.8,82.4,0.859,17.6,0.0964
57.28197293748181,2022-01-22,27.1,24.2,85.0,13.911,16.6,0.014599999
58.47790218802414,2022-01-23,28.9,24.0,76.2,0.0,20.8,0.2276
54.46881547616792,2022-01-24,29.1,23.8,74.7,0.0,28.7,0.2298
43.69188108491028,2022-01-25,28.5,24.5,79.1,3.815,25.4,0.3908
53.44547203647803,2022-01-26,27.2,24.8,87.1,1.395,13.0,
57.10400238034966,2022-01-27,28.2,24.2,80.3,0.115,20.2,0.81079996
62.35460595067743,2022-01-28,27.4,24.1,83.4,4.862,16.2,0.426
73.56395163442424,2022-01-29,27.8,24.1,81.3,0.0,15.2,0.4702
101.74997208796975,2022-01-30,28.0,24.1,80.1,0.025,14.7,0.8606
115.66160716234542,2022-01-31,28.3,23.9,77.6,0.0,16.6,
67.06603305896206,2022-02-01,28.2,24.5,81.3,0.057,16.2,0.7032
79.34499388220567,2022-02-02,27.6,24.1,82.5,6.392,22.3,
59.04547143737065,2022-02-03,28.6,24.4,79.1,1.656,15.2,0.22659999
60.52886079378299,2022-02-04,26.8,24.3,86.9,83.28,17.3,0.471
60.02518081870296,2022-02-05,26.2,24.3,89.7,42.127,20.5,
51.21680367996555,2022-02-06,27.5,24.1,82.6,1.339,20.5,
52.10660833660202,2022-02-07,27.6,24.4,83.7,11.105,17.9,
59.10739515851565,2022-02-08,26.4,25.0,92.0,54.155,10.3,
82.07561951028107,2022-02-09,27.3,24.0,83.3,4.558,37.1,0.4244
53.61797918691301,2022-02-10,27.0,23.3,80.9,0.12,22.3,
60.75404182417649,2022-02-11,27.5,23.9,81.3,0.284,18.4,
69.24496571225443,2022-02-12,27.8,24.6,83.1,0.0,12.0,
81.13169532880575,2022-02-13,27.0,24.3,85.6,0.108,16.6,
87.63054441033601,2022-02-14,26.3,23.7,86.0,19.254,17.9,
,2022-02-15,27.5,24.0,82.6,4.071,14.6,
,2022-02-16,28.1,24.0,80.1,36.853,33.5,0.1628
,2022-02-17,27.3,24.2,83.9,0.487,14.3,0.509
,2022-02-18,27.1,24.6,86.6,3.376,10.7,
,2022-02-19,27.2,24.5,85.6,1.707,18.4,
,2022-02-20,27.5,24.8,85.5,1.775,15.7,0.4858
,2022-02-21,28.1,23.6,77.3,0.233,17.5,0.5176
,2022-02-22,28.8,23.8,75.9,3.185,19.3,0.0682
,2022-02-23,27.9,23.4,77.9,12.666,29.5,
,2022-02-24,27.7,22.1,73.8,3.646,28.5,
,2022-02-25,26.7,23.0,80.8,3.611,21.4,
38.26709178196488,2022-02-26,26.7,23.4,82.4,1.252,30.3,0.5376
46.60732176655542,2022-02-27,27.0,23.7,83.0,3.384,27.7,0.096599996
33.26483335964435,2022-02-28,27.4,24.1,82.8,3.911,21.2,
37.47633767640813,2022-03-01,25.9,23.9,89.6,16.296,24.1,
36.6600121158081,2022-03-02,27.3,24.1,83.9,8.215,27.3,0.34739998
36.76785319474938,2022-03-03,28.2,23.9,78.6,0.092,27.7,
49.43089118889237,2022-03-04,27.9,24.0,80.3,3.603,16.6,
52.87333959964291,2022-03-05,27.2,23.8,82.6,13.678,27.9,0.3674
53.636374956887266,2022-03-06,27.3,23.8,82.0,1.32,29.1,
31.92894246189948,2022-03-07,28.4,23.3,74.7,0.023,24.1,
44.39338117865583,2022-03-08,27.7,24.2,82.3,1.048,20.5,0.4648
59.947825259900874,2022-03-09,27.5,24.5,84.5,0.0,21.2,
75.82118336092701,2022-03-10,27.9,24.4,81.9,1.679,21.0,1.938
91.97465014074508,2022-03-11,27.9,24.7,83.4,8.269,27.7,0.4886
64.82196132353606,2022-03-12,27.1,24.9,87.9,26.811,16.6,0.275
55.30852788891085,2022-03-13,27.8,24.9,84.9,3.862,15.6,0.28219998
72.49758184653616,2022-03-14,28.6,25.0,82.1,7.785,16.6,0.2278
77.04355767782823,2022-03-15,26.6,24.7,89.4,5.669,19.8,
68.8479720008282,2022-03-16,28.3,24.2,80.2,0.23,17.5,0.3576
98.26967232424386,2022-03-17,28.6,25.3,83.3,2.406,18.4,1.2508
99.60598012088536,2022-03-18,28.2,24.9,83.4,0.0,24.6,
67.20168334125248,2022-03-19,29.0,24.2,76.4,0.0,29.1,1.0058
52.028082293185605,2022-03-20,29.3,23.2,71.4,0.0,33.9,0.3798
40.32737374901543,2022-03-21,28.9,23.4,73.4,0.0,27.7,0.066
40.797310438675034,2022-03-22,28.6,24.1,77.2,1.422,20.3,
58.2203180758244,2022-03-23,27.5,24.2,82.8,2.246,26.3,
50.97327440994041,2022-03-24,28.5,23.8,77.3,3.568,20.9,0.831
89.14058321857469,2022-03-25,29.0,25.0,80.0,0.159,19.3,
88.5528486230461,2022-03-26,26.4,24.6,90.0,21.497,11.1,
,2022-03-27,27.3,24.5,85.6,12.454,29.5,0.19999999
54.60516902080131,2022-03-28,27.9,24.4,82.6,11.559,20.0,
67.79067323363198,2022-03-29,28.9,24.5,77.8,0.0,13.0,0.84739995
90.54846279663197,2022-03-30,28.9,24.0,76.1,0.0,11.6,
112.50314929195828,2022-03-31,28.3,24.3,80.2,0.104,18.4,0.47419998
95.02313695513872,2022-04-01,28.3,24.3,79.9,2.883,14.3,
75.14776564314876,2022-04-02,27.9,24.6,82.8,12.908,17.5,0.2786
63.19883710244878,2022-04-03,27.0,24.0,84.6,21.944,29.5,0.24419999
55.16990514763392,2022-04-04,28.3,23.6,77.0,0.001,19.8,0.2384
64.9092468899748,2022-04-05,27.5,24.0,82.7,45.43,22.3,0.3726
67.98139461785239,2022-04-06,28.6,23.5,76.0,0.625,29.5,0.124
64.00118555656594,2022-04-07,28.7,24.2,77.6,0.106,24.1,0.5926
66.89528742363963,2022-04-08,28.0,23.6,77.4,38.793,29.5,0.645
61.72366236937791,2022-04-09,28.4,23.7,76.9,0.651,14.8,0.3588
90.31129721059358,2022-04-10,28.3,24.2,79.4,0.117,18.4,0.5998
79.47272905666443,2022-04-11,28.4,24.2,79.0,21.89,18.4,0.3592
86.26924444408348,2022-04-12,28.0,24.6,83.0,4.451,24.1,0.9134
102.22405889881331,2022-04-13,28.7,24.7,79.4,0.176,14.8,0.548
95.76485111002775,2022-04-14,29.0,24.1,76.1,0.381,20.7,0.1866
71.79200102517079,2022-04-15,29.4,24.7,76.8,1.243,20.5,0.69519997
84.99475835918791,2022-04-16,29.2,24.2,75.8,1.421,16.6,0.4062
100.18289963426888,2022-04-17,29.3,25.1,78.8,0.82,20.5,1.1072
89.10473977057656,2022-04-18,29.4,25.4,79.8,14.615,20.5,
71.9227525067126,2022-04-19,28.4,24.6,81.1,2.059,22.3,0.6526
83.4698864531637,2022-04-20,28.4,24.6,80.5,2.912,27.7,0.77459997
56.98687711800549,2022-04-21,26.7,24.5,87.9,11.006,16.6,
78.82974323084115,2022-04-22,26.2,24.3,89.7,8.799,16.6,0.9532
84.15928172604951,2022-04-23,28.2,24.8,82.5,0.188,16.6,0.24139999
87.0211514330319,2022-04-24,28.6,24.7,80.5,5.568,17.0,0.4718
72.46849244371056,2022-04-25,28.5,24.5,81.0,21.141,25.9,0.44039997
72.3118406081344,2022-04-26,28.5,24.6,80.7,2.571,22.3,0.96639997
58.5701751255777,2022-04-27,28.2,24.6,81.7,7.136,31.7,
56.91452701343911,2022-04-28,27.4,24.3,84.2,3.405,22.3,
32.56507912841886,2022-04-29,28.7,24.7,80.3,0.0,22.3,
46.99020055498932,2022-04-30,27.9,25.3,86.0,0.149,16.6,0.21139999
79.08053528679575,2022-05-01,27.7,25.3,86.9,1.534,11.2,
86.21661960418487,2022-05-02,27.6,24.9,86.2,27.443,21.7,0.8268
62.35813570466445,2022-05-03,28.0,25.0,84.8,4.898,20.5,0.114999995
57.92685399560175,2022-05-04,28.4,25.0,83.0,0.174,25.9,
66.1452115127932,2022-05-05,28.7,25.2,82.2,0.003,27.7,0.49879998
55.1439509535632,2022-05-06,29.4,25.4,80.3,0.0,24.1,0.6324
60.50629176925329,2022-05-07,29.2,25.0,78.9,0.065,16.6,
70.72067300645881,2022-05-08,29.8,25.1,77.0,0.0,20.5,0.1108
56.54986155322516,2022-05-09,28.6,25.1,82.0,0.096,22.3,
66.95736517622909,2022-05-10,29.7,25.4,78.6,0.006,18.4,0.3974
65.95098624032265,2022-05-11,28.0,25.4,86.4,21.045,46.4,
81.9543100262858,2022-05-12,28.5,25.5,84.4,11.535,20.5,0.5726
51.186415219553936,2022-05-13,29.0,25.4,81.8,9.23,16.6,0.101799995
60.620237285069784,2022-05-14,29.1,25.1,80.0,0.04,14.8,1.6838
98.82151715348714,2022-05-15,28.6,25.8,85.5,7.135,18.4,0.4648
92.92500850517048,2022-05-16,28.2,25.0,83.9,0.668,13.0,0.17639999
79.21552759773677,2022-05-17,28.9,25.6,83.1,0.251,17.8,0.68039995
75.80240570751675,2022-05-18,28.4,25.2,83.7,29.202,18.4,0.169
88.37084087310531,2022-05-19,27.5,25.2,87.9,10.472,18.4,0.5668
90.83712172445051,2022-05-20,27.3,24.8,87.5,16.581,14.8,0.1042
73.29668724151917,2022-05-21,27.3,24.7,86.1,0.742,20.5,0.55939996
64.61618163816105,2022-05-22,27.4,24.8,85.8,0.0,22.3,
78.36995227280457,2022-05-23,28.5,25.0,81.9,0.0,27.7,0.264
72.85533157355387,2022-05-24,29.5,25.0,77.5,0.0,27.7,0.0748
75.5074596634651,2022-05-25,27.7,25.0,85.9,2.696,24.1,0.2104
74.73297542632544,2022-05-26,27.1,24.3,85.3,0.693,14.8,
100.6533604527868,2022-05-27,28.3,24.0,78.6,0.985,19.2,0.268
98.61538276048613,2022-05-28,25.9,23.8,88.5,23.113,22.3,
84.4609365819979,2022-05-29,26.9,23.9,84.8,23.554,17.2,0.16
57.17804451228664,2022-05-30,26.6,24.8,90.2,0.087,33.5,0.4856
78.05375902086836,2022-05-31,27.1,24.4,86.4,3.063,24.1,0.0756
62.71801857388067,2022-06-01,28.1,24.2,80.4,0.951,24.1,0.607
,2022-06-02,27.6,24.7,85.4,26.199,20.5,0.2724
36.41969136553406,2022-06-03,28.0,24.3,82.0,1.309,21.3,0.53639996
85.42415278932795,2022-06-04,28.6,24.5,79.8,0.127,16.6,0.1994
76.6164486499366,2022-06-05,28.0,24.0,80.0,0.683,18.2,0.40879998
86.47175555462013,2022-06-06,27.0,24.1,85.0,2.511,18.4,
74.04734702567364,2022-06-07,27.6,24.8,85.1,2.806,29.5,0.564
69.6924897964566,2022-06-08,27.3,25.0,87.3,10.648,16.6,0.30879998
74.66001732128115,2022-06-09,26.3,24.6,90.4,7.358,22.3,
73.61079719298262,2022-06-10,27.8,24.1,81.4,0.149,18.4,0.75519997
67.97687655007682,2022-06-11,28.0,25.3,85.6,3.653,25.9,0.47379997
78.87968955316954,2022-06-12,27.5,24.6,84.9,0.323,16.6,0.8434
80.99899244641371,2022-06-13,27.4,24.2,83.3,0.132,14.8,
82.99226534479408,2022-06-14,27.6,24.1,82.2,0.045,25.9,0.2332
94.93429355027615,2022-06-15,26.6,24.6,89.0,5.332,18.4,
108.48086891464125,2022-06-16,26.6,24.5,88.6,0.0,20.5,
100.19593820452876,2022-06-17,26.5,24.6,89.5,0.066,20.5,0.4314
108.79827428740805,2022-06-18,26.7,23.8,85.0,0.013,11.6,0.7058
98.73433351358729,2022-06-19,27.9,24.2,81.6,0.007,24.1,0.317
101.43721320457097,2022-06-20,28.0,24.3,81.3,2.743,14.4,0.53679997
98.00418887206546,2022-06-21,28.2,24.2,79.6,0.0,25.9,0.57699996
88.62723347874301,2022-06-22,27.9,25.1,85.3,15.381,24.1,0.59639996
100.41666232745986,2022-06-23,28.3,23.8,78.3,0.009,22.3,0.5334
105.54602218884922,2022-06-24,27.6,24.4,83.5,0.043,22.3,0.8868
116.24886337011075,2022-06-25,27.5,24.1,82.7,4.925,18.4,0.2192
103.13486507302396,2022-06-26,27.2,24.5,85.6,0.552,14.8,0.4068
94.37921118717382,2022-06-27,28.0,24.6,82.5,16.472,14.8,0.4876
81.8294469135058,2022-06-28,28.1,24.5,81.9,0.464,15.4,0.5164
73.20848665026834,2022-06-29,28.0,23.8,79.0,0.0,23.0,0.25939998
71.19135013721609,2022-06-30,27.9,22.4,72.9,0.0,17.3,0.417
82.35538951284857,2022-07-01,28.4,23.1,74.1,0.0,22.3,0.3364
104.43017774286058,2022-07-02,28.7,24.0,76.4,0.14,18.4,0.5132
116.96091987427796,2022-07-03,28.5,25.6,84.8,17.74,24.1,
87.49792025140584,2022-07-04,29.3,25.3,79.8,0.964,33.5,0.16839999
68.267660722843,2022-07-05,29.4,25.3,79.7,0.088,20.5,0.2426
91.61990314813998,2022-07-06,26.8,24.9,89.9,27.125,13.0,
94.37367171242481,2022-07-07,28.4,25.2,83.9,0.093,13.0,0.4888
91.96379711710846,2022-07-08,28.9,24.2,76.9,0.0,18.4,0.3464
65.44181403316657,2022-07-09,28.2,22.4,72.3,0.0,19.7,0.2482
66.61260631516251,2022-07-10,28.1,22.1,70.6,0.0,25.9,0.2252
79.0247909088499,2022-07-11,28.3,23.2,74.7,0.0,18.4,0.1284
94.21711072996352,2022-07-12,28.8,24.9,80.0,0.372,27.7,
39.07994401794409,2022-07-13,26.9,24.6,87.8,4.762,20.5,
84.50916459489419,2022-07-14,28.1,24.6,82.3,0.023,25.9,0.23539999
,2022-07-15,28.0,24.6,82.4,12.243,25.9,0.3204
,2022-07-16,25.5,23.0,86.7,38.114,22.3,
,2022-07-17,27.4,24.5,85.0,0.0,22.3,
,2022-07-18,28.1,24.7,82.5,0.01,14.8,0.3558
,2022-07-19,28.7,25.0,81.0,0.0,25.9,0.4394
103.53753283358036,2022-07-20,28.9,25.1,80.8,0.0,20.5,1.0566
101.05688384437146,2022-07-21,28.4,24.2,79.0,0.0,18.6,0.3566
98.92890176776372,2022-07-22,28.3,24.6,81.0,0.155,29.5,0.653
81.29012379267901,2022-07-23,28.6,24.5,79.7,0.073,18.4,0.6548
70.88491255467144,2022-07-24,28.5,24.1,78.0,0.46,18.5,0.6752
71.46434413981247,2022-07-25,28.2,24.1,79.6,1.79,18.4,
80.71110103367987,2022-07-26,28.4,23.2,74.5,0.0,24.1,0.6748
96.92736588110162,2022-07-27,28.4,23.0,73.4,0.0,16.6,0.5876
102.78405092435084,2022-07-28,29.0,24.0,75.4,0.0,27.7,0.3196
86.81805688929332,2022-07-29,29.1,24.6,77.4,1.34,27.7,0.3196
78.78332797309054,2022-07-30,28.4,24.6,80.9,0.0,22.3,0.85999995
94.95077023328544,2022-07-31,28.7,24.5,79.2,0.0,27.7,0.81979996
91.82254670257579,2022-08-01,28.8,24.4,78.2,0.0,25.9,0.2862
77.36301320978284,2022-08-02,28.9,24.3,77.2,0.0,18.7,0.6242
105.06972972724638,2022-08-03,28.8,24.8,80.1,3.518,20.5,
103.72943536960308,2022-08-04,27.6,24.8,85.8,13.48,22.6,0.49199998
73.25774007703592,2022-08-05,27.4,24.8,86.2,12.28,21.8,
74.65959317414983,2022-08-06,27.8,23.7,79.5,4.113,21.6,0.51019996
98.58253601465007,2022-08-07,27.8,23.9,80.5,2.182,16.6,0.37899998
74.67734473203346,2022-08-08,28.2,23.5,76.5,0.0,18.4,0.28779998
,2022-08-09,28.6,23.5,74.9,1.486,16.4,0.3294
85.30697189692098,2022-08-10,28.7,23.4,74.6,0.008,21.4,0.55939996
90.46079705448011,2022-08-11,29.2,23.9,74.7,0.076,21.7,0.59
84.31617551479819,2022-08-12,28.8,23.6,74.3,0.738,20.0,0.80899996
75.18817927063375,2022-08-13,28.3,23.5,76.2,0.08,25.9,0.7966
80.30324398108571,2022-08-14,28.6,23.4,74.6,0.701,27.7,0.42479998
73.25922206415896,2022-08-15,28.5,23.2,74.1,0.927,18.4,
74.3640932587612,2022-08-16,28.0,23.6,77.5,0.6,16.0,
91.52830327861456,2022-08-17,28.3,23.7,77.1,4.693,27.7,0.5466
79.01227201663104,2022-08-18,28.9,22.3,68.5,0.0,33.5,0.2162
73.32807046052089,2022-08-19,29.4,22.1,66.3,0.0,29.5,0.3416
75.73596039674754,2022-08-20,29.1,23.0,70.7,0.011,31.7,1.036
77.58795422707199,2022-08-21,28.5,22.9,72.6,4.493,20.5,0.78679997
71.09216986905854,2022-08-22,27.2,23.5,80.9,0.0,17.0,0.57699996
,2022-08-23,29.1,23.2,72.5,0.0,19.8,0.2626
,2022-08-24,29.0,23.3,72.4,0.34,22.3,0.30879998
,2022-08-25,29.0,22.0,66.8,0.04,25.9,0.3658
,2022-08-26,28.7,22.1,68.6,0.007,13.0,0.0246
,2022-08-27,28.0,23.6,77.6,1.094,18.4,0.7392
,2022-08-28,27.3,23.9,82.1,1.147,20.5,
,2022-08-29,27.9,23.8,79.2,0.305,17.7,0.48979998
,2022-08-30,28.7,23.1,73.1,0.0,16.6,0.391
110.5622119716738,2022-08-31,28.7,23.1,73.0,0.2,17.0,0.66679996
101.21775883306901,2022-09-01,28.8,23.8,75.3,1.9,33.5,
87.61184697399898,2022-09-02,28.2,23.9,78.4,1.383,20.2,0.2208
87.76456107415413,2022-09-03,27.8,23.1,76.6,0.106,29.5,0.61359996
59.90610627688761,2022-09-04,28.1,23.0,74.8,0.491,29.5,0.399
70.39977808914247,2022-09-05,29.0,23.7,74.4,0.127,22.3,0.7614
81.7444542270111,2022-09-06,29.0,24.1,76.3,5.534,27.7,0.479
70.17536356821795,2022-09-07,27.2,24.4,85.2,10.342,24.1,0.5916
78.25836772307797,2022-09-08,25.9,24.1,89.8,5.492,13.0,
87.98219300901764,2022-09-09,26.4,23.6,85.8,46.235,18.4,
,2022-09-10,26.1,23.8,87.8,5.857,24.1,0.5676
77.50424325305534,2022-09-11,27.5,23.8,81.3,16.487,20.5,0.341
65.24951197029011,2022-09-12,27.4,23.6,80.3,0.574,13.9,0.71919996
72.8305677566126,2022-09-13,28.0,23.5,77.5,0.065,16.6,0.42839998
83.15580827052169,2022-09-14,28.2,22.5,72.5,0.001,17.9,0.5112
90.96764918487948,2022-09-15,28.7,22.8,71.7,0.0,14.5,0.2342
90.50355813176115,2022-09-16,28.3,23.1,74.9,1.003,16.6,0.2048
81.92580805616872,2022-09-17,28.6,23.9,76.6,0.0,22.3,0.52919996
102.95458167319674,2022-09-18,28.2,24.5,81.2,0.742,13.2,0.4868
103.60712744087913,2022-09-19,28.2,23.6,77.3,2.381,18.4,0.514
86.82121996073893,2022-09-20,28.3,22.6,72.1,0.0,16.6,1.4354
90.18438538029604,2022-09-21,28.3,24.0,78.1,3.539,16.6,
85.99777053108222,2022-09-22,27.6,24.1,82.1,17.665,22.3,0.5068
86.91393849735944,2022-09-23,27.9,24.0,80.7,3.529,20.5,0.6128
78.20842343721425,2022-09-24,28.5,24.1,78.0,0.0,24.1,0.27879998
74.29088542381227,2022-09-25,28.6,24.2,78.0,0.0,20.5,
80.7053747664433,2022-09-26,28.9,23.1,73.3,9.76,18.4,0.357
70.08559869953235,2022-09-27,28.9,23.0,71.9,0.003,18.4,0.2438
72.52888325879864,2022-09-28,28.9,23.4,73.7,0.007,18.1,0.37
82.5580462001753,2022-09-29,29.0,23.3,72.8,0.115,18.4,
83.60033874322693,2022-09-30,28.5,23.5,75.5,0.0,27.7,0.4626
82.4124480341542,2022-10-01,29.7,24.5,74.9,0.053,22.6,0.5214
70.15480468242211,2022-10-02,27.0,24.5,86.9,17.447,11.2,0.601
69.51956652437929,2022-10-03,28.3,24.3,80.3,2.16,14.8,0.54359996
71.01539597482234,2022-10-04,26.9,24.1,85.7,20.825,22.3,0.0592
67.19385050618955,2022-10-05,27.3,24.6,85.7,5.017,16.6,
77.4267897465826,2022-10-06,27.2,24.4,85.8,34.687,25.0,0.1978
71.10008210355102,2022-10-07,26.4,24.0,87.6,5.582,23.6,0.3958
58.373772592705,2022-10-08,27.6,23.1,77.8,0.1,22.3,
72.79198343776201,2022-10-09,27.6,24.1,82.1,2.399,29.5,1.3291999
77.06444046833637,2022-10-10,27.4,23.7,81.1,0.053,14.2,
89.24316097363571,2022-10-11,27.2,23.8,82.8,14.554,22.3,
86.72590785474534,2022-10-12,27.5,23.5,79.6,0.345,18.4,0.6712
76.07084791717567,2022-10-13,27.4,23.8,82.4,22.147,20.5,0.4328
71.35676839428395,2022-10-14,28.1,23.8,79.0,0.185,20.1,0.2602
69.11266015579419,2022-10-15,27.9,24.3,81.7,8.943,18.4,0.2014
68.22677731769079,2022-10-16,28.2,25.0,83.3,7.015,13.0,0.72279996
71.85643958664284,2022-10-17,28.6,24.7,80.3,2.981,22.3,0.626
81.92080462325781,2022-10-18,27.8,24.4,82.8,0.536,14.8,
85.30417449400068,2022-10-19,27.0,24.4,86.3,15.04,18.4,
82.27287521860507,2022-10-20,27.3,24.5,85.1,0.192,14.8,
63.9412804182881,2022-10-21,27.7,24.2,81.6,0.384,16.6,
61.57220145837715,2022-10-22,28.5,24.7,80.8,0.077,13.0,0.5056
78.09716814926314,2022-10-23,28.2,24.7,82.4,38.715,22.3,0.2366
38.414476713051485,2022-10-24,27.9,23.3,77.7,0.014,28.2,0.41599998
,2022-10-25,27.0,24.2,85.2,3.099,22.3,
,2022-10-26,26.8,23.7,84.2,16.091,27.7,
,2022-10-27,27.8,22.9,76.3,0.0,22.3,0.7446
,2022-10-28,28.7,21.6,68.4,0.0,27.7,0.3154
,2022-10-29,28.7,23.2,73.3,0.0,16.6,0.0848
,2022-10-30,28.4,22.7,72.7,0.0,18.4,0.2356
,2022-10-31,28.5,23.5,74.9,0.001,16.6,
,2022-11-01,28.7,23.8,76.1,0.0,14.3,0.5026
,2022-11-02,28.4,24.2,79.1,0.539,19.9,1.2176
,2022-11-03,27.8,24.2,81.4,0.527,18.4,
37.81621942817768,2022-11-04,28.0,23.8,79.9,22.742,14.3,0.5476
72.54492698659908,2022-11-05,27.0,24.0,84.1,1.118,18.4,0.2174
75.08308808421161,2022-11-06,27.5,24.4,83.9,0.0,18.4,
72.58203312018084,2022-11-07,26.8,24.7,88.4,8.968,31.7,
,2022-11-08,26.7,24.3,86.9,7.465,19.2,0.5934
,2022-11-09,27.5,23.6,80.4,0.0,22.3,
57.98264488772546,2022-11-10,27.6,24.3,82.7,11.594,22.3,
57.36423062380637,2022-11-11,27.1,23.5,81.3,1.134,46.4,
42.683556473094846,2022-11-12,26.6,24.2,87.0,8.362,25.9,0.4592
51.81266236817785,2022-11-13,26.4,24.2,88.1,7.577,22.3,
58.9333573357954,2022-11-14,27.7,24.1,81.8,0.579,18.4,0.5158
72.39289305445037,2022-11-15,28.0,24.2,80.7,0.0,25.9,0.6764
57.72350450838169,2022-11-16,28.7,24.2,77.5,0.033,16.5,
67.25330881605812,2022-11-17,26.0,24.2,90.2,52.737,18.4,
49.63682396641868,2022-11-18,27.5,23.3,79.4,0.153,29.1,0.1872
49.06800481087632,2022-11-19,28.1,24.0,79.3,0.033,31.7,
46.69389430554613,2022-11-20,28.4,23.8,77.2,0.0,35.3,0.60499996
34.96889356634698,2022-11-21,28.8,23.1,72.8,0.02,27.7,0.0784
45.01608272727336,2022-11-22,28.8,23.4,73.7,0.0,37.1,
48.441968737633196,2022-11-23,28.5,23.5,75.1,2.858,25.9,0.3418
51.155254891774376,2022-11-24,27.8,23.9,80.0,1.92,25.9,
50.47652386991223,2022-11-25,27.3,23.9,82.3,0.299,16.6,0.3542
93.6738134154768,2022-11-26,27.0,24.2,85.7,12.995,29.5,
82.05522737517224,2022-11-27,27.8,24.1,81.4,1.429,20.5,0.8366
89.52739781952197,2022-11-28,27.6,24.7,84.6,15.284,27.7,
66.3748577071761,2022-11-29,28.2,24.3,80.4,3.357,21.3,0.0356
67.82020641604116,2022-11-30,28.2,24.0,78.7,0.332,14.8,
75.90140698832361,2022-12-01,27.8,24.3,82.3,0.268,20.5,0.27719998
72.89431523190366,2022-12-02,27.6,24.1,81.7,2.995,14.8,
75.33125581736111,2022-12-03,27.7,23.8,79.7,0.712,18.4,0.5642
83.24433863724717,2022-12-04,28.2,24.0,78.7,0.132,20.5,0.97859997
78.32818453666685,2022-12-05,27.9,23.9,79.5,3.175,20.5,0.98819995
83.26551051231803,2022-12-06,27.4,24.2,82.9,2.22,16.6,0.7396
69.77181390553751,2022-12-07,27.6,24.2,82.6,0.522,16.6,
21.584256657198683,2022-12-08,27.8,23.7,79.4,2.9,24.1,
77.20408424010606,2022-12-09,26.0,23.7,87.8,11.958,31.7,0.8264
70.35865951752031,2022-12-10,28.1,23.3,76.5,0.468,20.5,0.3382
55.0288168856965,2022-12-11,27.8,23.6,78.6,0.158,29.5,0.7374
44.58330720105587,2022-12-12,28.1,23.1,75.6,1.677,35.8,0.4076
43.276292612677075,2022-12-13,27.5,23.3,78.3,0.0,33.5,0.5954
44.61610831299463,2022-12-14,28.3,23.9,78.1,0.008,23.7,0.326
47.4250791346191,2022-12-15,29.4,22.9,69.3,0.155,65.0,0.4608
55.8842970266246,2022-12-16,27.5,23.7,80.4,4.437,25.9,0.8596
78.44136518611639,2022-12-17,28.0,24.5,82.4,2.106,18.4,0.099
89.25958397657193,2022-12-18,27.9,24.7,83.2,3.51,22.3,0.80619997
83.34939617637791,2022-12-19,28.1,24.1,80.0,0.0,13.0,0.38939998
97.67500163514016,2022-12-20,27.7,24.3,82.2,0.354,18.9,
81.0828957575116,2022-12-21,27.9,24.8,83.4,0.702,22.0,0.2704
70.52566023355989,2022-12-22,26.7,24.1,86.2,23.766,21.4,
49.982647600651326,2022-12-23,26.8,24.3,86.8,11.35,20.5,
71.5463164947924,2022-12-24,27.5,24.7,84.8,0.842,22.1,
69.78271638173977,2022-12-25,26.1,24.3,90.2,14.615,24.1,
56.82474931357541,2022-12-26,25.7,24.2,91.8,8.944,22.3,
57.41165573232225,2022-12-27,25.6,23.0,86.3,1.813,32.5,
52.00656532697565,2022-12-28,25.3,23.4,89.9,23.056,31.7,1.5294
43.58981391619193,2022-12-29,26.0,23.6,87.3,10.7,22.8,
55.802067880139994,2022-12-30,26.1,24.5,91.3,3.416,15.6,
74.73796727617429,2022-12-31,25.6,23.8,90.1,14.229,25.9,
63.35159553163325,2023-01-01,25.7,24.1,91.5,64.658,16.6,
58.90765544981672,2023-01-02,26.9,24.2,85.4,0.562,15.6,
50.46729454074719,2023-01-03,26.0,23.7,87.6,0.179,26.4,
47.63446486405267,2023-01-04,26.2,23.9,87.4,7.386,20.5,
50.44269331827601,2023-01-05,27.2,23.7,82.0,28.234,22.3,
,2023-01-06,28.8,22.8,71.3,0.261,29.5,0.089999996
49.40882669586558,2023-01-07,28.7,23.7,75.5,0.02,31.7,0.0672
42.59043081523064,2023-01-08,27.3,24.0,82.9,1.381,25.9,0.587
48.99791977362852,2023-01-09,28.5,23.6,76.1,0.003,21.4,1.4044
,2023-01-10,29.0,23.2,72.1,0.0,24.1,0.054399997
,2023-01-11,28.5,22.8,72.4,0.053,18.4,0.2748
63.707619550582024,2023-01-12,28.7,23.3,74.0,0.0,17.9,0.1862
76.54320485533925,2023-01-13,28.3,23.8,77.4,0.153,22.7,
80.6099296043773,2023-01-14,28.8,23.7,74.8,0.0,22.3,0.3922
64.85531681678997,2023-01-15,28.8,23.3,73.4,0.0,27.7,0.045599997
50.79187796309071,2023-01-16,28.1,23.3,75.9,0.0,27.7,0.6832
53.61918016102621,2023-01-17,26.8,23.7,83.5,0.012,16.2,
73.95160882561107,2023-01-18,27.0,23.6,82.2,0.51,20.0,1.1882
77.37640308604654,2023-01-19,27.2,24.2,84.3,3.087,18.4,
62.00280972643262,2023-01-20,27.7,23.4,78.8,0.417,18.4,
55.956233222373584,2023-01-21,27.7,23.7,79.3,0.401,22.3,0.01
48.29259435228396,2023-01-22,27.9,23.8,79.2,0.005,25.9,0.0132
34.66744308150499,2023-01-23,28.0,23.7,78.4,0.052,25.9,
38.11336645491779,2023-01-24,28.2,23.8,78.2,0.13,29.8,0.528
57.79764471681321,2023-01-25,26.2,23.1,83.3,0.302,34.4,
57.53426910605444,2023-01-26,27.6,24.1,82.1,19.997,17.2,
64.5952770100441,2023-01-27,27.1,24.4,85.7,1.047,20.5,
63.76447476924606,2023-01-28,25.6,24.5,93.9,40.059,13.0,
82.23756155644274,2023-01-29,27.0,24.6,86.8,9.304,29.5,
63.474435138901406,2023-01-30,27.8,23.7,79.0,0.166,17.9,
77.34006667850421,2023-01-31,27.5,24.2,82.9,0.229,15.2,
70.74058166139464,2023-02-01,26.8,24.7,88.5,57.583,14.3,
66.09936821104417,2023-02-02,26.8,24.6,88.2,0.683,14.8,
57.555451265198265,2023-02-03,26.5,23.7,85.3,5.293,16.6,
70.63760575814518,2023-02-04,27.5,24.6,84.9,0.0,16.6,
68.82563710214026,2023-02-05,28.5,23.0,73.8,0.773,33.5,
58.86435283416784,2023-02-06,28.7,23.2,72.5,0.0,26.8,
43.000001728785044,2023-02-07,27.4,24.0,82.3,0.794,17.5,
10.021587553824755,2023-02-08,27.0,23.9,84.0,50.579,26.0,0.114
50.86994459828813,2023-02-09,27.0,22.8,78.2,8.923,27.7,0.2324
37.298769974488714,2023-02-10,27.5,23.4,79.7,0.403,22.3,0.019399999
50.125434181899095,2023-02-11,27.0,24.8,88.5,35.566,29.5,
41.135892597616994,2023-02-12,25.1,23.4,90.9,24.726,27.7,
42.24685128263588,2023-02-13,27.0,23.8,83.7,3.893,28.2,1.1818
40.132504509740166,2023-02-14,26.7,23.4,83.1,0.423,30.7,
32.94301182088618,2023-02-15,27.3,23.6,80.6,10.281,25.5,0.9618
42.45299400897744,2023-02-16,26.5,24.1,87.4,25.436,26.0,0.5362
50.35620343354603,2023-02-17,26.7,23.8,84.6,3.741,18.9,
65.84205435562613,2023-02-18,27.6,24.7,84.9,4.982,24.1,
80.73314898494722,2023-02-19,27.7,25.0,85.7,0.495,24.1,
66.4224158102017,2023-02-20,27.7,23.9,80.8,7.607,24.1,0.0808
46.2516274233107,2023-02-21,26.8,23.8,84.3,21.224,18.4,0.4086
48.959346292284266,2023-02-22,26.5,24.3,88.0,6.008,18.4,
52.3824150969759,2023-02-23,26.7,24.4,87.6,39.611,17.7,
50.58036595157597,2023-02-24,25.9,24.6,93.1,82.543,12.0,
59.73508033477621,2023-02-25,26.6,24.7,89.5,25.801,20.5,
,2023-02-26,26.3,24.5,90.6,50.71,22.3,
,2023-02-27,26.9,24.4,86.6,24.566,22.3,
,2023-02-28,26.5,24.1,87.5,26.65,33.5,
,2023-03-01,25.8,24.3,92.0,49.721,20.4,
,2023-03-02,24.9,23.8,93.9,32.701,16.6,
,2023-03-03,26.8,24.0,85.1,32.136,21.9,
,2023-03-04,26.7,24.2,86.5,2.585,25.9,
,2023-03-05,26.7,24.5,88.1,4.737,22.3,0.31379998
,2023-03-06,27.9,23.6,78.9,0.0,26.4,0.39139998
,2023-03-07,27.5,23.8,81.3,2.155,24.1,0.41759998
79.86679187437991,2023-03-08,26.4,24.4,89.5,13.927,16.6,
74.8118690016663,2023-03-09,27.1,24.4,85.9,9.751,14.8,
57.62265683231888,2023-03-10,27.5,24.4,83.9,0.132,12.6,0.401
74.6081454863854,2023-03-11,28.0,24.6,82.5,2.046,22.3,0.2012
,2023-03-12,27.7,25.1,85.7,0.212,20.5,
,2023-03-13,28.3,24.1,78.9,0.386,19.5,0.6942
,2023-03-14,27.1,24.3,85.0,5.693,22.3,
,2023-03-15,25.6,23.8,89.7,22.093,18.4,
,2023-03-16,27.8,23.8,80.2,0.0,62.0,0.2552
,2023-03-17,28.1,23.9,78.8,0.0,20.5,0.55439997
,2023-03-18,28.5,23.7,75.9,0.0,15.5,0.3184
,2023-03-19,28.4,24.3,79.4,0.0,19.1,0.6996
,2023-03-20,27.8,23.9,80.4,0.413,24.1,0.4874
,2023-03-21,28.7,23.5,74.6,0.0,23.7,0.1794
71.96841011829547,2023-03-22,29.0,24.6,78.4,0.304,15.6,0.3852
,2023-03-23,29.4,24.9,77.7,0.155,18.4,0.7686
83.35201854790199,2023-03-24,29.1,24.8,78.7,0.89,17.0,0.99579996
86.83039852588668,2023-03-25,28.0,24.9,84.5,32.9,17.9,0.94259995
,2023-03-26,27.5,24.4,84.2,3.287,24.1,1.0468
,2023-03-27,27.5,24.4,84.1,4.8,19.8,0.9302
80.33720093038163,2023-03-28,27.2,24.9,87.5,0.23,10.5,
64.83041096395503,2023-03-29,26.7,24.1,86.7,9.992,22.3,
78.86992154519044,2023-03-30,26.7,24.7,89.2,4.735,17.0,0.9496
68.14456698897278,2023-03-31,28.3,23.8,78.4,3.99,16.2,0.5538
42.66580642751477,2023-04-01,27.2,23.6,81.1,1.529,26.8,
3.22031566541997,2023-04-02,27.8,24.2,81.8,0.0,18.8,0.3292
61.8941542180126,2023-04-03,27.9,23.3,77.4,14.089,22.4,0.25439999
62.033287518141485,2023-04-04,28.5,23.1,74.3,0.0,13.8,0.7944
42.342976029158834,2023-04-05,28.6,22.8,72.3,0.0,25.9,0.305
0.2976296560327665,2023-04-06,29.1,21.4,65.1,0.0,20.5,0.24659999
55.948865004722244,2023-04-07,29.0,22.1,67.9,0.0,14.9,0.424
77.46545802297918,2023-04-08,28.7,23.5,74.9,0.001,19.8,0.364
73.49189865569129,2023-04-09,28.8,24.0,76.3,0.081,16.6,0.33319998
58.34677503533175,2023-04-10,27.9,24.1,80.3,3.258,21.9,0.6674
25.0412111825345,2023-04-11,28.3,24.1,79.0,0.428,26.0,0.0139999995
23.954530006637537,2023-04-12,28.9,23.6,74.6,1.621,36.6,0.4184
27.597285321497406,2023-04-13,28.8,23.5,74.5,0.402,20.5,0.99539995
47.126690283844816,2023-04-14,28.2,24.3,80.8,49.565,19.5,0.7722
58.09216438294181,2023-04-15,28.6,24.4,79.5,1.422,22.3,0.3542
58.304198280278605,2023-04-16,28.6,24.1,78.1,11.785,18.4,0.4016
50.08346784190433,2023-04-17,29.4,24.5,76.4,0.0,16.6,0.175
62.67563468972418,2023-04-18,29.2,25.1,79.2,11.832,20.2,0.5776
71.5699614087932,2023-04-19,28.9,24.9,80.7,22.444,18.0,0.4346
68.05593439340915,2023-04-20,28.7,25.5,83.7,2.878,16.6,0.49699998
72.95356894577996,2023-04-21,28.9,24.8,79.6,1.81,20.5,0.6234
63.785328265394945,2023-04-22,29.6,25.1,77.5,0.919,23.2,0.312
67.98404404980388,2023-04-23,29.2,25.1,79.5,4.162,25.9,0.21
64.85961373390205,2023-04-24,29.1,25.0,79.4,9.237,22.3,0.2636
61.175173644781495,2023-04-25,28.6,24.4,79.1,0.052,26.4,0.6484
,2023-04-26,28.2,24.8,82.7,1.056,24.6,0.2694
,2023-04-27,29.3,24.9,78.0,0.028,22.3,0.491
,2023-04-28,29.1,25.1,79.9,4.337,20.5,0.2386
,2023-04-29,28.9,24.5,78.2,0.0,12.5,1.112
,2023-04-30,29.4,25.1,78.6,0.001,15.6,
,2023-05-01,28.2,25.4,85.6,1.762,13.4,
,2023-05-02,28.8,25.2,81.9,0.355,13.9,0.7292
,2023-05-03,29.5,25.7,81.3,0.231,20.9,0.8106
,2023-05-04,28.5,25.5,84.7,5.332,17.0,0.3358
,2023-05-05,28.8,25.5,83.6,17.677,17.8,0.14559999
,2023-05-06,28.8,25.3,82.4,5.201,20.5,0.74579996
,2023-05-07,28.3,25.2,84.4,32.783,20.9,0.8854
,2023-05-08,28.0,24.6,82.9,0.0,20.2,
,2023-05-09,29.5,25.1,78.8,0.029,19.8,0.92719996
101.4654093196277,2023-05-10,30.2,25.7,78.3,0.0,25.5,0.4534
93.4017709744104,2023-05-11,29.2,25.4,80.1,0.0,29.1,
58.03305632993923,2023-05-12,30.4,24.8,72.8,0.023,35.3,0.1574
56.91924155486412,2023-05-13,28.9,25.8,84.5,15.553,17.8,0.1498
72.35082170745623,2023-05-14,29.3,22.9,71.4,1.034,19.6,0.583
68.85960318348306,2023-05-15,29.1,23.0,70.7,0.0,15.6,0.2796
82.94293926229074,2023-05-16,29.6,23.6,71.9,0.0,17.0,0.161
77.30202832710474,2023-05-17,29.4,23.4,71.9,0.0,21.9,0.4094
85.75331499532864,2023-05-18,29.1,23.6,73.2,0.0,13.4,
89.46301336318429,2023-05-19,28.7,24.5,78.9,0.046,29.4,
103.8893698921009,2023-05-20,29.2,24.5,76.9,0.0,17.9,1.2739999
93.29144700274897,2023-05-21,29.0,24.9,80.0,2.66,18.4,0.6304
93.78778405303188,2023-05-22,28.9,24.4,78.6,1.507,16.6,0.4188
,2023-05-23,29.0,24.1,77.0,0.14,15.6,1.072
,2023-05-24,28.8,24.5,78.7,0.0,15.2,0.5248
,2023-05-25,29.1,24.2,76.1,0.0,18.7,0.4694
,2023-05-26,29.6,24.0,73.6,0.0,20.5,0.6656
,2023-05-27,28.7,24.6,79.8,12.875,16.1,0.73219997
,2023-05-28,28.7,24.3,78.4,2.059,14.8,0.7592
,2023-05-29,29.3,24.6,77.2,0.517,18.4,0.687
,2023-05-30,29.0,24.9,79.4,0.307,18.7,0.71059996
,2023-05-31,29.0,23.8,75.0,0.0,13.9,0.524
,2023-06-01,28.9,23.6,73.9,0.0,19.4,0.2358
,2023-06-02,29.6,24.0,73.6,0.0,23.2,0.45299998
,2023-06-03,29.6,24.4,74.9,0.0,18.9,0.57879996
,2023-06-04,29.4,24.5,76.0,0.0,22.7,0.85899997
,2023-06-05,29.1,24.5,77.4,1.391,16.6,0.5214
,2023-06-06,27.4,24.3,83.7,4.048,17.9,
,2023-06-07,28.8,23.8,75.9,0.747,24.6,
,2023-06-08,29.2,24.3,76.8,0.1,28.2,
,2023-06-09,29.2,24.2,76.3,0.0,27.3,0.072399996
,2023-06-10,29.3,24.2,75.6,0.0,14.8,0.394
,2023-06-11,29.3,23.2,71.9,0.0,15.2,0.2016
,2023-06-12,29.3,24.0,74.4,0.454,23.6,0.5098
,2023-06-13,29.6,24.8,76.5,3.738,22.3,0.7116
,2023-06-14,28.8,24.6,79.3,0.058,22.3,0.34039998
,2023-06-15,29.0,24.0,76.3,0.385,24.6,0.23879999
,2023-06-16,25.8,24.4,92.1,36.505,13.0,
,2023-06-17,27.2,24.2,84.3,0.0,13.0,2.1536
,2023-06-18,27.9,24.8,84.1,0.23,14.8,
,2023-06-19,27.0,24.6,87.7,22.509,12.1,0.59279996
,2023-06-20,28.6,24.0,78.2,0.0,19.3,0.0061999997
,2023-06-21,29.1,25.0,79.6,0.23,17.9,0.3022
,2023-06-22,29.0,24.5,78.2,2.531,22.8,0.22119999
,2023-06-23,29.2,24.6,77.7,0.711,14.8,0.70239997
,2023-06-24,28.9,24.9,80.0,0.521,13.0,0.7576
,2023-06-25,27.8,24.4,82.7,29.33,20.0,1.1372
,2023-06-26,27.9,24.0,80.4,0.0,17.5,0.5858
,2023-06-27,28.1,23.8,79.0,3.746,13.4,0.94159997
,2023-06-28,28.7,23.1,73.3,0.5,20.0,0.18259999
,2023-06-29,28.6,24.2,78.3,26.8,14.3,0.195
,2023-06-30,29.0,24.0,75.8,0.0,15.8,0.27179998
,2023-07-01,28.2,24.4,80.8,0.053,13.8,0.89919996
,2023-07-02,28.7,24.4,78.3,0.0,21.4,0.5248
,2023-07-03,28.7,23.9,76.4,0.0,13.3,0.48439997
,2023-07-04,28.2,23.8,77.6,0.0,15.6,0.3266
,2023-07-05,28.3,24.0,78.9,0.575,21.8,0.3026
,2023-07-06,27.4,24.6,85.1,4.552,11.2,
,2023-07-07,26.5,24.2,87.8,4.117,17.9,
,2023-07-08,27.5,23.8,81.6,5.826,23.7,0.15879999
,2023-07-09,28.3,23.6,77.3,0.0,27.3,
,2023-07-10,29.1,23.8,74.1,0.856,26.8,0.5548
,2023-07-11,28.9,23.4,73.9,0.0,19.6,0.3012
,2023-07-12,28.9,23.8,75.2,0.51,15.2,0.3976
,2023-07-13,28.7,23.3,74.2,0.037,17.5,0.49319997
,2023-07-14,28.6,23.3,74.0,0.057,16.2,0.40919998
,2023-07-15,29.0,23.3,72.0,0.0,16.0,0.48099998
,2023-07-16,29.0,23.6,73.9,0.0,13.0,0.4242
,2023-07-17,29.0,22.4,69.0,0.0,23.2,0.4256
,2023-07-18,28.5,21.7,68.4,0.0,27.7,0.2216
,2023-07-19,28.6,20.5,64.2,0.0,27.3,0.28759998
,2023-07-20,28.1,19.4,61.3,0.0,18.4,0.2426
,2023-07-21,28.4,21.8,69.3,0.0,20.9,0.5532
,2023-07-22,28.8,22.6,70.6,0.0,22.3,0.8472
,2023-07-23,28.7,22.8,71.7,0.0,19.3,0.44579998
,2023-07-24,27.5,24.3,83.7,2.077,15.2,0.9504
,2023-07-25,27.7,23.9,80.5,0.0,11.2,
,2023-07-26,27.8,23.1,76.5,0.152,11.2,
,2023-07-27,28.4,23.1,74.2,0.0,14.3,0.83959997
,2023-07-28,28.7,21.7,67.6,0.0,23.2,0.631
,2023-07-29,28.0,21.8,70.3,0.0,27.3,0.6152
,2023-07-30,28.3,21.9,70.3,0.0,26.4,0.6512
,2023-07-31,27.9,20.8,66.5,0.0,28.2,0.41759998
,2023-08-01,28.7,22.2,69.9,0.0,42.3,0.20019999
,2023-08-02,28.9,23.9,75.1,4.137,13.0,
,2023-08-03,29.4,24.1,74.4,0.374,20.9,0.6592
,2023-08-04,29.1,23.8,74.5,0.0,27.3,0.4296
,2023-08-05,29.1,22.5,69.3,0.0,23.2,0.4624
,2023-08-06,28.7,23.0,72.9,0.0,17.5,0.354
,2023-08-07,28.5,23.3,75.0,0.2,16.6,0.8674
,2023-08-08,29.0,23.7,75.0,0.0,25.0,0.6146
,2023-08-09,28.9,23.5,74.2,0.0,23.7,0.4502
,2023-08-10,28.8,22.9,72.5,0.0,26.0,0.68119997
,2023-08-11,28.5,23.4,75.4,0.0,20.0,1.0655999
,2023-08-12,28.4,21.5,69.3,0.0,19.8,0.6454
,2023-08-13,27.9,22.0,72.5,0.0,22.3,0.3478
,2023-08-14,28.3,21.9,70.6,0.0,21.4,0.32619998
,2023-08-15,28.4,22.3,71.7,0.0,17.5,0.52639997
,2023-08-16,28.7,22.1,69.0,0.0,21.4,0.575
,2023-08-17,28.5,21.3,66.9,0.0,23.8,0.551
,2023-08-18,28.5,21.8,68.5,0.0,16.6,0.2628
,2023-08-19,28.7,22.8,72.3,0.0,21.9,0.29979998
,2023-08-20,29.4,22.8,69.1,0.0,19.8,0.3988
,2023-08-21,28.9,22.3,69.5,0.0,24.6,0.42859998
,2023-08-22,28.5,22.1,70.4,0.0,23.7,0.32459998
,2023-08-23,28.8,22.2,69.3,0.0,27.3,0.5112
,2023-08-24,29.1,22.8,71.1,0.0,30.3,0.43699998
,2023-08-25,28.9,23.2,72.5,0.0,22.3,0.58599997
,2023-08-26,29.3,23.8,73.4,0.0,15.2,
,2023-08-27,28.4,23.7,77.4,6.589,22.3,1.4632
,2023-08-28,28.1,22.4,73.1,0.2,20.5,1.2868
,2023-08-29,28.5,22.3,71.0,0.0,26.4,0.30859998
,2023-08-30,28.4,22.3,71.8,0.0,27.7,0.38619998
,2023-08-31,28.3,22.5,72.9,0.0,17.9,0.32979998
75.55693155946162,2023-09-01,28.1,22.3,72.1,0.0,22.3,0.695
108.81999135142983,2023-09-02,28.4,22.4,71.2,0.0,14.1,1.1358
94.97771769170781,2023-09-03,28.6,21.2,65.9,0.0,22.3,0.48139998
86.36718074604369,2023-09-04,28.1,19.0,59.6,0.0,23.2,0.359
84.0495966893518,2023-09-05,28.2,19.5,61.5,0.0,26.8,0.3084
85.8980444731689,2023-09-06,28.8,20.5,62.4,0.0,22.8,0.52779996
93.32658232263049,2023-09-07,28.8,22.1,67.9,0.0,17.5,0.4116
98.4686659293423,2023-09-08,29.2,22.8,70.1,0.0,25.9,0.5232
96.40101666305975,2023-09-09,29.0,22.8,70.5,0.0,22.3,0.3374
86.68725693266867,2023-09-10,28.4,21.4,67.2,0.0,18.9,0.76379997
84.41634678620946,2023-09-11,29.1,20.8,63.1,0.0,36.7,0.537
,2023-09-12,29.3,21.1,63.8,0.0,33.9,0.0067999996
,2023-09-13,29.3,21.7,65.0,0.0,18.4,0.095199995
76.26541563562002,2023-09-14,28.9,20.6,62.6,0.0,22.3,0.17379999
68.13498283253168,2023-09-15,29.2,21.4,64.6,0.0,27.7,0.18419999
43.163576286549,2023-09-16,29.3,22.0,66.2,0.0,29.1,0.19479999
85.55940003982839,2023-09-17,29.5,22.2,66.1,0.0,23.2,0.1998
,2023-09-18,29.7,22.9,67.9,0.007,24.7,0.4684
,2023-09-19,29.3,23.3,70.9,2.0,18.9,0.31599998
,2023-09-20,29.4,22.5,68.3,0.4,23.2,0.4094
88.087752975905,2023-09-21,29.7,22.8,67.5,0.391,18.9,0.639
91.2004244928939,2023-09-22,29.5,21.8,65.4,0.0,26.4,0.1112
76.11038375768793,2023-09-23,28.8,21.1,63.9,0.0,22.8,0.62759995
72.47739375589967,2023-09-24,29.1,21.6,65.3,0.0,22.3,0.77059996
81.46319645147668,2023-09-25,29.8,20.6,60.2,0.0,29.4,0.2636
81.67886775422102,2023-09-26,30.1,20.1,57.4,0.0,25.5,0.31939998
74.8477781349817,2023-09-27,29.8,19.2,56.2,0.0,33.0,0.1856
79.76970367070223,2023-09-28,29.8,19.9,58.6,0.0,38.9,0.13159999
86.38277209653059,2023-09-29,30.0,19.9,59.0,0.0,39.3,0.151
93.25729339969746,2023-09-30,29.4,22.7,69.0,0.0,21.9,0.6708
108.54755492148888,2023-10-01,29.3,22.7,69.6,0.0,22.7,1.0418
109.2913908494217,2023-10-02,29.5,21.9,66.1,0.0,19.6,0.6914
89.94752124487644,2023-10-03,29.6,21.7,63.8,0.0,25.4,0.45659998
85.86638828742946,2023-10-04,29.7,22.8,68.1,0.0,24.1,0.7644
85.29461419696432,2023-10-05,29.9,23.3,69.8,0.0,30.3,0.719
85.75530614179549,2023-10-06,29.7,23.6,71.1,0.0,22.3,0.8382
107.96853590438496,2023-10-07,29.9,23.4,69.9,0.0,25.4,0.8312
98.4020700249294,2023-10-08,30.1,22.9,67.2,0.0,29.5,0.61399996
88.95412507710664,2023-10-09,30.2,23.0,67.7,0.0,35.2,0.61399996
83.11703160727306,2023-10-10,30.9,23.4,65.8,0.0,27.7,0.60319996
79.81374561392771,2023-10-11,30.5,23.6,67.5,0.007,23.2,0.93939996
88.5937681358332,2023-10-12,30.7,23.6,68.0,0.0,27.7,0.7928
96.42796860065782,2023-10-13,30.6,23.7,68.1,0.1,25.0,0.81159997
100.01841474615868,2023-10-14,30.5,22.7,64.1,0.0,27.3,0.8772
89.36507178711554,2023-10-15,30.8,21.9,61.4,0.0,36.2,0.99579996
81.9904336722702,2023-10-16,30.7,23.0,65.6,0.0,24.6,0.45
93.12017792056942,2023-10-17,31.1,21.3,59.4,0.0,36.2,0.5592
,2023-10-18,30.4,21.8,62.3,0.0,25.0,0.4578
,2023-10-19,30.4,22.8,65.4,0.0,28.7,0.5832
,2023-10-20,30.1,23.1,67.2,0.0,25.5,0.3962
,2023-10-21,30.4,23.0,66.2,0.0,26.8,0.5096
,2023-10-22,30.8,22.4,63.4,0.0,17.9,1.0912
,2023-10-23,30.2,22.0,63.6,0.0,19.3,0.91459996
,2023-10-24,29.6,22.3,66.0,0.0,20.9,1.4749999
86.92830164966617,2023-10-25,28.9,23.4,73.6,2.766,23.7,0.9996
106.71331803321188,2023-10-26,29.7,23.2,69.4,0.0,19.8,0.5876
107.9693115099554,2023-10-27,29.7,23.3,69.8,0.0,24.1,0.7036
103.11879131389946,2023-10-28,30.3,22.0,65.2,0.0,29.8,0.3466
97.27752097953253,2023-10-29,30.0,22.6,67.1,0.0,26.4,0.39119998
91.83134769596391,2023-10-30,30.2,22.8,67.0,0.0,23.2,0.5918
103.53570974894429,2023-10-31,30.3,23.8,69.7,6.078,22.3,1.0444
98.75267502146058,2023-11-01,29.6,23.5,71.0,0.862,24.1,1.2057999
92.08238116343972,2023-11-02,29.5,23.8,72.9,0.0,15.3,1.0478
96.84959430146834,2023-11-03,29.7,23.6,71.5,0.253,17.9,1.0424
98.56831346282438,2023-11-04,28.9,24.3,77.4,4.602,24.1,0.060599998
86.6329616886009,2023-11-05,27.6,24.3,83.3,21.207,20.0,0.412
79.83462090691916,2023-11-06,29.5,24.4,75.8,0.23,20.0,0.80439997
92.4962436794158,2023-11-07,29.9,24.2,73.7,0.0,18.9,0.8138
88.16065518313873,2023-11-08,30.1,24.5,73.0,0.0,17.0,0.907
96.29145999336687,2023-11-09,29.7,24.1,72.8,0.0,18.4,1.1129999
101.11101204246559,2023-11-10,29.2,24.4,76.9,1.467,18.9,1.2382
105.30560875525076,2023-11-11,28.8,24.7,79.8,3.927,18.9,1.231
92.14534536799187,2023-11-12,29.2,23.9,74.8,1.463,17.9,0.6796
82.61411336860428,2023-11-13,30.2,23.8,70.4,0.0,21.4,0.2744
81.86239674564023,2023-11-14,29.6,24.8,76.9,21.712,22.3,1.11
71.74098022477719,2023-11-15,28.8,24.6,79.3,15.095,18.9,0.0672
77.29433375902457,2023-11-16,29.7,24.1,73.4,11.735,16.6,0.38939998
78.72963477169232,2023-11-17,29.4,24.5,76.1,0.291,16.2,0.247
80.14712367843676,2023-11-18,29.0,24.5,78.2,0.101,15.2,0.7198
77.37385266427036,2023-11-19,29.7,24.7,75.6,3.146,18.4,0.31579998
77.50045800179235,2023-11-20,29.6,24.3,75.1,1.581,13.0,0.46539998
78.99449930960111,2023-11-21,29.9,24.7,75.2,2.893,17.0,0.4086
72.89454337880306,2023-11-22,29.7,24.7,76.3,16.722,15.9,0.2832
77.9621468032394,2023-11-23,28.6,24.7,80.3,0.0,20.0,
98.69420343919283,2023-11-24,28.5,25.2,82.8,19.701,18.4,0.6976
63.70449871272927,2023-11-25,26.1,24.5,91.2,23.695,21.8,
79.87510651163497,2023-11-26,28.2,24.0,79.1,5.56,18.4,0.5588
81.26041603888366,2023-11-27,27.6,24.3,82.8,1.379,17.5,
80.82518501137024,2023-11-28,28.8,24.0,76.5,1.456,18.9,0.8864
96.51401729157864,2023-11-29,29.3,24.6,77.5,5.619,20.5,0.49699998
70.9724627943189,2023-11-30,27.7,24.7,84.7,17.905,17.0,0.33139998
76.29823340246539,2023-12-01,26.5,24.7,90.0,2.54,20.9,
86.16282664257402,2023-12-02,28.7,24.4,78.9,0.375,20.9,0.6788
76.5482526129785,2023-12-03,27.9,24.4,82.4,0.17,17.8,0.1962
68.20810097582962,2023-12-04,26.4,24.7,90.2,5.279,11.2,
95.82603368134733,2023-12-05,28.7,23.9,76.8,0.0,14.4,0.0098
87.36138346886474,2023-12-06,28.5,24.3,79.6,0.0,26.0,0.4502
79.20891928102618,2023-12-07,28.8,25.1,81.0,0.007,11.6,
83.94904476803242,2023-12-08,28.4,24.9,82.3,0.936,16.5,0.331
93.0669485088083,2023-12-09,28.5,24.4,79.6,0.0,19.1,
84.08777770017564,2023-12-10,28.5,24.6,80.2,0.0,13.0,1.219
89.05464952652149,2023-12-11,29.3,24.5,77.0,0.0,18.4,0.2208
80.01870094999792,2023-12-12,29.3,24.6,76.8,0.0,18.4,
82.42763829712884,2023-12-13,29.4,24.0,74.0,0.0,19.3,0.53859997
88.24942670066868,2023-12-14,29.9,24.1,72.6,0.0,20.0,0.75839996
,2023-12-15,30.1,23.0,67.8,0.0,18.4,0.77459997
,2023-12-16,29.8,22.6,67.1,0.0,18.4,0.57839996
,2023-12-17,29.7,23.0,69.1,0.0,20.5,0.329
,2023-12-18,30.1,23.6,69.9,0.0,22.3,0.539
71.0790760540491,2023-12-19,30.2,21.9,63.0,0.0,23.3,0.63199997
68.44743938256573,2023-12-20,29.9,19.8,57.5,0.0,22.3,0.1116
68.65040847407411,2023-12-21,29.1,20.6,62.5,0.0,19.8,0.37719998
76.54116585316932,2023-12-22,29.1,22.0,67.0,0.0,16.6,1.2378
84.71322368770826,2023-12-23,30.3,22.9,65.8,0.0,14.3,0.7464
106.07355807756856,2023-12-24,30.4,23.9,68.9,0.026,15.2,1.033
105.23547756121883,2023-12-25,28.5,24.5,79.5,26.559,18.7,1.464
90.48462296664785,2023-12-26,27.9,24.5,82.2,0.0,12.5,1.425
91.61751459008065,2023-12-27,28.2,24.8,83.0,4.355,16.0,0.618
89.40093994249072,2023-12-28,29.0,25.0,80.2,0.0,17.9,0.6832
86.13500208691545,2023-12-29,28.7,25.2,82.2,0.69,22.3,1.1048
95.39532966325085,2023-12-30,28.2,25.4,85.2,3.898,17.2,
96.42213694249875,2023-12-31,28.3,24.8,82.5,1.641,26.4,0.28219998
99.11116539043441,2024-01-01,28.7,25.0,81.3,1.752,19.2,1.416
85.17265259053131,2024-01-02,29.0,25.5,82.1,0.0,21.4,
69.28684894116198,2024-01-03,27.6,25.4,88.2,10.601,16.6,
72.8340324232053,2024-01-04,27.1,24.8,88.0,25.856,20.5,
,2024-01-05,27.6,24.6,85.1,10.64,16.6,0.5992
,2024-01-06,27.5,24.7,85.8,1.092,21.9,
90.93211035871099,2024-01-07,27.0,24.8,88.3,0.03,22.3,0.2626
78.11690787184763,2024-01-08,27.7,24.2,82.0,0.0,17.9,
73.3056050460879,2024-01-09,28.2,24.1,79.5,0.0,25.4,0.4418
71.78410751345992,2024-01-10,28.3,24.8,82.2,4.315,21.4,0.547
79.32945634871861,2024-01-11,27.4,25.0,87.3,32.327,25.0,1.6268
46.03934986955932,2024-01-12,27.5,24.4,84.2,0.521,21.8,1.8576
,2024-01-13,27.7,24.3,82.4,9.569,20.5,
59.2334622426882,2024-01-14,28.4,24.7,80.9,0.046,16.0,0.8498
74.8626877088692,2024-01-15,29.0,24.9,79.5,0.0,17.0,0.97499996
62.473463185461526,2024-01-16,29.4,24.0,73.8,0.0,28.7,0.611
58.21541213927005,2024-01-17,27.3,25.1,88.4,3.651,19.3,0.8882
72.35990311743872,2024-01-18,27.7,24.1,81.4,4.903,21.9,1.5152
49.286049153588834,2024-01-19,25.5,23.9,91.2,17.338,24.1,
41.48132609410728,2024-01-20,29.0,22.8,71.9,0.845,35.3,0.18259999
53.481812355418064,2024-01-21,27.8,24.4,82.1,6.527,28.7,0.8394
51.19582067016515,2024-01-22,29.2,23.4,72.9,0.026,27.7,0.6896
51.74596389501906,2024-01-23,29.1,24.0,75.1,0.04,25.9,0.45479998
52.610074036635694,2024-01-24,29.1,23.5,72.9,0.0,28.7,0.6056
57.385271038474094,2024-01-25,29.5,24.2,74.3,0.0,25.5,0.304
60.824207136857645,2024-01-26,28.9,24.8,79.1,0.079,25.5,1.4726
58.13124607638186,2024-01-27,26.1,24.7,92.1,25.919,14.3,
61.1550099092328,2024-01-28,26.9,24.8,89.0,19.438,16.4,
64.17608014282688,2024-01-29,26.6,24.9,90.4,17.96,13.4,
72.31493930077887,2024-01-30,27.2,25.0,88.1,34.58,15.7,
62.54509274227561,2024-01-31,27.3,24.6,86.1,70.403,16.6,
74.97343050554296,2024-02-01,27.5,24.7,85.7,3.266,17.2,0.49719998
72.68430155719491,2024-02-02,28.0,24.8,84.2,34.457,31.2,0.42679998
60.93425251987656,2024-02-03,27.4,24.6,85.3,0.011,26.4,
53.84514776648518,2024-02-04,27.6,24.4,83.2,11.941,23.3,0.50159997
58.04671827572983,2024-02-05,27.4,24.8,86.7,1.346,34.4,
80.18554551054058,2024-02-06,26.4,24.5,89.4,9.979,27.4,
63.41641083714833,2024-02-07,27.7,23.8,81.0,0.0,21.4,0.6828
70.84607279854929,2024-02-08,28.6,24.2,78.8,0.0,18.4,0.421
77.33167020263947,2024-02-09,28.7,24.9,80.8,0.0,15.7,0.5746
79.51493817531396,2024-02-10,28.0,25.1,84.9,8.563,26.0,
69.34637842454855,2024-02-11,28.4,24.7,81.1,0.0,20.6,0.086799994
68.96682872511842,2024-02-12,28.7,25.1,81.5,5.797,16.1,0.741
64.30809666648487,2024-02-13,28.6,25.0,81.6,8.291,21.2,0.5216
57.29741067775248,2024-02-14,27.6,25.4,88.5,131.89,11.2,
58.60948217412971,2024-02-15,28.5,25.8,85.8,7.304,13.1,
85.42149103234213,2024-02-16,27.9,25.6,87.7,0.0,19.3,
81.17894906432709,2024-02-17,28.0,25.4,86.3,18.02,20.0,1.0866
64.94483338810922,2024-02-18,28.2,24.9,82.9,0.039,18.4,0.6624
,2024-02-19,28.9,25.1,80.6,1.754,24.8,
,2024-02-20,29.4,25.5,80.3,0.0,25.4,0.6612
,2024-02-21,29.0,25.4,81.4,0.239,13.8,
,2024-02-22,29.6,25.0,77.6,2.133,21.5,1.3133999
,2024-02-23,29.7,24.4,74.3,0.0,19.8,
,2024-02-24,28.9,25.2,80.6,0.209,19.8,
,2024-02-25,28.0,24.7,83.3,9.699,18.4,
,2024-02-26,28.2,24.5,81.1,16.062,13.4,
,2024-02-27,29.2,24.5,76.9,0.0,17.5,1.4424
,2024-02-28,27.2,25.0,88.5,46.26,16.6,
65.64316668799482,2024-02-29,26.2,24.9,92.5,84.753,13.1,
72.37413528600119,2024-03-01,28.4,24.6,81.3,0.028,13.2,0.89199996
74.96450149762269,2024-03-02,27.7,25.3,87.3,13.275,15.2,1.2639999
69.72889471917765,2024-03-03,27.3,24.8,86.6,4.988,15.8,0.6466
67.09814496962404,2024-03-04,28.0,24.4,82.1,0.851,27.0,1.0483999
55.53983489719149,2024-03-05,29.2,24.4,76.3,0.0,26.8,0.768
51.65339875732507,2024-03-06,28.6,24.9,81.1,2.153,30.8,
41.10531300649769,2024-03-07,29.0,24.7,78.5,0.13,25.8,0.8746
,2024-03-08,28.3,24.7,81.6,0.0,34.4,
43.63555876550215,2024-03-09,25.7,24.3,92.0,45.551,21.4,
81.58194673136155,2024-03-10,27.0,25.2,90.3,0.629,14.3,
80.24702279610607,2024-03-11,27.4,25.2,88.0,20.877,11.1,
62.390025401481985,2024-03-12,28.3,24.2,79.3,0.122,12.9,1.3
71.07249650835472,2024-03-13,27.8,24.8,84.3,19.762,20.2,
71.57259538032135,2024-03-14,27.2,24.8,87.3,10.29,18.4,
62.65082222916106,2024-03-15,26.6,24.0,86.3,27.967,33.5,
51.11927415384659,2024-03-16,25.9,23.9,89.3,22.347,20.5,
51.66555759832084,2024-03-17,26.6,24.2,86.7,23.669,27.3,
50.48457303226288,2024-03-18,28.2,24.0,78.5,0.474,20.5,0.9148
58.922555862258726,2024-03-19,29.3,23.0,70.5,0.0,26.4,0.0618
55.358788641536755,2024-03-20,29.4,22.0,66.3,0.0,23.9,0.088999994
55.892240933986564,2024-03-21,28.4,23.5,75.8,0.0,24.1,0.56079996
62.41426958337936,2024-03-22,26.7,24.5,88.2,73.994,25.9,
89.06046572909499,2024-03-23,29.1,24.3,76.5,0.0,18.4,0.15519999
100.81010130790382,2024-03-24,29.6,25.2,78.1,0.115,18.4,0.413
77.89973718944186,2024-03-25,28.6,24.5,79.0,0.247,16.6,
76.63700423280203,2024-03-26,29.0,24.3,77.0,0.287,22.8,0.3664
91.79786106171468,2024-03-27,27.9,24.6,82.5,0.539,16.6,
100.54939434662175,2024-03-28,28.3,24.1,79.5,2.1,20.5,0.4218
106.06786384441075,2024-03-29,28.6,24.0,77.4,2.1,16.6,0.40199998
94.64036467207632,2024-03-30,28.4,24.5,80.3,8.5,23.8,0.23339999
101.39427509702602,2024-03-31,28.6,25.1,82.2,6.7,20.1,0.3604
104.35725952109074,2024-04-01,28.3,24.6,80.9,4.5,18.4,0.327
109.82621636942083,2024-04-02,28.7,24.6,79.1,0.942,16.6,0.1836
95.76466653846391,2024-04-03,28.3,25.1,83.8,6.708,19.7,
81.35692835174365,2024-04-04,28.8,24.8,79.8,0.865,20.0,0.4664
108.35615902201572,2024-04-05,28.6,25.0,80.8,2.622,17.9,0.3938
102.58838451050303,2024-04-06,28.7,24.8,80.6,0.391,17.9,
85.40094025492766,2024-04-07,29.4,24.7,77.4,0.0,16.6,0.3172
83.10060952585738,2024-04-08,29.5,24.3,75.2,0.0,13.0,0.664
70.0203744238397,2024-04-09,28.1,24.2,79.9,1.388,20.2,0.2306
99.25454957642968,2024-04-10,28.5,24.3,79.5,0.527,20.9,0.53319997
74.9306327951032,2024-04-11,29.1,24.6,77.6,0.0,16.2,0.5916
61.34824474274479,2024-04-12,26.8,25.0,89.7,42.123,21.2,1.5943999
63.056604881688706,2024-04-13,29.2,24.8,78.7,0.666,21.4,0.3724
64.61382107739692,2024-04-14,28.2,24.8,82.3,3.219,23.3,0.3778
62.528270978086404,2024-04-15,29.3,24.8,77.6,0.768,20.2,0.30719998
56.94981326719935,2024-04-16,30.4,25.0,74.0,0.172,26.8,0.2724
73.37745097167608,2024-04-17,28.8,24.7,79.7,23.387,31.2,0.2338
76.32140703476193,2024-04-18,28.8,24.3,78.0,3.627,25.4,0.1832
69.05537924971075,2024-04-19,29.0,24.4,77.4,0.0,20.5,0.6574
84.91818693172952,2024-04-20,29.3,24.8,77.7,1.139,21.9,
80.49707956879705,2024-04-21,28.5,25.1,82.1,4.14,19.6,
82.39464026733981,2024-04-22,30.0,24.7,74.2,0.287,20.0,0.109799996
80.44887867500637,2024-04-23,28.9,25.2,81.0,0.793,19.0,1.0447999
79.26007989106883,2024-04-24,29.0,25.0,80.2,8.638,17.9,1.1796
14.229763154272174,2024-04-25,28.8,25.2,81.6,10.565,16.2,
73.11767805383174,2024-04-26,28.8,25.0,81.2,6.627,20.6,0.2992
76.95683738708537,2024-04-27,28.4,25.1,83.5,5.416,28.2,0.227
79.05153734523371,2024-04-28,29.4,25.3,79.6,2.091,17.5,0.634
85.01863691323196,2024-04-29,30.8,25.3,73.8,0.0,23.2,0.4242
75.89303979499617,2024-04-30,30.4,25.5,75.9,0.941,22.8,0.84599996
76.99252096562303,2024-05-01,29.4,25.1,78.2,1.113,15.2,1.0288
83.02831164579545,2024-05-02,30.3,25.3,75.9,0.115,25.0,
93.05792665973782,2024-05-03,29.3,25.3,80.2,0.115,25.9,0.8912
98.25376166866572,2024-05-04,29.4,24.1,74.2,0.575,17.0,0.8954
97.54240662152684,2024-05-05,29.8,24.2,72.7,0.0,17.8,0.6296
95.49006065868976,2024-05-06,29.7,24.0,72.0,0.345,25.4,0.6254
102.11886108364116,2024-05-07,30.1,23.7,69.7,0.0,18.9,0.54899997
105.22914024216338,2024-05-08,29.6,24.1,73.3,0.1,17.5,1.1452
117.43904062544355,2024-05-09,29.9,24.1,71.9,0.0,24.6,0.87619996
102.22426684876937,2024-05-10,30.2,25.0,74.4,0.026,31.7,0.9658
94.37261110737973,2024-05-11,30.3,25.1,74.8,0.963,27.7,0.5834
90.76691933212437,2024-05-12,30.4,24.2,71.1,0.0,21.1,0.5412
80.97529220316595,2024-05-13,30.3,24.8,73.7,1.149,23.2,0.42679998
96.14202562034312,2024-05-14,28.6,24.9,80.7,19.195,14.3,
105.50083144330387,2024-05-15,29.8,24.3,73.9,1.433,26.4,0.100999996
103.97453479628773,2024-05-16,29.9,24.4,73.5,0.0,27.3,1.3166
,2024-05-17,29.8,23.9,71.7,1.271,18.4,1.165
,2024-05-18,29.7,23.9,72.5,0.0,20.6,0.6798
,2024-05-19,29.9,23.9,71.3,0.115,20.9,0.59639996
,2024-05-20,30.0,23.7,70.1,0.0,20.9,0.266
,2024-05-21,30.1,24.0,71.0,0.0,18.9,1.1076
,2024-05-22,29.9,24.4,72.8,0.0,20.0,1.23
,2024-05-23,28.6,24.8,80.4,0.063,15.2,
,2024-05-24,29.0,24.6,78.1,1.753,25.4,
,2024-05-25,26.9,24.6,87.6,9.348,18.4,
,2024-05-26,29.1,24.7,78.0,0.0,17.9,
,2024-05-27,30.1,24.5,73.4,0.0,26.8,0.567
,2024-05-28,30.2,24.9,74.2,0.095,22.7,0.72139996
98.64869620583215,2024-05-29,30.3,24.9,74.0,0.0,22.3,0.8282
91.9998604529779,2024-05-30,30.2,24.8,73.5,0.0,14.3,0.7906
109.68247153671946,2024-05-31,30.2,24.6,73.0,0.0,20.5,0.84559995
115.36861628459472,2024-06-01,29.2,24.8,77.7,0.0,14.8,
115.5097531571406,2024-06-02,29.4,24.5,75.6,0.0,17.9,0.945
86.8349039681056,2024-06-03,28.4,25.0,82.4,6.454,13.0,
85.15213069036955,2024-06-04,29.2,24.5,76.8,3.045,14.8,0.70059997
110.92894885908284,2024-06-05,29.8,24.4,73.8,0.0,12.9,0.2052
89.47307243537928,2024-06-06,29.8,22.9,68.1,0.0,19.9,0.0976
90.9254480586391,2024-06-07,29.8,24.1,73.3,1.899,20.3,0.29459998
108.38620571845878,2024-06-08,29.8,24.0,72.5,0.0,17.5,0.0902
102.13778045150643,2024-06-09,28.9,24.4,77.7,0.919,14.8,0.5284
109.21592558493921,2024-06-10,29.7,24.5,74.6,0.287,18.4,0.21859999
98.1448629552329,2024-06-11,28.1,24.9,83.4,13.216,24.1,0.068399996
94.7652882923256,2024-06-12,28.3,24.6,80.9,0.011,16.2,0.204
73.31369639458872,2024-06-13,28.3,24.4,80.0,0.0,17.0,0.3014
74.24356192994269,2024-06-14,28.9,24.7,78.9,0.0,19.0,0.22899999
80.56516592582315,2024-06-15,28.6,24.6,79.8,0.0,14.7,0.5808
,2024-06-16,27.6,24.4,83.4,68.835,14.8,
,2024-06-17,29.5,24.2,74.4,0.115,15.6,0.38
,2024-06-18,28.4,24.4,79.4,1.034,17.1,0.783
,2024-06-19,29.1,23.8,74.5,0.0,23.7,0.19559999
,2024-06-20,29.1,22.2,67.9,0.0,27.3,0.1468
,2024-06-21,29.1,22.8,70.2,0.0,14.8,0.23979999
,2024-06-22,29.1,23.2,71.5,0.0,19.1,0.47379997
,2024-06-23,29.1,21.2,64.6,0.0,26.0,0.105399996
97.98563260610132,2024-06-24,29.3,23.1,69.9,0.0,24.1,0.20699999
90.77562969956432,2024-06-25,27.3,23.9,82.1,19.105,12.1,0.7062
84.78260193764943,2024-06-26,28.8,23.9,76.1,0.0,21.9,0.2618
78.98240509237955,2024-06-27,28.8,24.6,78.5,2.274,16.6,0.0066
72.32585751495925,2024-06-28,28.2,24.8,82.3,0.807,23.2,0.3524
78.6580686585827,2024-06-29,27.1,24.5,86.1,8.497,16.2,
72.4166778881253,2024-06-30,28.2,23.4,76.3,0.0,17.8,0.1612
78.16212330422358,2024-07-01,28.3,24.5,80.4,0.0,17.0,0.5272
82.10307429937195,2024-07-02,27.6,24.2,82.5,0.604,20.5,0.3608
100.89129983297168,2024-07-03,27.7,23.8,80.5,3.518,22.9,0.118599996
93.81821726101622,2024-07-04,26.9,23.8,83.9,15.962,17.9,0.146
80.94391979270337,2024-07-05,26.7,23.8,84.9,4.62,26.4,0.1936
61.54861997542255,2024-07-06,24.7,23.4,92.3,57.615,20.5,
53.89719239890206,2024-07-07,26.7,23.1,81.8,2.672,13.0,0.5388
53.83149373925797,2024-07-08,28.4,24.0,78.3,19.251,31.5,0.0098
63.52079842930544,2024-07-09,28.1,24.3,81.1,21.013,15.6,
80.35017372189488,2024-07-10,28.7,23.2,73.0,0.0,18.9,0.3042
98.01009332025238,2024-07-11,28.8,23.3,73.6,0.0,13.8,0.2164
94.66126519689446,2024-07-12,28.4,21.6,68.4,0.0,21.9,0.461
96.76829229279394,2024-07-13,27.8,20.4,65.8,0.0,15.2,0.2482
96.15496273443352,2024-07-14,27.8,20.0,64.2,0.0,18.4,0.33179998
89.05899802479549,2024-07-15,27.5,19.9,65.0,0.0,14.3,0.258
90.99533321873712,2024-07-16,28.3,20.7,65.2,0.0,24.1,0.1812
79.13026023277452,2024-07-17,28.7,22.1,68.6,0.0,16.6,0.2068
26.092347783133373,2024-07-18,29.1,22.6,68.6,0.0,22.3,0.87759995
83.89571965730708,2024-07-19,29.2,22.4,67.8,0.0,17.0,0.48619998
87.54861314604335,2024-07-20,28.7,21.7,67.5,0.0,21.9,0.274
,2024-07-21,29.0,21.9,67.4,0.0,15.6,0.53499997
,2024-07-22,29.0,22.4,68.4,0.0,13.5,0.6656
,2024-07-23,28.7,21.5,65.8,0.0,16.4,0.5538
,2024-07-24,28.6,22.0,68.7,0.0,15.6,1.0644
,2024-07-25,28.2,22.2,70.0,0.0,14.8,1.25
,2024-07-26,28.9,22.0,67.4,0.0,22.3,0.715
,2024-07-27,29.2,22.5,68.7,0.0,18.0,0.4628
,2024-07-28,29.1,22.6,69.1,0.0,18.4,0.92859995
,2024-07-29,29.1,21.9,66.4,0.0,22.3,0.6702
,2024-07-30,29.2,21.7,65.3,0.0,18.6,0.4312
,2024-07-31,29.0,22.6,70.2,0.0,20.9,0.3586
,2024-08-01,28.1,23.3,76.1,0.0,20.5,1.0684
,2024-08-02,27.4,23.3,79.1,3.346,15.7,0.43359998
,2024-08-03,27.7,23.5,79.6,6.09,23.2,0.2314
,2024-08-04,28.8,23.4,74.1,0.324,17.9,0.2086
,2024-08-05,28.1,22.7,73.7,11.187,14.3,0.6976
,2024-08-06,29.0,22.5,69.8,0.0,21.4,0.3866
42.403519019451686,2024-08-07,28.9,22.4,69.3,0.0,27.7,0.9572
99.4033791858792,2024-08-08,29.0,22.3,68.5,0.0,19.3,
100.52838414987008,2024-08-09,29.5,22.7,68.3,0.0,20.6,0.3382
81.83138288620493,2024-08-10,29.4,23.3,70.6,0.0,24.6,0.3624
82.22615286486094,2024-08-11,29.1,23.1,70.8,0.079,15.6,0.65459996
82.11282147525834,2024-08-12,28.3,20.4,63.5,0.2,24.5,0.9554
88.32578799964108,2024-08-13,28.6,20.1,61.7,0.0,24.6,0.18519999
99.37459935816128,2024-08-14,29.0,21.7,66.6,0.0,16.1,0.3046
101.92297382811044,2024-08-15,29.0,21.9,67.0,0.0,18.4,0.3872
98.36873152114418,2024-08-16,29.0,21.8,66.1,0.0,23.2,0.5354
104.0905376683055,2024-08-17,29.3,22.1,66.1,0.0,23.2,0.955
98.88813299343498,2024-08-18,29.0,22.7,70.5,0.0,15.6,0.394
85.44473749837499,2024-08-19,29.1,22.9,70.3,0.0,19.3,0.3362
42.2677848812526,2024-08-20,28.6,22.9,72.1,0.0,16.6,0.8132
107.7726243529177,2024-08-21,29.1,22.8,70.0,0.0,23.2,0.4632
103.10212522868729,2024-08-22,29.3,22.8,69.1,0.0,20.5,0.3518
83.33035396853582,2024-08-23,29.1,23.0,70.6,0.0,14.8,0.99439996
97.76380031398777,2024-08-24,28.8,22.7,70.6,0.68,21.4,0.7374
107.96239629200166,2024-08-25,29.1,21.5,65.4,0.0,18.9,0.427
84.6706815677325,2024-08-26,29.0,22.1,67.9,0.0,17.7,0.4042
112.24776685087467,2024-08-27,29.1,22.5,68.9,0.0,19.1,0.58019996
99.72890211402694,2024-08-28,29.4,21.4,63.3,0.0,19.9,0.74759996
99.48079132176622,2024-08-29,29.2,22.3,67.5,0.287,16.6,0.5362
112.62736679616842,2024-08-30,29.0,21.4,65.2,0.0,17.5,0.72499996
83.41465104504758,2024-08-31,29.0,21.4,64.8,0.0,17.9,0.41239998
82.12644063904146,2024-09-01,29.2,22.7,69.2,0.0,16.6,0.3892
83.01023222565051,2024-09-02,29.7,23.3,69.7,0.763,20.9,0.9252
87.11253146506452,2024-09-03,29.1,23.0,70.4,0.068,22.3,0.45119998
88.76297608527149,2024-09-04,29.8,21.5,62.6,0.0,19.8,0.45119998
62.635497942062294,2024-09-05,29.4,22.7,68.6,0.0,29.8,0.30159998
37.197018928598034,2024-09-06,30.0,23.1,67.5,0.0,24.3,0.2346
76.96611024684445,2024-09-07,30.4,21.7,61.6,0.0,22.9,0.304
76.30842209017501,2024-09-08,30.4,22.4,63.7,0.0,32.4,0.1564
71.49364525380787,2024-09-09,28.2,23.4,76.3,8.8,17.7,0.4024
77.4687863854829,2024-09-10,27.4,23.6,80.6,7.911,25.7,0.0334
69.97382758000317,2024-09-11,29.0,21.9,67.6,0.145,24.5,0.0694
82.13245303184095,2024-09-12,28.4,23.2,74.6,6.936,57.5,0.93579996
90.81626498011912,2024-09-13,27.8,22.6,75.1,1.963,17.9,0.523
87.96685983393388,2024-09-14,28.9,21.4,65.6,0.0,19.5,0.2796
83.57145837581868,2024-09-15,28.8,21.5,66.1,0.0,22.1,0.6046
90.41625211945394,2024-09-16,28.9,21.1,64.8,0.0,22.1,0.2654
89.1828141932545,2024-09-17,29.0,20.3,61.0,0.0,18.9,0.34719998
80.52132387978699,2024-09-18,28.2,21.1,66.6,0.0,19.7,0.2078
88.59632565361265,2024-09-19,28.7,20.5,62.8,0.0,17.7,0.46179998
83.35073353594272,2024-09-20,29.1,22.0,66.7,0.0,20.0,0.7802
92.70912842494069,2024-09-21,29.3,22.7,68.8,0.0,15.0,0.71
111.15412648259492,2024-09-22,29.5,23.9,72.9,0.029,21.1,1.3316
101.87749627619633,2024-09-23,29.7,24.4,74.1,1.727,20.2,1.189
92.21757991983803,2024-09-24,27.7,24.0,81.0,1.726,18.4,
95.8593545099455,2024-09-25,27.4,23.3,79.8,42.238,25.7,0.8006
85.60785826816202,2024-09-26,27.2,23.5,81.8,23.334,23.7,0.2784
82.2092497455096,2024-09-27,28.7,23.8,76.3,19.904,22.2,0.304
88.2028762521761,2024-09-28,29.7,24.0,72.4,0.0,27.8,0.93219995
94.89254337776431,2024-09-29,29.4,23.3,70.7,0.629,26.1,0.62939996
81.14522432862034,2024-09-30,29.7,22.5,67.2,0.0,20.9,0.59779996
89.56639217361355,2024-10-01,29.8,23.0,68.6,0.0,15.6,0.7732
100.84217786747975,2024-10-02,30.0,23.6,69.9,0.632,24.8,1.0461999
92.98064820181246,2024-10-03,29.5,23.3,70.5,0.165,20.0,
91.12454542210041,2024-10-04,29.4,22.9,69.8,0.006,25.2,0.2624
82.45132214897288,2024-10-05,28.9,23.0,71.4,0.0,25.0,0.7714
80.56429314494214,2024-10-06,29.3,22.6,68.9,0.632,17.8,0.87939996
111.79809283051185,2024-10-07,30.1,21.5,63.1,0.0,27.0,0.5184
89.14244518068661,2024-10-08,29.9,22.2,64.7,0.0,22.1,0.7238
82.09535164232108,2024-10-09,30.2,23.1,66.9,0.0,17.5,0.604
87.58075582541096,2024-10-10,30.1,23.5,69.0,0.0,20.5,0.159
94.8673634430408,2024-10-11,30.4,23.4,67.4,0.0,27.9,0.8366
85.04827541765226,2024-10-12,29.9,23.7,70.5,0.0,15.8,
100.30637520496448,2024-10-13,28.9,24.0,75.4,0.0,30.0,
108.46671655621192,2024-10-14,28.4,23.5,75.9,2.62,14.7,
89.7655622775036,2024-10-15,28.1,23.4,76.6,1.013,14.8,0.9582
102.46151620465425,2024-10-16,29.2,22.3,68.8,0.0,19.1,0.4184
,2024-10-17,29.1,19.8,58.8,0.078,17.9,0.50339997
,2024-10-18,29.3,21.3,63.1,0.0,15.6,0.39119998
4.102824801601754,2024-10-19,29.1,22.4,68.8,0.0,12.3,0.6236
,2024-10-20,30.1,20.2,58.3,0.0,20.2,0.4168
62.98256056808689,2024-10-21,29.0,21.5,64.8,0.0,14.2,0.32459998
82.52445475633944,2024-10-22,29.8,22.7,66.9,0.0,17.7,0.3272
82.85873166202487,2024-10-23,30.3,23.5,67.7,0.091,17.4,0.1936
74.12978667324823,2024-10-24,29.6,24.0,72.6,36.564,15.4,0.958
78.51718628476105,2024-10-25,28.7,23.7,76.0,15.305,15.2,0.62479997
78.59035900798956,2024-10-26,29.9,22.1,64.9,2.844,17.3,0.19
75.26033926595412,2024-10-27,30.0,22.9,67.1,0.0,17.7,0.3506
81.37105602925861,2024-10-28,29.6,22.8,68.4,0.0,17.0,0.41279998
77.35723178410262,2024-10-29,30.4,23.3,67.1,0.0,17.0,0.7256
86.31785589911681,2024-10-30,30.1,23.0,67.4,0.0,17.7,0.719
83.86717320700437,2024-10-31,29.9,22.9,67.9,0.0,20.7,0.509
88.66606793414165,2024-11-01,30.0,23.0,67.8,0.066,18.1,0.45319998
95.53056930825535,2024-11-02,28.1,23.4,77.1,26.807,23.4,0.1936
78.02237991119466,2024-11-03,26.8,23.3,82.4,16.811,14.6,1.1098
72.26121779188234,2024-11-04,27.6,23.5,79.6,4.836,13.8,
67.62272198684404,2024-11-05,28.1,23.8,79.0,16.153,21.1,0.6436
70.28759686458189,2024-11-06,29.0,23.0,72.0,0.0,26.5,0.80079997
76.39376426382752,2024-11-07,28.7,23.2,73.6,0.0,17.3,0.38099998
93.4502978368069,2024-11-08,29.8,23.3,69.5,0.595,14.3,0.5366
95.0816639427952,2024-11-09,28.5,23.9,77.8,2.458,12.9,0.9176
80.39279326781951,2024-11-10,28.1,23.7,78.4,0.645,20.2,1.0928
78.44597112436325,2024-11-11,27.1,23.8,83.4,4.481,25.4,1.6387999
66.18585315431179,2024-11-12,27.9,23.8,79.2,3.992,19.3,0.271
73.72430476405424,2024-11-13,29.5,23.7,72.6,0.33,22.7,0.38
92.47660643677756,2024-11-14,29.7,24.1,73.3,0.046,16.3,
98.41213035440519,2024-11-15,29.1,24.3,76.7,1.683,19.5,1.1488
72.72944948638713,2024-11-16,27.7,25.1,86.1,11.918,14.6,
129.9363013258792,2024-11-17,28.8,24.5,78.9,12.843,15.7,
103.57722785574266,2024-11-18,28.3,24.2,78.9,9.4,22.7,1.0846
,2024-11-19,27.8,23.9,81.3,10.8,22.7,0.5432
,2024-11-20,28.3,23.8,78.1,9.6,21.0,0.2218
,2024-11-21,28.3,23.8,78.0,2.6,20.5,0.4042
16.264488432808502,2024-11-22,28.5,23.8,76.5,0.814,22.3,0.5606
55.49914393441773,2024-11-23,27.8,24.0,80.8,3.849,12.8,0.5212
56.489850319064715,2024-11-24,28.0,23.8,79.3,1.149,25.0,0.7414
54.96798078388829,2024-11-25,28.8,23.5,73.9,0.0,17.7,0.28059998
56.094164957194316,2024-11-26,28.8,24.1,76.9,0.626,17.9,0.3782
68.59229497853643,2024-11-27,27.7,24.2,81.9,23.723,19.3,0.8222
53.59437207443306,2024-11-28,28.4,23.5,76.4,18.382,19.1,0.8894
49.51602708158536,2024-11-29,28.7,22.4,70.0,0.087,21.3,1.2134
41.26694784313498,2024-11-30,29.6,22.6,67.0,0.0,22.2,0.38599998
45.48236309896023,2024-12-01,29.2,23.1,71.0,0.222,30.8,0.2624
31.8612852617954,2024-12-02,27.6,23.2,77.6,23.045,27.5,0.55619997
26.315913000566496,2024-12-03,26.8,22.9,79.7,7.443,28.9,
28.001637755280218,2024-12-04,26.0,23.6,86.4,4.513,22.2,
28.86768664895438,2024-12-05,27.1,23.9,83.4,27.336,23.0,
40.764172914376424,2024-12-06,26.5,23.9,86.3,19.509,15.5,
75.60095866714967,2024-12-07,27.3,24.6,85.6,19.868,15.7,
78.79175308420555,2024-12-08,28.2,24.8,82.8,13.867,22.3,0.6146
59.98046922809894,2024-12-09,26.3,24.8,91.5,21.791,18.5,
59.78057407584788,2024-12-10,27.1,24.1,84.0,7.986,27.3,
30.82767849719534,2024-12-11,28.8,23.5,74.5,0.167,25.0,0.3696
46.30486430186491,2024-12-12,29.1,22.6,69.4,0.951,22.7,0.871
29.322578671109394,2024-12-13,29.4,22.9,68.5,0.0,24.8,0.0828
30.32395833870849,2024-12-14,27.8,23.2,76.4,0.733,24.8,
20.521195905253816,2024-12-15,27.2,23.3,80.2,21.246,24.8,
29.320103314247504,2024-12-16,27.4,24.0,82.3,0.448,22.0,
26.980395422066948,2024-12-17,28.1,23.5,77.3,7.975,18.1,
19.77693308438089,2024-12-18,27.9,22.8,74.5,0.414,31.3,0.047799997
20.969654017438657,2024-12-19,27.0,23.8,83.7,39.376,21.4,0.4174
30.35092280410835,2024-12-20,27.5,23.9,81.7,13.083,22.0,0.3342
34.695295211507705,2024-12-21,27.9,24.3,81.2,2.873,20.6,
51.60465346187004,2024-12-22,27.7,24.9,84.9,21.516,19.3,
55.34379285040839,2024-12-23,26.8,24.9,89.7,38.073,21.4,
57.58536408341855,2024-12-24,27.2,23.8,82.4,16.514,23.5,
38.936576175902864,2024-12-25,27.1,24.3,84.9,6.508,12.9,
56.567064321970065,2024-12-26,28.4,23.6,76.3,3.162,23.5,1.0014
54.07193278800469,2024-12-27,28.9,23.5,73.6,0.0,17.2,0.0962
65.19103837882292,2024-12-28,29.5,22.5,67.4,0.007,20.7,
59.20839327010421,2024-12-29,29.0,23.8,73.9,0.039,15.4,
55.56845723952468,2024-12-30,28.0,23.2,75.6,1.915,29.1,
24.084075154742205,2024-12-31,28.1,23.1,75.5,2.767,23.8,
