ISPU PM2.5;datetime;temp;dew;humidity;precip;windspeed;AOD
;01/01/2022;28.5;23.8;76.8;0.451;22.3;0.47219998
;02/01/2022;28.2;23.8;78.7;0.0;24.1;
;03/01/2022;28.6;22.6;72.6;0.0;18.5;0.1672
;04/01/2022;28.1;23.2;75.8;0.0;14.8;0.39299998
;05/01/2022;28.3;23.8;78.4;24.792;17.9;0.2784
;06/01/2022;27.3;24.9;88.0;9.308;16.6;
;07/01/2022;27.6;23.6;81.0;0.915;29.1;0.2452
;08/01/2022;28.2;24.1;80.0;0.072;22.3;
;09/01/2022;28.6;24.1;77.6;0.0;16.6;
;10/01/2022;27.9;24.6;83.1;10.657;18.4;
;11/01/2022;26.3;24.4;90.6;56.46;16.8;
;12/01/2022;26.3;24.2;89.2;15.799;18.5;0.3788
59.416.666.666.666.600;13/01/2022;27.1;24.2;85.3;5.332;24.1;
61.166.666.666.666.600;14/01/2022;26.9;24.5;87.5;15.945;18.4;
6.916.666.666.666.660;15/01/2022;26.9;24.3;86.6;4.084;16.6;
;16/01/2022;27.0;25.2;90.4;8.99;11.0;
93.6;17/01/2022;27.9;24.7;83.8;13.371;18.4;0.2136
6.586.666.666.666.660;18/01/2022;26.0;24.6;92.5;120.516;18.4;
524.375;19/01/2022;27.1;24.0;84.5;60.05;27.7;
5.610.526.315.789.470;20/01/2022;25.8;23.3;86.5;3.272;17.8;
4.923.076.923.076.920;21/01/2022;27.1;23.7;82.6;0.957;14.8;0.0866
7.084.615.384.615.380;22/01/2022;27.1;24.1;84.4;14.151;16.6;
666.875;23/01/2022;29.0;23.8;75.3;0.0;16.6;0.1156
6.933.333.333.333.330;24/01/2022;28.9;23.3;73.5;0.0;27.8;0.2052
57.714.285.714.285.700;25/01/2022;28.5;24.1;77.5;3.308;27.6;0.387
54.333.333.333.333.300;26/01/2022;27.1;24.7;87.0;1.489;13.0;
73.75;27/01/2022;28.2;23.8;79.0;0.163;18.4;0.895
7.170.588.235.294.110;28/01/2022;27.2;23.7;82.7;4.444;14.8;
11.610.526.315.789.400;29/01/2022;27.8;23.9;80.4;0.0;14.8;0.2562
12.636.842.105.263.100;30/01/2022;27.9;24.0;80.0;0.068;13.0;
12.635.714.285.714.200;31/01/2022;28.5;23.7;76.0;0.0;16.6;0.2528
88.25;01/02/2022;28.0;24.3;81.4;0.082;21.8;
10.055.555.555.555.500;02/02/2022;27.6;24.0;81.7;8.624;22.3;
93.9;03/02/2022;28.7;24.2;78.2;1.692;14.8;
65.5;04/02/2022;26.7;24.1;86.7;69.661;18.2;
60.095.238.095.238.000;05/02/2022;26.3;24.2;88.8;43.553;20.5;
2.431.578.947.368.420;06/02/2022;27.4;24.0;82.5;1.666;23.6;
5.831.578.947.368.420;07/02/2022;27.6;24.3;83.7;12.338;18.3;
105.05;08/02/2022;26.2;24.9;92.7;44.592;11.1;
1.029.047.619.047.610;09/02/2022;27.4;23.9;82.3;5.609;37.1;
3.738.095.238.095.230;10/02/2022;26.9;23.2;81.0;0.155;22.3;
62.05;11/02/2022;27.3;23.9;82.4;0.224;18.4;
6.778.947.368.421.050;12/02/2022;27.7;24.6;83.6;0.0;12.9;
9.685.714.285.714.280;13/02/2022;26.9;24.3;86.2;0.135;16.6;
11.155.555.555.555.500;14/02/2022;26.3;23.6;86.1;17.056;18.3;
1.093.529.411.764.700;15/02/2022;27.3;23.7;82.7;4.789;16.3;
110.5;16/02/2022;28.0;24.0;80.5;31.224;33.5;
7.971.428.571.428.570;17/02/2022;27.2;24.0;83.9;0.658;14.7;
;18/02/2022;27.0;24.4;86.1;3.689;17.8;
;19/02/2022;27.0;24.4;86.0;1.35;18.4;
;20/02/2022;27.3;24.7;86.2;1.888;14.8;
;21/02/2022;28.1;23.4;76.8;0.633;18.3;
;22/02/2022;28.6;23.5;75.5;3.122;18.4;
83.0;23/02/2022;28.1;23.0;75.3;11.026;29.5;
5.764.705.882.352.940;24/02/2022;27.8;21.8;72.6;4.164;33.3;
5.972.727.272.727.270;25/02/2022;26.8;22.7;79.3;3.796;30.9;
56.4;26/02/2022;26.4;23.3;83.9;1.777;31.6;
5.592.857.142.857.140;27/02/2022;27.0;23.7;82.6;3.639;27.7;
40.904.761.904.761.900;28/02/2022;27.3;23.9;82.4;3.905;20.5;
39.9;01/03/2022;25.7;23.8;89.8;15.819;24.1;
391.578.947.368.421;02/03/2022;27.4;24.0;82.7;9.79;26.9;
52.55;03/03/2022;28.3;23.6;77.2;0.37;27.7;0.294
55.523.809.523.809.500;04/03/2022;28.1;23.8;79.2;3.535;16.6;
6.494.736.842.105.260;05/03/2022;27.1;23.8;82.8;14.338;22.5;0.2006
7.057.142.857.142.850;06/03/2022;27.4;23.6;80.8;1.512;27.8;
5.255.555.555.555.550;07/03/2022;28.5;22.8;72.7;0.064;24.1;
94.1;08/03/2022;27.7;24.1;82.4;1.708;20.5;0.2288
7.889.473.684.210.520;09/03/2022;27.3;24.5;85.3;0.0;22.2;0.14899999
10.773.684.210.526.300;10/03/2022;27.8;24.3;82.2;2.422;24.0;
109.75;11/03/2022;27.8;24.6;83.7;9.101;22.4;0.2996
663.157.894.736.842;12/03/2022;26.9;24.9;89.5;22.535;18.1;0.0274
5.961.904.761.904.760;13/03/2022;27.6;24.8;85.8;4.154;14.8;
104.0;14/03/2022;28.6;24.8;81.6;10.276;16.6;0.0802
906.842.105.263.158;15/03/2022;26.4;24.7;90.4;5.201;18.4;
80.75;16/03/2022;28.3;23.9;79.4;0.327;21.6;0.0844
13.428.571.428.571.400;17/03/2022;28.4;25.3;84.4;3.073;18.4;0.6398
11.547.619.047.619.000;18/03/2022;27.9;24.8;84.3;0.0;25.9;
4.710.526.315.789.470;19/03/2022;28.9;24.2;76.6;0.0;27.8;0.0484
62.45;20/03/2022;29.1;23.1;71.8;0.0;35.2;0.0426
5.176.190.476.190.470;21/03/2022;28.7;23.3;73.6;0.0;27.7;
46.529.411.764.705.800;22/03/2022;28.5;24.1;77.6;1.121;18.4;
58.45;23/03/2022;27.5;24.2;82.5;2.375;22.5;0.2582
57.8;24/03/2022;28.6;23.7;76.8;2.856;18.4;0.1762
14.652.173.913.043.400;25/03/2022;29.0;24.9;79.9;0.634;18.4;
6.364.705.882.352.940;26/03/2022;26.2;24.7;91.7;22.019;11.1;
;27/03/2022;27.1;24.5;86.8;14.348;29.5;0.161
0.0;28/03/2022;27.9;24.1;81.7;14.835;14.8;0.2654
108.0;29/03/2022;28.9;24.4;77.9;0.0;14.3;0.782
10.223.809.523.809.500;30/03/2022;29.0;23.9;75.3;0.0;14.2;
158.0;31/03/2022;27.9;24.2;81.2;0.386;26.6;0.34239998
119.0;01/04/2022;28.2;24.2;79.4;2.296;13.0;
98.2;02/04/2022;27.9;24.5;83.3;10.205;18.3;0.081
719.375;03/04/2022;26.9;24.1;85.5;18.449;29.5;0.3638
704.090.909.090.909;04/04/2022;28.2;23.7;78.5;0.005;18.4;0.3516
8.623.809.523.809.520;05/04/2022;27.4;24.0;83.7;39.825;22.3;0.4048
898.695.652.173.913;06/04/2022;28.5;23.5;76.1;1.304;29.5;0.0594
9.381.818.181.818.180;07/04/2022;28.6;24.1;77.8;0.185;24.1;0.106199995
8.089.473.684.210.520;08/04/2022;28.0;23.5;77.4;37.389;29.5;0.3954
79.95;09/04/2022;28.3;23.6;77.2;1.64;14.8;0.1882
155.35;10/04/2022;28.2;24.2;79.7;0.242;18.4;0.40559998
10.052.380.952.380.900;11/04/2022;28.4;24.2;79.1;18.045;18.4;0.4964
10.404.761.904.761.900;12/04/2022;28.0;24.6;83.0;5.417;24.1;0.9446
116.0;13/04/2022;28.7;24.6;79.4;0.552;14.8;0.3376
10.723.809.523.809.500;14/04/2022;28.9;24.1;76.2;0.614;20.5;0.0742
98.3;15/04/2022;29.3;24.6;76.9;3.924;20.5;0.5638
119.7;16/04/2022;29.1;24.1;75.9;1.314;16.6;0.60859996
14.526.315.789.473.600;17/04/2022;29.2;25.0;78.8;1.129;20.5;10.346
13.773.684.210.526.300;18/04/2022;29.3;25.3;79.9;17.015;20.5;0.3852
7.536.842.105.263.150;19/04/2022;28.3;24.6;81.2;4.592;22.3;0.417
10.089.473.684.210.500;20/04/2022;28.3;24.5;80.6;2.546;27.7;0.8588
23.15;21/04/2022;26.7;24.5;87.9;10.083;16.6;
122.9;22/04/2022;26.2;24.3;89.8;10.115;16.6;0.6418
111.4;23/04/2022;28.2;24.7;82.6;0.751;16.6;0.1136
113.7;24/04/2022;28.5;24.6;80.6;4.804;15.1;
10.985.714.285.714.200;25/04/2022;28.4;24.5;81.2;18.654;25.9;0.30699998
89.5;26/04/2022;28.4;24.5;80.8;2.252;22.3;0.93759996
8.447.619.047.619.040;27/04/2022;28.1;24.5;81.8;9.361;31.7;
6.957.142.857.142.850;28/04/2022;27.2;24.3;84.6;3.568;22.3;
5.838.095.238.095.230;29/04/2022;28.6;24.7;80.6;0.0;22.3;
9.9;30/04/2022;27.8;25.2;86.3;0.457;16.6;
123.0;01/05/2022;27.6;25.2;87.2;2.324;11.2;
92.55;02/05/2022;27.5;24.9;86.4;31.263;19.3;0.38819999
62.888.888.888.888.800;03/05/2022;27.9;24.9;85.0;4.877;20.5;0.1894
7.905.263.157.894.730;04/05/2022;28.3;25.0;83.2;0.398;25.9;1.176
98.5;05/05/2022;28.6;25.1;82.5;0.011;27.7;0.4468
77.0;06/05/2022;29.3;25.4;80.6;0.0;24.1;0.4048
9.361.904.761.904.760;07/05/2022;29.1;24.9;79.2;0.187;16.6;0.64199996
9.844.444.444.444.440;08/05/2022;29.7;25.1;77.3;0.0;20.5;0.147
75.05;09/05/2022;28.6;25.1;82.2;0.341;22.3;
88.05;10/05/2022;29.6;25.4;78.9;0.022;18.4;0.5456
69.0;11/05/2022;28.0;25.4;86.6;18.84;46.4;
12.6;12/05/2022;28.5;25.5;84.4;8.808;20.5;0.4064
4.663.636.363.636.360;13/05/2022;28.9;25.3;81.7;7.035;16.6;0.2834
8.877.272.727.272.720;14/05/2022;29.0;25.1;80.0;0.159;14.8;0.6716
12.530.434.782.608.600;15/05/2022;28.5;25.8;85.6;8.137;18.4;0.655
10.422.727.272.727.200;16/05/2022;28.1;24.9;84.0;0.939;13.0;0.556
117.6;17/05/2022;28.8;25.5;83.3;0.767;15.8;0.79039997
104.35;18/05/2022;28.3;25.2;83.9;24.471;18.4;0.0602
120.25;19/05/2022;27.4;25.1;87.9;10.797;18.4;
944.375;20/05/2022;27.2;24.8;87.4;15.127;14.8;0.6092
876.875;21/05/2022;27.3;24.7;86.2;1.086;20.5;
77.0;22/05/2022;27.4;24.8;86.0;0.0;22.3;
8.195.238.095.238.090;23/05/2022;28.5;24.9;81.9;0.0;27.7;0.25239998
10.028.571.428.571.400;24/05/2022;29.5;25.0;77.6;0.0;27.7;0.113199994
12.289.473.684.210.500;25/05/2022;27.6;25.0;86.0;4.014;24.1;0.4288
9.661.904.761.904.760;26/05/2022;27.0;24.3;85.4;0.637;14.8;
141.0;27/05/2022;28.2;23.9;78.6;1.116;16.9;0.32619998
0.0;28/05/2022;25.8;23.7;88.5;21.44;22.3;
45.2;29/05/2022;26.8;23.9;84.7;22.014;19.6;0.1558
8.419.047.619.047.610;30/05/2022;26.5;24.7;90.2;0.153;33.5;10.114
10.163.157.894.736.800;31/05/2022;27.0;24.4;86.5;4.184;24.1;0.3128
71.3;01/06/2022;28.0;24.2;80.6;3.8;24.1;0.62299997
9.833.333.333.333.330;02/06/2022;27.5;24.7;85.6;21.459;20.5;0.2856
50.421.052.631.578.900;03/06/2022;27.9;24.3;82.2;2.045;18.4;0.31739998
1.323.684.210.526.310;04/06/2022;28.5;24.5;80.1;0.416;16.6;0.2692
109.45;05/06/2022;27.9;24.0;80.3;1.24;16.1;0.48499998
112.1;06/06/2022;26.9;24.0;85.2;6.057;18.4;
8.315.789.473.684.210;07/06/2022;27.6;24.7;85.0;2.124;29.5;0.2622
76.4;08/06/2022;27.3;24.9;87.2;10.925;16.6;0.20359999
97.8;09/06/2022;26.2;24.5;90.5;7.866;22.3;0.48459998
8.247.368.421.052.630;10/06/2022;27.7;24.0;81.6;0.597;18.4;0.3426
90.95;11/06/2022;28.0;25.3;85.8;4.285;25.9;0.7058
113.05;12/06/2022;27.4;24.6;85.1;1.29;16.6;0.75839996
63.476.190.476.190.400;13/06/2022;27.3;24.1;83.6;0.229;14.8;11.286
10.894.736.842.105.200;14/06/2022;27.5;24.1;82.5;0.062;25.9;0.3364
;15/06/2022;26.5;24.6;89.3;6.375;18.4;
;16/06/2022;26.6;24.5;88.7;0.0;20.5;0.0596
130.0;17/06/2022;26.4;24.5;89.7;0.212;20.5;
;18/06/2022;26.6;23.8;85.2;0.053;11.2;
;19/06/2022;27.8;24.2;81.7;0.026;24.1;0.4542
13.113.333.333.333.300;20/06/2022;27.9;24.3;81.6;3.954;13.0;0.5446
12.045.454.545.454.500;21/06/2022;28.1;24.1;79.9;0.0;25.9;0.4716
12.026.666.666.666.600;22/06/2022;27.8;25.0;85.3;13.345;24.1;0.5918
9.405.263.157.894.730;23/06/2022;28.2;23.8;78.5;0.037;22.3;0.4434
12.357.894.736.842.100;24/06/2022;27.4;24.3;83.6;0.17;22.3;27.106
12.757.894.736.842.100;25/06/2022;27.4;24.0;82.9;6.854;18.4;
10.955.555.555.555.500;26/06/2022;27.1;24.5;86.0;1.31;14.8;0.5532
9.916.666.666.666.660;27/06/2022;27.9;24.5;82.8;14.183;14.8;0.2312
8.447.619.047.619.040;28/06/2022;28.0;24.5;82.0;0.418;13.9;0.29119998
0.0;29/06/2022;27.9;23.8;79.2;0.0;20.8;0.3874
32.5;30/06/2022;27.8;22.3;73.0;0.0;16.6;0.4506
112.8;01/07/2022;28.3;23.0;74.2;0.0;22.3;0.3994
13.706.666.666.666.600;02/07/2022;28.6;24.0;76.6;0.258;18.4;0.5232
12.414.285.714.285.700;03/07/2022;28.4;25.5;85.0;18.371;24.1;
7.573.913.043.478.260;04/07/2022;29.2;25.2;80.0;1.315;33.5;0.378
6.031.578.947.368.420;05/07/2022;29.3;25.2;79.9;0.231;20.5;0.2488
13.294.444.444.444.400;06/07/2022;26.7;24.9;90.1;27.569;13.0;0.5092
9.789.473.684.210.520;07/07/2022;28.3;25.1;83.9;0.37;13.0;0.3872
;08/07/2022;28.8;24.1;77.0;0.0;18.4;0.1648
9.257.142.857.142.850;09/07/2022;28.1;22.4;72.5;0.0;17.4;0.19999999
95.15;10/07/2022;28.0;22.1;70.9;0.0;25.9;0.2214
108.2;11/07/2022;28.2;23.1;75.0;0.0;18.4;0.0264
117.65;12/07/2022;28.7;24.8;80.3;0.891;27.7;0.6088
11.627.777.777.777.700;13/07/2022;26.7;24.5;88.2;6.224;20.5;
12.595.238.095.238.000;14/07/2022;28.0;24.6;82.6;0.09;25.9;0.198
9.119.047.619.047.610;15/07/2022;27.9;24.5;82.6;14.79;25.9;0.3222
3.807.142.857.142.850;16/07/2022;25.5;23.0;86.8;37.492;22.3;
0.0;17/07/2022;27.3;24.5;85.2;0.0;22.3;
86.5;18/07/2022;28.0;24.6;82.7;0.01;14.8;0.3724
11.638.095.238.095.200;19/07/2022;28.6;24.9;81.2;0.0;25.9;0.4148
12.363.157.894.736.800;20/07/2022;28.8;25.1;81.2;0.0;20.5;0.6662
11.276.190.476.190.400;21/07/2022;28.3;24.1;79.2;0.0;16.8;0.6832
96.15;22/07/2022;28.2;24.6;81.3;0.2;29.5;0.782
49.25;23/07/2022;28.5;24.5;79.9;0.29;18.4;10.486
893.157.894.736.842;24/07/2022;28.4;24.1;78.4;1.396;18.4;1.198
8.557.142.857.142.850;25/07/2022;28.1;24.1;80.0;2.212;18.4;0.5302
105.7;26/07/2022;28.3;23.2;74.9;0.0;24.1;0.7466
11.485.714.285.714.200;27/07/2022;28.3;23.0;73.8;0.0;16.6;0.599
134.0;28/07/2022;28.9;23.9;75.6;0.0;27.7;0.44419998
12.042.857.142.857.100;29/07/2022;29.0;24.6;77.7;1.784;27.7;0.3136
72.85;30/07/2022;28.3;24.6;81.1;0.0;22.3;0.98219997
7.127.777.777.777.770;31/07/2022;28.6;24.5;79.4;0.0;27.7;0.6956
11.157.894.736.842.100;01/08/2022;28.7;24.3;78.4;0.0;25.9;0.19119999
11.377.777.777.777.700;02/08/2022;28.8;24.3;77.4;0.0;18.4;0.611
135.85;03/08/2022;28.7;24.8;80.5;4.78;20.5;
105.4;04/08/2022;27.5;24.8;86.0;16.015;19.6;0.4122
8.319.047.619.047.610;05/08/2022;27.3;24.8;86.3;10.907;19.0;0.7734
9.647.368.421.052.630;06/08/2022;27.8;23.6;79.7;4.38;19.2;0.46879998
119.25;07/08/2022;27.7;23.9;80.7;3.051;16.6;0.37199998
84.75;08/08/2022;28.1;23.4;76.8;0.0;18.4;0.1652
8.416.666.666.666.660;09/08/2022;28.5;23.4;75.0;2.593;14.8;0.366
7.036.363.636.363.630;10/08/2022;28.7;23.1;73.9;0.032;22.3;0.40379998
10.780.952.380.952.300;11/08/2022;29.1;23.8;74.7;0.242;19.5;0.45679998
9.756.521.739.130.430;12/08/2022;28.8;23.4;73.4;2.357;18.4;0.71599996
7.892.307.692.307.690;13/08/2022;28.2;23.4;76.5;0.318;25.9;0.78099996
8.610.526.315.789.470;14/08/2022;28.4;23.4;74.9;2.801;27.7;0.13419999
8.655.555.555.555.550;15/08/2022;28.5;23.1;73.8;1.344;18.4;0.26659998
700.952.380.952.381;16/08/2022;28.1;23.6;77.5;0.597;14.8;
7.292.857.142.857.140;17/08/2022;28.2;23.7;77.3;4.502;27.7;0.66499996
89.5;18/08/2022;28.9;22.1;68.2;0.0;33.5;0.2724
10.184.210.526.315.700;19/08/2022;29.3;22.0;66.4;0.0;31.0;0.262
10.733.333.333.333.300;20/08/2022;29.0;23.0;70.9;0.043;31.7;0.99859995
10.018.181.818.181.800;21/08/2022;28.4;22.9;73.0;7.664;20.5;0.76699996
7.984.210.526.315.780;22/08/2022;27.2;23.5;80.8;0.0;18.3;0.28579998
9.042.105.263.157.890;23/08/2022;29.1;23.1;72.3;0.0;18.4;0.259
117.45;24/08/2022;29.0;23.2;72.1;0.464;22.3;0.3266
101.4;25/08/2022;29.0;21.8;66.6;0.054;25.9;0.29839998
11.677.777.777.777.700;26/08/2022;28.6;21.9;68.0;0.026;14.4;0.1314
10.223.076.923.076.900;27/08/2022;27.9;23.6;77.8;2.433;18.4;0.1574
47.285.714.285.714.200;28/08/2022;27.2;23.9;82.4;1.285;20.5;0.6146
82.2;29/08/2022;27.9;23.9;79.5;1.07;16.6;0.2898
836.470.588.235.294;30/08/2022;28.7;22.8;72.0;0.0;18.2;0.4552
;31/08/2022;28.6;22.9;72.9;0.199;14.8;0.687
;01/09/2022;28.8;23.7;75.0;2.447;33.5;0.2562
11.029.411.764.705.800;02/09/2022;28.1;23.6;78.2;1.854;18.4;0.0196
70.0;03/09/2022;27.6;23.0;76.9;0.423;29.5;0.4982
0.0;04/09/2022;28.0;23.0;75.2;0.731;29.5;0.398
8.644.444.444.444.440;05/09/2022;29.1;23.5;73.6;0.208;22.3;0.667
8.876.470.588.235.290;06/09/2022;29.0;23.9;75.7;7.92;27.7;0.588
8.142.105.263.157.890;07/09/2022;27.0;24.4;86.6;12.652;24.1;0.26319999
8.488.888.888.888.880;08/09/2022;25.8;24.2;90.7;7.4;13.0;
9.052.631.578.947.360;09/09/2022;26.3;23.5;85.6;41.103;18.4;0.538
;10/09/2022;26.0;23.8;88.0;7.332;24.1;0.5076
;11/09/2022;27.4;23.8;81.5;13.279;20.5;0.0958
;12/09/2022;27.1;23.6;82.0;1.696;13.0;0.3116
84.9;13/09/2022;27.9;23.6;78.1;0.265;16.6;0.6476
10.676.190.476.190.400;14/09/2022;28.2;22.3;71.9;0.005;18.3;0.48999998
11.894.117.647.058.800;15/09/2022;28.7;22.5;70.8;0.0;13.0;0.21319999
;16/09/2022;28.0;23.3;76.6;2.518;16.6;0.35079998
10.281.818.181.818.100;17/09/2022;28.5;23.9;76.8;0.0;22.3;0.464
0.0;18/09/2022;28.1;24.5;81.4;0.571;12.8;0.5528
57.2;19/09/2022;28.2;23.6;77.4;3.25;18.4;0.3728
112.25;20/09/2022;28.3;22.4;71.9;0.0;14.8;12.486
11.295.238.095.238.000;21/09/2022;28.1;23.8;78.3;5.211;17.6;0.9456
8.642.105.263.157.890;22/09/2022;27.5;24.1;82.3;15.142;22.3;0.519
9.136.842.105.263.150;23/09/2022;28.0;23.8;79.5;5.361;21.9;
;24/09/2022;28.4;24.1;78.3;0.0;24.1;0.2708
;25/09/2022;28.5;24.2;78.2;0.0;20.5;0.4098
;26/09/2022;28.9;22.9;72.4;8.764;18.4;0.2112
;27/09/2022;28.9;22.9;71.5;0.011;18.4;0.1576
;28/09/2022;29.0;23.4;73.6;0.026;16.6;0.45679998
;29/09/2022;29.0;23.1;71.9;0.163;21.9;11.474
;30/09/2022;28.4;23.4;75.4;0.0;27.7;0.4664
1.321.875;01/10/2022;29.6;24.5;75.2;0.211;20.7;0.413
730.909.090.909.091;02/10/2022;26.9;24.5;87.1;19.15;10.6;
7.521.739.130.434.780;03/10/2022;28.3;24.2;80.0;3.729;14.8;0.5628
9.445.454.545.454.540;04/10/2022;26.7;24.1;86.2;19.29;22.3;0.0714
7.033.333.333.333.330;05/10/2022;27.2;24.4;85.5;5.142;16.6;
8.670.588.235.294.110;06/10/2022;26.9;24.3;86.7;28.968;27.6;0.2126
;07/10/2022;26.3;23.9;88.1;6.732;25.8;0.6724
;08/10/2022;27.5;23.1;78.2;0.402;22.3;
;09/10/2022;27.5;24.1;82.3;5.704;29.5;1.321
7.433.333.333.333.330;10/10/2022;27.5;23.5;80.2;0.211;14.7;
11.038.888.888.888.800;11/10/2022;27.2;23.7;82.5;14.534;22.3;1.982
10.515.789.473.684.200;12/10/2022;27.4;23.4;79.6;1.073;18.4;0.876
9.363.157.894.736.840;13/10/2022;27.1;23.6;82.7;24.434;22.3;0.4802
9.385.714.285.714.280;14/10/2022;28.0;23.7;78.6;0.74;16.6;0.1312
7.861.904.761.904.760;15/10/2022;27.8;24.3;81.8;7.89;18.4;0.3284
9.142.105.263.157.890;16/10/2022;28.1;24.9;83.4;5.309;13.0;0.6238
8.219.047.619.047.610;17/10/2022;28.7;24.5;79.4;2.399;22.3;0.6868
7.905.263.157.894.730;18/10/2022;27.9;24.2;81.5;1.844;18.2;
90.9;19/10/2022;26.9;24.2;86.1;11.802;32.5;
5.573.684.210.526.310;20/10/2022;27.1;24.5;86.1;0.352;18.0;
;21/10/2022;27.7;24.0;80.9;0.649;21.6;
82.0;22/10/2022;28.4;24.7;81.0;0.306;13.0;1.433
7.295.454.545.454.540;23/10/2022;28.1;24.7;82.7;44.415;22.3;0.3076
56.0;24/10/2022;27.9;23.2;77.4;0.058;27.7;0.516
4.536.842.105.263.150;25/10/2022;27.1;24.0;84.5;5.561;22.3;
;26/10/2022;26.7;23.7;84.6;15.725;27.7;
;27/10/2022;27.7;22.8;76.4;0.0;22.3;0.5614
;28/10/2022;28.6;21.6;68.6;0.0;27.7;0.0314
873.125;29/10/2022;28.6;23.2;73.4;0.0;16.6;0.032199997
8.054.545.454.545.450;30/10/2022;28.3;22.7;73.1;0.0;18.4;0.41779998
6.252.173.913.043.470;31/10/2022;28.5;23.5;75.1;0.005;16.6;
7.006.666.666.666.660;01/11/2022;28.7;23.7;75.9;0.0;14.7;0.52739996
13.594.117.647.058.800;02/11/2022;28.4;24.0;78.2;1.498;18.4;19.258
93.85;03/11/2022;27.7;24.1;81.7;0.85;18.4;11.539.999
9.633.333.333.333.330;04/11/2022;28.0;23.7;79.5;19.52;13.0;0.63519996
81.4;05/11/2022;27.0;24.0;84.3;2.083;18.4;0.4102
;06/11/2022;27.4;24.4;84.1;0.0;18.4;
;07/11/2022;26.7;24.8;89.7;10.331;31.7;0.99039996
;08/11/2022;26.6;24.1;86.6;6.514;22.2;0.6494
936.923.076.923.077;09/11/2022;27.5;23.5;80.1;0.0;22.3;
75.75;10/11/2022;27.6;24.3;82.3;10.457;22.3;
6.911.764.705.882.350;11/11/2022;27.0;23.4;81.4;1.446;46.4;
606.875;12/11/2022;26.6;24.2;87.2;10.635;25.9;0.7032
6.628.571.428.571.420;13/11/2022;26.3;24.1;88.4;10.98;22.3;
8.094.736.842.105.260;14/11/2022;27.6;24.0;81.8;1.175;18.4;0.5344
7.842.105.263.157.890;15/11/2022;27.9;24.2;81.1;0.0;25.9;0.8928
6.711.111.111.111.110;16/11/2022;28.8;24.0;76.4;0.132;14.8;0.8078
;17/11/2022;25.9;24.1;90.3;50.184;18.4;
53.833.333.333.333.300;18/11/2022;27.4;23.2;79.5;0.613;27.8;0.4644
63.608.695.652.173.900;19/11/2022;28.0;24.0;79.6;0.073;31.7;0.2096
6.215.384.615.384.610;20/11/2022;28.3;23.8;77.5;0.0;35.3;0.155
60.785.714.285.714.200;21/11/2022;28.7;22.8;72.3;0.02;27.7;0.3048
6.508.695.652.173.910;22/11/2022;28.7;23.3;73.6;0.0;37.1;
6.786.363.636.363.630;23/11/2022;28.4;23.4;75.6;2.638;25.9;0.39319998
6.429.411.764.705.880;24/11/2022;27.6;23.7;80.0;3.593;27.6;
739.047.619.047.619;25/11/2022;27.2;23.9;82.7;0.448;16.6;0.777
124.65;26/11/2022;26.9;24.2;85.8;10.979;29.5;10.466
11.422.222.222.222.200;27/11/2022;27.7;24.1;81.5;1.168;20.5;
;28/11/2022;27.5;24.6;84.8;13.562;27.7;10.602
78.5;29/11/2022;28.2;24.3;80.6;5.371;18.4;0.0098
9.522.727.272.727.270;30/11/2022;28.1;23.9;78.9;0.727;14.8;
9.181.818.181.818.180;01/12/2022;27.7;24.3;82.5;0.318;20.5;0.3876
93.1;02/12/2022;27.5;24.1;81.9;2.88;14.8;
92.9;03/12/2022;27.7;23.7;80.0;1.59;18.4;0.6372
52.0;04/12/2022;28.1;24.0;79.1;0.528;20.5;0.96419996
11.147.368.421.052.600;05/12/2022;27.8;23.9;79.9;4.483;20.5;0.87039995
659.375;06/12/2022;27.3;24.1;83.2;3.204;16.6;1.022
859.047.619.047.619;07/12/2022;27.5;24.2;82.9;1.791;16.6;
8.493.333.333.333.330;08/12/2022;27.7;23.7;79.8;3.59;24.1;0.7384
89.8;09/12/2022;25.9;23.7;88.0;10.741;31.7;
7.673.684.210.526.310;10/12/2022;28.0;23.3;76.7;1.168;20.5;0.45679998
7.080.952.380.952.380;11/12/2022;27.7;23.6;79.1;0.634;29.5;0.4806
6.433.333.333.333.330;12/12/2022;28.0;22.9;75.5;1.609;37.0;0.2722
666.842.105.263.158;13/12/2022;27.4;23.4;79.3;0.0;33.5;0.3394
;14/12/2022;28.2;23.8;78.3;0.031;24.1;0.6684
;15/12/2022;29.3;22.8;69.3;0.345;52.6;0.33179998
8.308.333.333.333.330;16/12/2022;27.5;23.7;80.5;6.553;25.9;
;17/12/2022;27.9;24.4;82.7;2.556;18.4;0.2572
;18/12/2022;27.9;24.6;83.4;2.665;22.3;0.72819996
;19/12/2022;28.0;24.1;80.6;0.0;9.4;0.4836
142.875;20/12/2022;27.7;24.4;83.1;1.097;18.4;0.7188
;21/12/2022;27.8;24.7;83.6;0.531;20.3;0.4626
;22/12/2022;26.5;24.0;87.1;22.199;24.0;
;23/12/2022;26.8;24.3;86.7;9.129;20.5;
;24/12/2022;27.5;24.6;84.8;0.765;20.7;0.5112
;25/12/2022;26.0;24.3;90.4;14.841;24.1;
58.333.333.333.333.300;26/12/2022;25.6;24.1;91.9;8.845;22.3;
48.608.695.652.173.900;27/12/2022;25.5;23.0;86.3;2.541;36.9;
5.754.545.454.545.450;28/12/2022;25.2;23.3;90.2;23.054;31.7;
3.994.117.647.058.820;29/12/2022;25.9;23.6;87.8;10.525;22.3;
6.331.578.947.368.420;30/12/2022;26.0;24.4;91.5;5.165;14.8;
0.0;31/12/2022;25.5;23.8;90.2;17.938;25.9;
4.205.882.352.941.170;01/01/2023;25.6;24.1;91.7;78.077;16.6;
5.310.526.315.789.470;02/01/2023;26.8;24.2;85.9;0.708;18.2;
46.5;03/01/2023;25.8;23.8;88.9;0.298;27.7;
4.631.578.947.368.420;04/01/2023;25.9;23.8;88.6;6.775;27.0;
6.054.545.454.545.450;05/01/2023;27.1;23.6;81.8;27.517;22.3;
670.909.090.909.091;06/01/2023;28.7;22.5;70.3;0.505;29.5;0.1794
63.9;07/01/2023;28.6;23.7;75.8;0.079;31.7;0.0382
60.625;08/01/2023;27.2;24.0;83.2;1.991;25.9;10.482
6.718.181.818.181.810;09/01/2023;28.4;23.3;75.2;0.011;22.3;
6.268.421.052.631.570;10/01/2023;28.9;23.1;71.9;0.0;24.1;
7.326.315.789.473.680;11/01/2023;28.6;22.6;71.5;0.211;18.4;11.424
115.3;12/01/2023;28.7;23.3;74.3;0.0;18.3;0.5298
;13/01/2023;28.1;23.5;76.9;0.195;27.5;
;14/01/2023;28.7;23.6;75.0;0.0;22.3;0.22299999
;15/01/2023;28.7;23.2;73.7;0.0;27.7;0.199
;16/01/2023;28.1;23.2;76.0;0.0;27.7;0.57699996
;17/01/2023;26.8;23.6;82.9;0.048;14.8;
82.0;18/01/2023;26.9;23.4;82.2;0.696;18.4;
830.909.090.909.091;19/01/2023;27.1;24.2;84.3;3.035;18.4;
645.625;20/01/2023;27.6;23.3;78.6;0.519;21.8;0.2402
71.45;21/01/2023;27.6;23.7;79.7;0.403;22.3;0.1118
7.141.666.666.666.660;22/01/2023;27.8;23.8;79.6;0.021;25.9;0.5126
5.121.739.130.434.780;23/01/2023;27.9;23.7;78.8;0.207;25.9;
438.125;24/01/2023;28.1;23.7;78.3;0.367;33.0;
49.458.333.333.333.300;25/01/2023;26.1;22.9;83.1;0.583;35.3;
630.625;26/01/2023;27.6;24.0;81.8;16.243;21.8;
6.680.952.380.952.380;27/01/2023;27.0;24.4;86.2;1.762;20.5;
6.885.714.285.714.280;28/01/2023;25.5;24.5;93.9;39.105;13.0;
81.0;29/01/2023;27.0;24.5;86.9;8.083;29.5;
6.357.142.857.142.850;30/01/2023;27.7;23.5;79.0;0.486;14.9;
92.6;31/01/2023;27.4;24.1;82.6;0.316;14.8;
;01/02/2023;26.8;24.6;88.0;58.671;14.7;
;02/02/2023;26.7;24.4;87.7;0.579;14.8;
;03/02/2023;26.5;23.5;84.6;7.68;21.6;
7.557.142.857.142.850;04/02/2023;27.4;24.6;84.9;0.0;16.6;
718.695.652.173.913;05/02/2023;28.4;22.9;73.8;0.606;33.5;
5.789.473.684.210.520;06/02/2023;28.6;23.2;73.1;0.053;27.7;
60.388.888.888.888.800;07/02/2023;27.2;23.8;82.3;1.083;18.3;
639.375;08/02/2023;26.9;23.7;83.6;42.579;27.7;0.1612
5.886.363.636.363.630;09/02/2023;26.9;22.8;78.4;8.674;27.7;0.19139999
34.25;10/02/2023;27.4;23.2;79.3;0.49;22.3;0.2444
53.0;11/02/2023;26.9;24.8;88.6;30.502;29.5;
42.2;12/02/2023;25.0;23.4;91.0;26.997;27.7;
47.333.333.333.333.300;13/02/2023;26.9;23.8;83.8;4.178;27.7;
40.9;14/02/2023;26.6;23.3;83.0;1.018;31.6;0.816
47.833.333.333.333.300;15/02/2023;27.4;23.5;79.9;9.596;30.8;12.492
53.142.857.142.857.100;16/02/2023;26.2;24.1;88.5;23.284;27.7;0.6426
50.75;17/02/2023;26.6;23.6;84.5;3.902;18.4;
7.222.222.222.222.220;18/02/2023;27.5;24.7;84.9;5.209;24.1;
789.090.909.090.909;19/02/2023;27.6;24.9;85.9;0.789;24.1;0.7274
6.063.636.363.636.360;20/02/2023;27.7;23.6;79.4;6.209;27.6;0.0502
46.166.666.666.666.600;21/02/2023;26.8;23.8;83.9;19.428;18.4;
4.272.727.272.727.270;22/02/2023;26.4;24.1;87.8;6.653;18.4;
57.111.111.111.111.100;23/02/2023;26.7;24.3;87.6;43.715;14.9;
4.857.142.857.142.850;24/02/2023;25.8;24.6;93.3;77.273;11.2;
56.6;25/02/2023;26.5;24.6;89.7;27.338;20.5;
5.213.333.333.333.330;26/02/2023;26.2;24.5;90.7;48.62;22.3;
50.6;27/02/2023;26.7;24.3;87.1;25.113;22.3;
5.942.857.142.857.140;28/02/2023;26.3;24.0;88.0;25.64;37.0;
51.666.666.666.666.600;01/03/2023;25.7;24.1;91.7;46.449;18.1;
43.111.111.111.111.100;02/03/2023;24.8;24.0;95.0;31.983;16.6;
4.844.444.444.444.440;03/03/2023;26.6;23.9;85.9;26.303;22.3;0.1608
51.4;04/03/2023;26.6;24.1;86.8;3.341;25.9;
50.75;05/03/2023;26.6;24.5;88.2;5.601;22.3;0.2562
4.936.363.636.363.630;06/03/2023;28.0;23.4;77.8;0.0;27.7;0.4872
5.727.272.727.272.720;07/03/2023;27.5;23.7;81.2;1.642;24.1;0.4782
8.477.777.777.777.770;08/03/2023;26.6;24.4;88.6;18.241;16.6;
88.375;09/03/2023;27.2;24.3;85.4;10.103;14.8;
73.0;10/03/2023;27.5;24.2;83.4;0.529;14.6;0.35119998
75.625;11/03/2023;27.9;24.6;83.0;2.807;22.3;0.3038
10.545.454.545.454.500;12/03/2023;27.7;25.0;85.9;0.846;20.5;
103.2;13/03/2023;28.2;24.0;78.8;0.718;18.4;0.63379997
84.25;14/03/2023;27.1;24.2;84.2;10.659;22.3;
62.6;15/03/2023;25.6;23.6;89.1;25.416;18.4;
100.3;16/03/2023;27.8;23.3;78.3;0.0;18.4;0.1586
9.077.777.777.777.770;17/03/2023;27.9;23.7;78.7;0.0;20.5;0.4218
86.125;18/03/2023;28.5;23.1;73.9;0.0;14.8;0.1954
83.0;19/03/2023;28.4;23.9;78.1;0.0;18.3;0.3906
;20/03/2023;27.5;23.6;80.5;0.487;27.6;0.6626
;21/03/2023;28.6;23.3;74.8;0.0;24.1;0.1996
;22/03/2023;28.8;24.5;78.3;0.315;17.9;
;23/03/2023;29.4;24.8;77.5;0.322;18.4;0.75699997
;24/03/2023;29.1;24.6;78.2;1.319;16.6;11.624
;25/03/2023;27.8;24.8;84.9;26.12;18.3;15.042
;26/03/2023;27.4;24.2;84.1;3.466;28.9;10.519.999
;27/03/2023;27.3;24.0;83.5;5.034;18.4;0.8806
;28/03/2023;27.2;24.8;87.3;0.327;9.4;
;29/03/2023;26.7;24.3;87.5;9.679;20.6;
;30/03/2023;26.3;24.6;90.9;5.967;18.3;0.3712
;31/03/2023;28.2;24.1;80.3;4.173;18.3;11.051.999
;01/04/2023;27.3;23.6;80.7;1.698;29.4;0.5834
;02/04/2023;27.4;24.0;82.5;0.0;25.3;0.058
;03/04/2023;27.9;23.1;76.9;11.493;18.4;0.17819999
;04/04/2023;28.6;22.8;72.7;0.0;14.7;10.402
;05/04/2023;28.6;22.6;72.2;0.0;25.9;0.22659999
;06/04/2023;29.0;21.5;65.6;0.0;20.5;0.43339998
;07/04/2023;29.2;22.0;66.9;0.0;14.7;0.59599996
;08/04/2023;28.4;23.4;76.0;0.005;18.4;0.077199996
;09/04/2023;28.8;23.9;75.9;0.084;16.6;0.1362
54.2;10/04/2023;27.9;24.0;80.4;3.261;22.3;0.4204
4.066.666.666.666.660;11/04/2023;28.3;24.0;78.8;0.532;27.7;0.0828
53.6;12/04/2023;28.9;23.4;73.7;1.681;33.6;0.0748
58.333.333.333.333.300;13/04/2023;28.8;23.2;73.1;0.572;23.5;
69.2;14/04/2023;28.1;24.1;80.4;41.626;18.4;0.15799999
8.866.666.666.666.660;15/04/2023;28.4;24.2;79.8;1.121;22.3;0.4504
8.191.666.666.666.660;16/04/2023;28.9;23.8;76.3;11.945;18.4;0.47259998
7.166.666.666.666.660;17/04/2023;29.4;24.3;75.6;0.0;16.6;0.3214
8.544.444.444.444.440;18/04/2023;29.2;24.8;78.1;12.038;18.4;0.40199998
8.627.272.727.272.720;19/04/2023;28.8;24.7;80.5;18.159;18.0;0.34939998
50.916.666.666.666.600;20/04/2023;28.4;25.7;86.6;2.291;23.5;
8.161.538.461.538.460;21/04/2023;28.8;24.5;79.2;1.561;20.5;0.74799997
;22/04/2023;29.7;24.9;76.7;1.307;22.3;0.3126
;23/04/2023;29.1;24.7;78.4;3.778;25.9;0.235
;24/04/2023;28.9;24.7;79.1;9.615;22.3;0.1784
;25/04/2023;28.5;24.4;79.4;0.125;27.7;0.4696
;26/04/2023;27.7;24.6;84.5;1.051;27.6;0.3782
;27/04/2023;29.1;24.5;77.3;0.041;24.1;0.5108
;28/04/2023;29.1;24.8;78.9;7.274;22.3;0.0488
;29/04/2023;28.9;24.1;76.8;0.0;14.7;11.716
;30/04/2023;29.3;24.7;77.4;0.005;14.8;0.727
;01/05/2023;27.9;25.3;86.4;2.574;13.0;
;02/05/2023;28.6;25.0;81.6;0.28;14.7;0.98759997
;03/05/2023;29.4;25.7;81.5;0.332;22.3;0.6448
;04/05/2023;28.1;25.6;86.8;7.878;18.3;0.5852
;05/05/2023;28.7;25.6;84.6;18.737;20.4;0.15619999
;06/05/2023;28.8;25.3;82.6;10.332;22.3;0.4236
;07/05/2023;27.9;25.0;85.3;25.898;22.3;0.49159998
;08/05/2023;27.7;24.6;84.5;0.0;18.4;
;09/05/2023;29.4;25.1;79.4;0.041;18.4;11.287.999
;10/05/2023;30.2;25.7;78.5;0.0;25.9;0.4042
;11/05/2023;29.1;25.4;80.7;0.0;27.8;
;12/05/2023;30.4;24.8;72.9;0.033;35.3;0.0622
;13/05/2023;28.6;25.7;85.9;13.359;20.4;0.14119999
;14/05/2023;29.3;22.5;71.0;1.471;20.5;0.41099998
;15/05/2023;29.1;22.8;70.3;0.0;14.8;0.48819998
;16/05/2023;29.6;23.6;72.0;0.0;16.6;0.3326
;17/05/2023;29.3;23.1;71.2;0.0;22.3;0.5936
;18/05/2023;29.1;23.3;71.8;0.0;13.0;
11.466.666.666.666.600;19/05/2023;28.4;24.5;80.6;0.065;31.6;0.8002
1.210.909.090.909.090;20/05/2023;29.1;24.2;76.1;0.0;18.3;0.6642
11.836.363.636.363.600;21/05/2023;28.8;24.7;80.4;3.015;18.4;0.6034
67.0;22/05/2023;28.6;24.4;79.7;1.525;16.6;0.40559998
64.0;23/05/2023;29.0;23.8;76.1;0.154;16.1;0.8224
16.983.333.333.333.300;24/05/2023;28.8;24.4;78.7;0.0;14.8;0.57839996
14.263.636.363.636.300;25/05/2023;28.9;24.1;77.1;0.0;20.5;0.508
13.166.666.666.666.600;26/05/2023;29.4;23.6;72.8;0.0;20.5;0.5298
1.410.909.090.909.090;27/05/2023;28.4;24.3;80.1;10.241;16.5;0.73499995
11.523.076.923.076.900;28/05/2023;28.6;24.1;78.3;3.843;14.8;11.746
12.414.285.714.285.700;29/05/2023;29.1;24.3;76.8;0.736;18.4;0.98719996
1.286.153.846.153.840;30/05/2023;28.8;24.6;79.1;0.43;16.6;0.599
11.166.666.666.666.600;31/05/2023;28.9;23.4;74.4;0.0;14.7;0.21
111.125;01/06/2023;28.7;23.4;74.1;0.0;13.0;0.155
12.873.333.333.333.300;02/06/2023;29.4;23.6;72.9;0.0;22.3;0.4748
123.0;03/06/2023;29.5;24.1;74.0;0.0;18.4;0.5324
;04/06/2023;29.3;24.3;75.7;0.0;24.1;0.89239997
;05/06/2023;28.8;24.5;78.8;2.147;16.6;0.6436
;06/06/2023;27.2;23.9;83.3;4.232;18.3;
;07/06/2023;28.8;23.4;74.1;1.062;24.1;0.5172
;08/06/2023;29.2;24.0;75.7;0.0;27.7;
116.0;09/06/2023;29.1;23.8;75.1;0.0;27.7;0.0482
;10/06/2023;29.3;23.8;74.2;0.0;16.5;0.5316
;11/06/2023;29.4;22.9;71.2;0.0;14.8;0.241
114.0;12/06/2023;29.2;23.7;73.7;0.619;27.0;0.47919998
135.8;13/06/2023;29.5;24.4;76.0;5.623;20.6;0.431
10.928.571.428.571.400;14/06/2023;28.7;24.5;79.5;0.067;22.3;0.3568
113.0;15/06/2023;28.9;23.8;76.0;0.547;27.2;0.2258
108.3;16/06/2023;25.8;24.4;91.9;33.899;13.0;
9.031.818.181.818.180;17/06/2023;27.0;24.1;84.9;0.0;13.0;
10.657.142.857.142.800;18/06/2023;27.6;24.7;85.0;0.327;18.0;
7.815.789.473.684.210;19/06/2023;26.8;24.4;87.7;20.766;12.9;0.894
1.010.952.380.952.380;20/06/2023;28.4;24.0;79.1;0.0;18.4;0.1672
10.721.428.571.428.500;21/06/2023;28.9;24.9;79.8;0.327;18.3;0.59679997
8.223.529.411.764.700;22/06/2023;28.8;24.3;78.4;2.205;22.3;0.4166
9.985.714.285.714.280;23/06/2023;29.1;24.2;76.7;0.584;14.8;0.88479996
8.985.714.285.714.280;24/06/2023;29.0;24.8;79.2;1.011;13.0;0.73939997
;25/06/2023;27.8;24.2;82.0;25.277;22.2;10.746
8.585.714.285.714.280;26/06/2023;28.1;23.8;79.2;0.0;18.3;0.66179997
11.219.047.619.047.600;27/06/2023;27.9;23.6;79.3;5.697;13.0;0.4992
7.180.952.380.952.380;28/06/2023;28.7;22.8;72.0;0.498;22.2;0.14919999
0.0;29/06/2023;28.6;23.9;77.6;26.248;14.7;0.109799996
40.470.588.235.294.100;30/06/2023;28.9;23.8;74.8;0.0;14.8;0.28759998
9.742.857.142.857.140;01/07/2023;27.8;24.2;82.3;0.211;13.0;0.80979997
83.15;02/07/2023;28.6;23.9;77.1;0.0;22.3;0.37739998
89.65;03/07/2023;28.6;23.5;75.1;0.0;14.7;0.713
89.75;04/07/2023;27.9;23.5;77.9;0.0;14.8;0.23779999
11.715.789.473.684.200;05/07/2023;27.6;24.1;82.5;0.817;24.0;0.21679999
1.160.952.380.952.380;06/07/2023;27.3;24.4;84.4;4.581;11.2;
10.394.444.444.444.400;07/07/2023;26.1;23.9;88.4;5.465;18.3;
9.785.714.285.714.280;08/07/2023;27.3;23.5;81.4;8.284;25.3;0.2348
93.25;09/07/2023;28.1;23.4;77.4;0.0;27.7;
87.05;10/07/2023;29.0;23.4;73.1;1.245;27.7;0.7346
130.45;11/07/2023;28.8;23.1;73.1;0.0;22.2;0.3082
151.65;12/07/2023;29.0;23.2;72.8;0.781;14.8;0.42499998
12.011.111.111.111.100;13/07/2023;28.7;23.1;73.5;0.043;18.3;0.383
10.433.333.333.333.300;14/07/2023;28.6;23.0;72.8;0.082;18.3;0.3236
9.089.473.684.210.520;15/07/2023;29.1;22.7;69.6;0.0;14.8;0.37719998
99.35;16/07/2023;28.9;23.2;72.8;0.0;14.5;0.3588
9.447.368.421.052.630;17/07/2023;28.9;22.0;67.8;0.0;24.1;0.32819998
11.433.333.333.333.300;18/07/2023;28.4;21.3;67.5;0.0;27.7;0.14479999
135.35;19/07/2023;28.6;20.0;62.6;0.0;27.7;0.117599994
105.25;20/07/2023;28.2;18.9;60.1;0.0;18.4;0.0892
110.45;21/07/2023;28.5;21.2;67.2;0.0;22.3;0.639
10.547.619.047.619.000;22/07/2023;28.8;22.1;68.8;0.0;22.3;10.094
145.4;23/07/2023;28.6;22.3;70.5;0.0;18.4;0.4166
10.857.894.736.842.100;24/07/2023;27.3;24.1;83.6;2.155;13.0;0.4262
117.0;25/07/2023;27.7;23.6;79.7;0.0;11.2;12.811.999
12.295.454.545.454.500;26/07/2023;27.8;22.7;75.0;0.201;11.2;
126.7;27/07/2023;28.4;22.7;72.6;0.0;14.7;11.882
131.0;28/07/2023;28.6;21.2;66.4;0.0;22.3;0.71559995
11.566.666.666.666.600;29/07/2023;27.8;21.3;69.5;0.0;27.7;11.258
13.011.111.111.111.100;30/07/2023;28.2;21.5;69.4;0.0;25.9;0.484
113.75;31/07/2023;27.8;20.4;66.1;0.0;32.7;0.3802
104.4;01/08/2023;28.7;21.7;68.1;0.0;46.3;0.0596
986.842.105.263.158;02/08/2023;28.8;23.4;73.2;5.882;13.0;
1.079.047.619.047.610;03/08/2023;29.5;23.5;71.8;0.531;22.3;0.5432
107.5;04/08/2023;29.2;23.3;72.8;0.0;27.7;0.4094
10.833.333.333.333.300;05/08/2023;29.2;21.8;66.4;0.0;23.7;0.5272
12.133.333.333.333.300;06/08/2023;28.7;22.6;71.4;0.0;18.3;0.3268
13.458.823.529.411.700;07/08/2023;28.6;22.9;73.5;0.2;16.6;0.5962
109.65;08/08/2023;29.1;23.2;73.0;0.0;25.9;0.5446
102.9;09/08/2023;28.8;22.9;72.4;0.0;24.1;0.42279997
10.244.444.444.444.400;10/08/2023;28.9;22.6;70.8;0.0;27.7;0.4468
12.029.411.764.705.800;11/08/2023;28.6;23.0;73.7;0.1;20.5;10.813.999
12.242.857.142.857.100;12/08/2023;28.4;21.2;68.2;0.0;18.4;0.8466
137.75;13/08/2023;28.0;21.5;70.2;0.0;24.1;0.25419998
114.85;14/08/2023;28.3;21.6;69.3;0.0;22.3;0.5256
12.170.588.235.294.100;15/08/2023;28.4;22.0;70.1;0.0;20.1;0.421
139.75;16/08/2023;28.9;21.5;66.7;0.0;22.3;0.46859998
468.421.052.631.579;17/08/2023;28.6;20.7;64.3;0.0;25.8;0.4928
8.544.444.444.444.440;18/08/2023;28.6;21.3;66.4;0.0;14.8;0.28939998
12.466.666.666.666.600;19/08/2023;28.7;22.3;70.8;0.0;22.3;0.32279998
1.120.625;20/08/2023;29.5;22.3;67.3;0.0;23.4;0.41619998
10.647.619.047.619.000;21/08/2023;28.8;21.7;67.5;0.0;24.1;0.468
12.242.105.263.157.800;22/08/2023;28.4;21.7;69.6;0.0;25.5;0.56659997
11.061.904.761.904.700;23/08/2023;28.9;21.8;67.1;0.0;27.7;0.51919997
110.55;24/08/2023;29.1;22.5;69.6;0.0;31.6;0.47579998
111.65;25/08/2023;29.0;22.8;71.3;0.053;23.4;0.5852
9.942.105.263.157.890;26/08/2023;29.5;23.5;71.7;0.0;14.8;0.8154
124.65;27/08/2023;28.5;23.3;75.4;6.481;22.3;0.91719997
11.242.105.263.157.800;28/08/2023;28.1;22.0;71.3;0.199;20.5;
10.821.052.631.578.900;29/08/2023;28.5;21.8;69.2;0.0;27.7;0.39819998
111.0;30/08/2023;28.5;21.7;69.7;0.0;27.7;0.501
1.090.909.090.909.090;31/08/2023;28.5;22.0;70.8;0.0;18.3;0.3434
1.170.625;01/09/2023;28.1;21.9;70.8;0.0;24.1;0.685
11.247.826.086.956.500;02/09/2023;28.6;22.0;69.2;0.0;11.3;0.4314
91.3;03/09/2023;28.8;20.8;64.4;0.0;22.3;0.588
9.064.285.714.285.710;04/09/2023;28.1;18.5;58.3;0.0;25.3;0.329
12.847.826.086.956.500;05/09/2023;28.2;18.8;59.8;0.0;27.7;0.2654
10.689.473.684.210.500;06/09/2023;29.0;19.8;59.8;0.0;22.3;0.4816
11.935.714.285.714.200;07/09/2023;29.1;21.6;65.1;0.0;18.3;0.324
11.614.285.714.285.700;08/09/2023;29.4;22.2;66.8;0.0;25.9;0.4748
11.095.238.095.238.000;09/09/2023;29.1;22.3;68.4;0.0;22.3;0.3392
10.066.666.666.666.600;10/09/2023;28.6;21.0;64.5;0.0;27.0;0.5356
12.888.888.888.888.800;11/09/2023;29.3;20.3;60.9;0.0;40.5;0.3076
1.380.952.380.952.380;12/09/2023;29.5;20.6;61.7;0.0;33.5;0.049
1.203.157.894.736.840;13/09/2023;29.4;21.1;62.5;0.0;21.7;0.13679999
95.8;14/09/2023;29.0;19.9;60.5;0.0;25.5;0.2586
10.547.368.421.052.600;15/09/2023;29.3;20.8;62.6;0.0;27.7;0.3008
11.315.789.473.684.200;16/09/2023;29.3;21.3;63.9;0.0;27.8;0.1698
1.089.375;17/09/2023;29.5;21.6;64.3;0.0;23.7;0.2978
88.8;18/09/2023;29.6;22.3;66.4;0.026;20.5;0.4086
105.25;19/09/2023;29.1;22.8;69.7;0.6;18.4;0.4782
9.938.095.238.095.230;20/09/2023;29.4;21.9;65.9;0.2;24.1;0.44979998
10.135.714.285.714.200;21/09/2023;29.7;22.3;65.4;0.758;22.0;0.87299997
96.75;22/09/2023;29.5;21.2;63.2;0.0;27.7;0.0686
10.444.444.444.444.400;23/09/2023;28.9;20.5;61.8;0.0;22.3;0.5632
9.752.631.578.947.360;24/09/2023;29.2;20.9;62.5;0.0;22.3;0.39679998
11.363.157.894.736.800;25/09/2023;29.9;19.8;58.4;0.0;33.3;0.2898
21.857.894.736.842.100;26/09/2023;30.1;19.1;54.9;0.0;25.9;0.3408
2.161.578.947.368.420;27/09/2023;29.6;18.5;55.3;0.0;33.5;0.20199999
22.394.117.647.058.800;28/09/2023;29.7;19.3;57.3;0.0;40.6;0.095
16.838.888.888.888.800;29/09/2023;29.9;19.0;57.3;0.0;42.4;0.14299999
136.1;30/09/2023;29.5;22.0;66.4;0.0;22.3;0.4946
18.572.222.222.222.200;01/10/2023;29.4;22.1;67.0;0.0;24.1;11.087.999
140.0;02/10/2023;29.5;21.2;64.3;0.0;20.5;11.106
9.926.315.789.473.680;03/10/2023;29.6;21.2;62.1;0.0;27.6;0.2908
111.85;04/10/2023;29.8;22.2;65.6;0.0;25.9;0.5036
12.066.666.666.666.600;05/10/2023;30.0;22.6;67.0;0.0;31.6;0.54359996
112.5;06/10/2023;29.7;23.1;69.6;0.0;22.3;0.694
140.3;07/10/2023;30.0;22.7;66.7;0.0;27.6;0.73859996
12.944.444.444.444.400;08/10/2023;30.2;22.2;64.7;0.0;29.5;0.67219996
128.5;09/10/2023;30.3;22.3;65.7;0.0;37.0;0.594
120.15;10/10/2023;30.9;22.9;64.4;0.0;27.7;0.58919996
107.9;11/10/2023;30.5;23.3;66.7;0.026;24.1;10.904
119.625;12/10/2023;30.8;23.1;66.0;0.0;27.7;0.5394
123.15;13/10/2023;30.7;23.1;66.0;0.1;25.9;0.866
112.0;14/10/2023;30.5;22.2;62.9;0.0;27.7;0.941
12.061.111.111.111.100;15/10/2023;30.8;21.3;60.0;0.0;37.1;0.83919996
119.125;16/10/2023;30.8;22.3;63.4;0.0;27.3;0.39159998
;17/10/2023;31.1;20.4;57.4;0.0;37.1;0.3358
129.0;18/10/2023;30.7;20.9;58.9;0.0;28.6;0.5112
11.778.947.368.421.000;19/10/2023;30.3;22.3;64.0;0.0;27.8;0.32999998
10.533.333.333.333.300;20/10/2023;30.1;22.6;65.6;0.0;25.9;0.3778
10.766.666.666.666.600;21/10/2023;30.6;22.5;64.5;0.0;27.7;0.4084
11.161.111.111.111.100;22/10/2023;31.0;22.1;61.4;0.0;18.3;1.066
128.95;23/10/2023;30.2;21.3;61.1;0.0;21.7;0.61359996
11.347.619.047.619.000;24/10/2023;29.6;21.8;64.5;0.0;22.3;15.402
101.9;25/10/2023;28.8;23.0;72.5;3.074;24.0;15.134
11.610.526.315.789.400;26/10/2023;29.9;23.0;68.3;0.0;18.4;0.5098
11.422.222.222.222.200;27/10/2023;29.8;23.2;69.2;0.0;27.1;0.65419996
119.45;28/10/2023;30.6;20.8;61.6;0.0;33.4;0.258
1.373.684.210.526.310;29/10/2023;30.2;21.7;63.7;0.0;32.6;0.3626
12.370.588.235.294.100;30/10/2023;30.4;22.3;64.5;0.0;24.1;0.4524
10.542.857.142.857.100;31/10/2023;30.3;23.3;67.8;5.242;22.3;0.9032
10.542.105.263.157.800;01/11/2023;29.6;23.4;70.5;1.225;24.1;0.8696
10.723.529.411.764.700;02/11/2023;29.4;23.5;72.4;0.0;22.0;0.5664
10.919.047.619.047.600;03/11/2023;29.8;23.3;70.4;0.36;18.3;0.4682
11.876.190.476.190.400;04/11/2023;28.9;24.0;76.6;6.609;27.6;0.49899998
83.35;05/11/2023;27.4;24.2;83.6;17.325;22.2;0.47239998
6.585.714.285.714.280;06/11/2023;29.6;24.0;73.8;0.327;22.2;0.22659999
105.45;07/11/2023;29.9;24.0;72.7;0.0;18.4;0.276
9.352.380.952.380.950;08/11/2023;30.2;24.2;71.6;0.0;16.6;0.5344
103.75;09/11/2023;29.8;23.9;71.7;0.0;18.4;0.9036
111.0;10/11/2023;29.0;24.2;77.4;2.029;18.4;1.007
9.310.526.315.789.470;11/11/2023;28.7;24.3;78.8;3.772;21.9;15.453.999
930.952.380.952.381;12/11/2023;29.1;23.5;73.8;1.613;18.3;0.24479999
21.571.428.571.428.500;13/11/2023;30.1;23.4;69.3;0.0;22.3;0.1604
103.75;14/11/2023;29.4;24.4;76.5;18.378;22.3;0.23259999
8.723.076.923.076.920;15/11/2023;28.8;24.5;79.5;18.442;18.4;
94.4;16/11/2023;29.6;23.7;72.7;13.755;14.8;0.17359999
8.572.222.222.222.220;17/11/2023;29.3;24.2;75.4;0.25;18.1;
24.444.444.444.444.400;18/11/2023;28.7;24.2;78.8;0.105;14.8;0.8592
3.388.888.888.888.880;19/11/2023;29.6;24.3;74.8;2.733;18.4;0.2514
0.0;20/11/2023;29.7;24.2;74.0;1.297;13.0;0.198
87.55;21/11/2023;29.9;24.5;74.4;3.1;18.3;0.195
7.789.473.684.210.520;22/11/2023;29.7;24.5;75.3;17.145;14.7;0.7912
72.25;23/11/2023;28.5;24.5;80.0;0.0;22.2;
8.142.857.142.857.140;24/11/2023;28.4;25.1;83.0;15.751;18.4;0.82119995
51.526.315.789.473.600;25/11/2023;26.0;24.2;89.8;30.635;24.0;
12.523.809.523.809.500;26/11/2023;28.1;23.7;78.5;7.192;18.4;1.161
40.0;27/11/2023;27.4;23.9;82.0;1.96;21.7;
38.473.684.210.526.300;28/11/2023;28.8;23.6;75.1;2.063;19.9;0.8954
8.495.454.545.454.540;29/11/2023;29.4;24.2;75.4;5.274;21.8;0.7586
7.808.333.333.333.330;30/11/2023;27.8;24.5;83.5;18.671;27.0;0.25239998
73.0;01/12/2023;26.4;24.5;89.3;2.501;22.3;
8.569.565.217.391.300;02/12/2023;28.6;24.0;78.1;0.455;22.3;0.1522
7.177.777.777.777.770;03/12/2023;27.8;24.2;81.9;2.936;20.4;0.1156
68.1;04/12/2023;26.2;24.4;89.9;6.457;11.2;
8.657.894.736.842.100;05/12/2023;28.7;23.4;74.9;0.0;14.7;0.55399996
9.204.761.904.761.900;06/12/2023;28.2;24.0;79.5;0.0;27.7;0.9202
89.3;07/12/2023;28.6;24.6;79.7;0.026;12.9;0.5
8.921.052.631.578.940;08/12/2023;28.3;24.7;82.4;1.279;18.2;0.55039996
5.780.952.380.952.380;09/12/2023;28.4;23.9;78.2;0.0;20.5;
89.15;10/12/2023;28.3;24.1;79.0;0.0;14.7;
96.9;11/12/2023;29.3;24.3;75.9;0.0;18.4;0.4472
9.121.052.631.578.940;12/12/2023;29.4;24.4;75.9;0.0;22.1;0.2838
102.35;13/12/2023;29.4;23.8;72.9;0.0;18.4;0.5872
10.284.210.526.315.700;14/12/2023;29.9;23.8;71.6;0.0;20.5;0.5078
9.771.428.571.428.570;15/12/2023;30.2;22.5;65.5;0.0;18.4;0.7762
9.344.444.444.444.440;16/12/2023;30.0;22.4;65.6;0.0;18.4;0.52779996
89.05;17/12/2023;29.9;22.7;67.2;0.0;22.3;0.31399998
9.466.666.666.666.660;18/12/2023;30.4;23.2;67.6;0.0;22.3;0.6204
8.684.210.526.315.780;19/12/2023;30.5;21.4;60.5;0.0;27.6;0.532
7.633.333.333.333.330;20/12/2023;30.2;19.1;54.6;0.0;20.6;0.1698
8.488.888.888.888.880;21/12/2023;29.5;20.0;59.8;0.0;18.4;0.078999996
94.5;22/12/2023;29.3;21.3;64.2;0.0;18.3;0.835
12.563.157.894.736.800;23/12/2023;30.5;22.5;64.1;0.0;16.3;0.91599995
11.552.631.578.947.300;24/12/2023;30.3;23.7;68.4;0.106;14.8;1.546
9.573.684.210.526.310;25/12/2023;28.2;24.2;79.7;21.358;22.2;
;26/12/2023;27.8;24.2;81.8;0.0;14.7;0.8272
9.264.285.714.285.710;27/12/2023;28.1;24.6;82.8;4.982;14.8;0.40199998
56.666.666.666.666.600;28/12/2023;28.8;24.9;80.7;0.0;18.3;0.96419996
9.284.210.526.315.780;29/12/2023;28.5;25.1;82.9;0.981;27.5;12.148
93.9;30/12/2023;27.8;25.3;86.6;4.265;22.0;
8.993.333.333.333.330;31/12/2023;28.1;24.6;82.6;1.356;27.7;0.2936
108.375;01/01/2024;28.7;24.8;80.6;1.566;22.2;0.1418
8.266.666.666.666.660;02/01/2024;29.0;25.4;82.1;0.0;22.3;
713.529.411.764.706;03/01/2024;27.6;25.2;87.1;10.809;16.6;0.9496
6.866.666.666.666.660;04/01/2024;27.1;24.7;87.6;23.886;22.3;
;05/01/2024;27.3;24.4;85.9;11.579;23.6;
81.0;06/01/2024;27.3;24.6;86.3;1.1;22.3;0.8832
84.3;07/01/2024;26.6;24.6;90.0;0.046;22.3;0.47739998
7.566.666.666.666.660;08/01/2024;27.7;23.9;80.7;0.0;18.3;0.9618
7.888.888.888.888.880;09/01/2024;28.1;23.8;79.3;0.0;27.6;0.24
8.189.473.684.210.520;10/01/2024;28.0;24.5;82.3;6.135;22.3;0.4034
8.116.666.666.666.660;11/01/2024;27.4;24.9;87.3;27.877;22.4;14.942
55.357.142.857.142.800;12/01/2024;27.2;24.4;85.2;1.011;20.6;15.826
;13/01/2024;27.7;23.9;80.9;10.953;20.5;
;14/01/2024;28.3;24.5;80.6;0.065;15.7;0.87299997
77.2;15/01/2024;29.0;24.7;78.8;0.0;14.8;10.294
61.0;16/01/2024;29.5;23.4;71.7;0.0;27.7;0.5494
57.888.888.888.888.800;17/01/2024;26.8;24.9;89.7;5.079;18.4;1.541
;18/01/2024;27.6;23.8;80.5;5.102;22.3;13.872
33.4;19/01/2024;25.5;23.8;90.5;17.502;24.1;
4.194.444.444.444.440;20/01/2024;28.9;22.4;70.9;1.201;35.3;0.14119999
461.578.947.368.421;21/01/2024;27.7;24.1;81.4;6.193;27.8;0.7514
5.089.473.684.210.520;22/01/2024;29.2;23.0;71.3;0.106;33.1;0.82339996
5.753.846.153.846.150;23/01/2024;29.0;23.8;74.6;0.159;27.1;
6.053.333.333.333.330;24/01/2024;28.9;23.2;72.2;0.0;29.4;0.0308
60.7;25/01/2024;29.5;23.8;72.9;0.0;27.6;0.38079998
7.373.684.210.526.310;26/01/2024;28.9;24.5;77.9;0.317;24.1;0.3608
5.180.952.380.952.380;27/01/2024;26.1;24.6;91.8;29.564;13.0;
57.411.764.705.882.300;28/01/2024;26.6;24.7;89.6;23.139;14.7;
63.0;29/01/2024;26.4;24.8;91.1;18.03;11.2;
82.0;30/01/2024;27.2;24.7;86.9;33.881;18.3;
5.823.529.411.764.700;31/01/2024;27.1;24.4;86.1;62.631;14.8;13.068
8.417.647.058.823.520;01/02/2024;27.2;24.4;85.6;5.875;14.8;0.50479996
62.0;02/02/2024;27.6;24.5;84.8;33.734;33.4;0.18239999
55.7;03/02/2024;27.3;24.3;84.5;0.016;27.7;11.236
4.711.764.705.882.350;04/02/2024;27.6;24.0;81.6;9.946;27.2;14.305.999
7.052.380.952.380.950;05/02/2024;27.1;24.6;87.1;1.643;37.0;
783.157.894.736.842;06/02/2024;26.3;24.4;89.6;9.699;27.6;
59.578.947.368.421.000;07/02/2024;27.3;23.6;81.7;0.0;27.1;0.8642
88.5;08/02/2024;28.5;23.9;78.0;0.0;18.4;0.2826
8.261.111.111.111.110;09/02/2024;28.5;24.8;81.0;0.0;18.3;0.626
7.626.315.789.473.680;10/02/2024;27.8;25.1;86.1;15.267;27.7;
85.85;11/02/2024;28.2;24.4;80.7;0.0;18.4;0.15779999
816.875;12/02/2024;28.7;24.9;81.2;6.184;13.1;0.25599998
65.9;13/02/2024;28.7;24.8;80.7;8.862;13.0;0.6976
62.666.666.666.666.600;14/02/2024;27.6;25.4;88.5;130.487;11.2;
738.125;15/02/2024;28.4;25.6;85.7;5.818;13.0;0.7694
10.223.809.523.809.500;16/02/2024;27.8;25.4;86.9;0.0;14.8;14.828
7.805.882.352.941.170;17/02/2024;27.9;25.1;85.5;15.417;22.2;0.5748
6.984.210.526.315.780;18/02/2024;28.1;24.7;82.4;0.076;18.4;0.3394
8.644.444.444.444.440;19/02/2024;28.9;24.9;79.8;2.416;18.6;
;20/02/2024;29.4;25.4;79.8;0.0;18.6;0.58059996
;21/02/2024;28.9;25.1;80.9;0.292;13.0;
;22/02/2024;29.4;24.8;77.8;1.682;20.5;0.3342
;23/02/2024;29.6;23.9;72.9;0.0;18.4;
;24/02/2024;29.2;25.0;79.0;0.205;18.3;
;25/02/2024;27.8;24.7;84.0;10.313;18.4;
;26/02/2024;28.3;24.1;79.1;14.647;14.7;
;27/02/2024;29.3;24.2;74.9;0.0;18.3;0.2618
;28/02/2024;27.1;25.0;89.0;45.323;16.6;
;29/02/2024;26.0;24.7;92.3;72.989;14.7;
;01/03/2024;28.3;24.5;81.1;0.281;14.7;0.729
;02/03/2024;27.6;25.2;87.2;11.721;14.8;0.4872
;03/03/2024;27.1;24.6;86.7;3.94;14.8;1.324
;04/03/2024;27.6;24.4;83.8;0.795;27.7;0.2882
56.142.857.142.857.100;05/03/2024;29.1;24.3;76.3;0.0;27.7;0.2856
5.745.454.545.454.540;06/03/2024;28.4;24.7;81.3;1.714;33.4;0.45999998
48.642.857.142.857.100;07/03/2024;29.0;24.6;77.9;0.253;27.7;0.4446
38.473.684.210.526.300;08/03/2024;28.0;24.7;82.7;0.0;37.0;19.404
3.355.555.555.555.550;09/03/2024;25.7;24.2;91.6;43.912;22.3;
905.625;10/03/2024;26.7;25.3;92.0;1.268;11.3;
80.0;11/03/2024;27.3;25.1;88.1;17.309;11.0;
5.357.142.857.142.850;12/03/2024;28.2;24.2;79.9;0.231;18.0;0.3394
6.323.809.523.809.520;13/03/2024;27.6;24.7;84.9;20.382;18.4;
6.527.777.777.777.770;14/03/2024;26.9;25.0;89.5;9.296;18.4;
46.7;15/03/2024;26.3;23.9;87.1;27.001;33.5;
30.6;16/03/2024;25.9;23.9;89.0;22.976;21.6;
31.4;17/03/2024;26.7;24.1;86.3;22.293;27.7;
4.594.736.842.105.260;18/03/2024;28.2;23.8;77.7;0.673;20.5;
6.466.666.666.666.660;19/03/2024;29.1;22.8;70.6;0.0;27.7;
6.057.142.857.142.850;20/03/2024;29.4;21.6;64.8;0.0;27.5;0.166
64.75;21/03/2024;28.3;23.3;75.0;0.0;25.6;0.0872
2.036.842.105.263.150;22/03/2024;26.9;24.5;87.2;74.429;25.9;
101.0;23/03/2024;29.2;24.1;75.8;0.0;18.4;0.2598
77.2;24/03/2024;29.6;25.1;78.0;0.163;18.4;0.3128
70.85;25/03/2024;28.4;24.3;79.6;0.329;16.6;
913.157.894.736.842;26/03/2024;29.0;24.1;76.7;0.408;23.6;0.3296
9.484.210.526.315.780;27/03/2024;28.1;24.6;82.1;0.644;16.6;0.5008
121.55;28/03/2024;28.2;24.2;80.9;3.3;20.5;0.3076
98.65;29/03/2024;28.5;24.0;77.9;2.8;16.6;0.2768
8.552.941.176.470.580;30/03/2024;28.2;24.5;81.0;7.5;27.6;0.27199998
8.394.736.842.105.260;31/03/2024;28.4;25.1;83.4;6.5;22.2;0.6116
10.857.894.736.842.100;01/04/2024;28.1;24.7;82.4;8.1;18.4;0.6522
112.35;02/04/2024;28.5;24.7;80.6;0.892;16.6;0.9722
9.961.904.761.904.760;03/04/2024;28.1;25.2;86.0;6.835;27.0;14.161.999
73.375;04/04/2024;28.2;24.9;83.3;1.236;22.2;0.7468
1.116.842.105.263.150;05/04/2024;28.4;24.9;81.7;2.3;18.3;0.598
9.322.222.222.222.220;06/04/2024;28.5;24.9;82.5;0.758;18.3;
8.455.555.555.555.550;07/04/2024;29.1;24.7;78.7;0.0;18.3;0.23699999
;08/04/2024;29.2;24.4;76.6;0.0;13.0;13.623.999
;09/04/2024;27.8;24.2;82.0;2.537;20.1;
;10/04/2024;28.3;24.4;81.3;0.433;22.3;0.7976
60.6;11/04/2024;29.1;24.5;77.5;0.0;18.3;0.5394
53.095.238.095.238.000;12/04/2024;26.5;25.1;92.8;45.887;24.0;14.936
5.980.952.380.952.380;13/04/2024;29.2;24.7;78.2;0.926;22.3;0.6824
60.294.117.647.058.800;14/04/2024;28.0;24.9;83.8;4.213;27.6;0.681
54.875;15/04/2024;29.2;24.7;78.0;0.642;20.0;0.5114
;16/04/2024;30.4;24.8;73.2;0.245;27.7;0.5816
;17/04/2024;28.8;24.6;79.4;21.438;36.9;0.26139998
;18/04/2024;28.8;24.4;79.1;5.698;27.6;0.124199994
;19/04/2024;29.0;24.4;77.6;0.0;22.3;0.74079996
;20/04/2024;29.3;24.7;77.6;1.451;22.3;0.703
;21/04/2024;28.2;25.1;83.4;5.126;22.2;
8.207.692.307.692.300;22/04/2024;29.8;24.6;74.8;0.408;21.6;0.0826
8.310.526.315.789.470;23/04/2024;28.5;25.3;83.0;1.127;18.4;15.527.999
74.95;24/04/2024;28.6;25.0;82.0;11.11;18.3;18.074
;25/04/2024;28.7;25.3;82.6;13.66;18.3;0.84819996
6.891.666.666.666.660;26/04/2024;28.4;25.0;83.0;9.325;21.7;0.1838
6.677.777.777.777.770;27/04/2024;28.1;25.2;85.3;6.921;27.7;0.8346
4.444.444.444.444.440;28/04/2024;29.5;25.4;79.8;2.604;18.3;0.4222
79.6;29/04/2024;30.9;25.0;72.5;0.0;22.3;0.22819999
8.773.684.210.526.310;30/04/2024;30.4;25.1;74.7;0.986;27.6;0.5344
23.157.894.736.842.100;01/05/2024;29.5;25.1;77.7;1.121;14.8;
75.55;02/05/2024;30.4;25.3;75.7;0.163;27.6;
91.3;03/05/2024;28.8;25.3;82.7;0.163;29.4;0.71739995
;04/05/2024;29.1;24.1;76.0;0.817;23.4;0.528
;05/05/2024;29.7;24.2;73.1;0.0;18.3;0.69339997
9.721.428.571.428.570;06/05/2024;29.5;23.9;72.5;0.49;27.6;0.8858
10.515.789.473.684.200;07/05/2024;30.1;23.4;69.2;0.0;18.4;0.326
1.016.842.105.263.150;08/05/2024;29.6;24.1;73.7;0.0;18.3;0.82919997
10.985.714.285.714.200;09/05/2024;29.8;23.7;70.9;0.0;27.6;0.7432
97.35;10/05/2024;30.1;24.9;74.7;0.106;31.7;0.8488
93.15;11/05/2024;30.1;25.2;75.4;1.313;27.7;0.64599997
874.375;12/05/2024;30.4;24.0;70.9;0.0;18.5;0.6258
8.342.105.263.157.890;13/05/2024;30.3;24.7;73.1;1.634;25.4;0.3946
6.617.647.058.823.520;14/05/2024;28.6;24.9;80.6;15.134;14.7;
9.911.764.705.882.350;15/05/2024;29.7;24.1;73.7;1.092;27.7;0.22919999
107.3;16/05/2024;29.7;24.4;74.0;0.0;27.7;0.932
10.088.888.888.888.800;17/05/2024;29.5;23.7;72.8;1.823;18.4;0.91239995
10.323.809.523.809.500;18/05/2024;29.5;23.7;73.0;0.0;23.6;0.5976
9.326.315.789.473.680;19/05/2024;30.0;23.9;71.4;0.163;22.3;0.3538
10.738.095.238.095.200;20/05/2024;29.9;23.8;70.6;0.0;22.3;0.524
10.815.789.473.684.200;21/05/2024;30.0;24.0;71.5;0.0;18.4;12.706
10.566.666.666.666.600;22/05/2024;29.9;24.2;72.6;0.0;20.5;12.833.999
97.5;23/05/2024;28.4;24.8;81.5;0.134;9.6;16.968
96.6;24/05/2024;28.9;24.5;78.3;5.661;27.6;0.648
59.833.333.333.333.300;25/05/2024;26.9;24.6;87.8;10.617;18.4;
72.5;26/05/2024;29.2;24.6;77.3;0.0;18.3;0.4752
7.578.947.368.421.050;27/05/2024;30.0;24.4;73.6;0.0;27.7;0.2834
8.223.076.923.076.920;28/05/2024;30.1;24.7;74.2;0.305;20.5;0.50339997
47.6;29/05/2024;30.2;24.7;73.6;0.0;22.3;0.61759996
;30/05/2024;30.4;24.6;72.5;0.0;13.0;0.886
;31/05/2024;30.1;24.4;73.1;0.0;22.3;0.83339995
;01/06/2024;29.1;24.5;77.3;0.0;18.0;
;02/06/2024;29.5;24.3;75.0;0.0;26.8;
7.441.666.666.666.660;03/06/2024;28.3;25.0;82.7;9.793;13.0;
102.75;04/06/2024;29.2;24.3;76.4;4.33;14.8;0.9722
9.241.176.470.588.230;05/06/2024;29.9;24.2;72.9;0.0;12.8;0.26639998
85.95;06/06/2024;29.7;22.8;67.9;0.0;18.4;0.3992
9.572.222.222.222.220;07/06/2024;29.9;23.9;72.4;1.891;18.3;0.23519999
9.563.157.894.736.840;08/06/2024;29.8;23.8;71.8;0.0;16.6;0.2692
92.5;09/06/2024;28.6;24.5;80.0;1.307;17.9;0.5252
9.905.882.352.941.170;10/06/2024;29.7;24.4;74.4;0.408;18.4;0.24839999
879.375;11/06/2024;27.7;24.7;84.6;14.005;27.6;0.0568
72.0;12/06/2024;28.2;24.4;81.0;0.016;16.3;0.228
75.0;13/06/2024;28.2;24.2;79.7;0.0;14.8;0.7474
7.544.444.444.444.440;14/06/2024;28.6;24.7;80.2;0.0;17.1;0.14479999
7.552.631.578.947.360;15/06/2024;28.4;24.6;80.9;0.0;14.7;0.0256
6.405.263.157.894.730;16/06/2024;27.6;24.3;83.0;69.325;14.8;
74.15;17/06/2024;29.5;24.1;74.7;0.163;14.8;0.39659998
10.983.333.333.333.300;18/06/2024;28.0;24.4;81.5;1.471;22.0;0.6162
9.755.555.555.555.550;19/06/2024;28.9;23.7;74.9;0.0;24.1;0.2008
9.133.333.333.333.330;20/06/2024;29.0;21.9;67.6;0.0;27.7;0.1396
9.938.888.888.888.880;21/06/2024;29.1;22.6;69.6;0.0;14.8;0.1704
10.076.190.476.190.400;22/06/2024;29.0;23.0;71.1;0.0;20.5;0.7884
94.7;23/06/2024;28.9;21.0;64.9;0.0;27.7;0.1004
9.052.941.176.470.580;24/06/2024;29.3;22.8;69.0;0.0;24.1;0.36339998
85.5;25/06/2024;27.3;23.8;82.4;16.894;11.9;0.81939995
4.919.047.619.047.610;26/06/2024;28.8;23.5;74.8;0.0;22.3;0.0466
893.125;27/06/2024;28.4;24.4;79.7;1.951;14.8;0.16579999
7.261.111.111.111.110;28/06/2024;27.7;24.7;84.5;0.824;24.1;0.4416
7.472.222.222.222.220;29/06/2024;26.9;24.6;87.7;9.244;18.3;0.206
60.333.333.333.333.300;30/06/2024;28.1;23.2;76.2;0.0;14.8;0.145
893.157.894.736.842;01/07/2024;28.1;24.4;81.3;0.0;18.3;
7.676.190.476.190.470;02/07/2024;27.2;24.2;84.3;0.595;22.3;0.36159998
10.114.285.714.285.700;03/07/2024;27.6;23.7;80.8;3.339;18.5;0.21679999
7.372.222.222.222.220;04/07/2024;26.7;23.8;85.1;18.755;18.3;0.1858
59.0;05/07/2024;26.7;23.8;85.3;4.897;25.9;0.27719998
31.2;06/07/2024;24.7;23.4;92.7;55.023;22.3;0.5714
40.333.333.333.333.300;07/07/2024;26.9;23.2;81.5;4.769;14.3;
;08/07/2024;28.4;23.8;78.2;15.391;33.4;0.5732
;09/07/2024;28.1;24.3;80.6;17.33;16.3;0.4872
;10/07/2024;28.5;23.0;72.9;0.0;18.4;0.14379999
;11/07/2024;28.8;23.1;73.0;0.0;13.0;0.2898
;12/07/2024;28.2;21.4;69.2;0.0;22.3;0.47939998
;13/07/2024;27.7;20.1;66.0;0.0;14.8;0.2602
;14/07/2024;27.8;19.8;63.7;0.0;18.4;0.3874
8.954.545.454.545.450;15/07/2024;27.3;19.8;65.6;0.0;14.7;0.3276
5.094.444.444.444.440;16/07/2024;28.2;20.5;65.3;0.0;25.9;0.2556
7.257.894.736.842.100;17/07/2024;28.6;21.8;68.2;0.0;16.5;0.24599999
8.838.888.888.888.880;18/07/2024;28.9;22.4;68.8;0.0;22.3;0.704
8.111.111.111.111.110;19/07/2024;29.1;22.2;67.3;0.0;18.2;0.528
8.494.444.444.444.440;20/07/2024;28.7;21.5;67.0;0.0;22.3;0.26
7.977.777.777.777.770;21/07/2024;28.8;21.6;66.8;0.0;14.8;0.559
8.147.058.823.529.410;22/07/2024;28.9;22.1;67.9;0.0;14.7;0.4376
8.211.764.705.882.350;23/07/2024;28.8;21.2;64.7;0.0;14.8;0.5986
85.7;24/07/2024;28.6;21.9;68.3;0.0;14.8;0.86139995
680.625;25/07/2024;28.2;22.0;69.6;0.0;14.8;13.194
7.617.647.058.823.520;26/07/2024;29.1;21.6;65.3;0.0;22.3;0.7382
903.157.894.736.842;27/07/2024;29.1;22.2;68.2;0.0;16.6;0.5266
9.111.764.705.882.350;28/07/2024;29.2;22.2;67.7;0.0;18.4;10.741.999
9.510.526.315.789.470;29/07/2024;29.0;21.6;65.7;0.0;25.1;0.6922
9.444.444.444.444.440;30/07/2024;29.3;21.3;64.3;0.0;14.8;0.5768
110.5;31/07/2024;29.0;22.3;69.5;0.0;22.3;0.42479998
88.25;01/08/2024;28.0;23.2;76.4;0.0;22.3;0.90199995
73.6;02/08/2024;26.8;23.3;82.4;3.094;16.5;0.5456
60.333.333.333.333.300;03/08/2024;27.3;23.5;81.6;8.66;24.1;0.26839998
46.611.111.111.111.100;04/08/2024;28.5;23.1;74.5;0.336;18.3;0.1968
6.455.555.555.555.550;05/08/2024;28.4;22.4;71.3;10.629;13.0;11.331.999
76.0;06/08/2024;29.0;22.2;68.9;0.0;22.3;0.31
8.372.222.222.222.220;07/08/2024;28.8;21.9;67.7;0.0;27.7;0.5762
986.470.588.235.294;08/08/2024;28.9;22.1;67.8;0.0;21.8;
8.661.904.761.904.760;09/08/2024;29.5;22.4;67.4;0.0;18.4;0.21859999
7.415.789.473.684.210;10/08/2024;29.4;23.0;69.8;0.0;25.9;0.4416
7.080.952.380.952.380;11/08/2024;29.2;23.0;70.0;0.317;14.8;0.48819998
65.9;12/08/2024;28.3;20.3;63.0;0.0;22.4;0.7912
8.635.714.285.714.280;13/08/2024;28.6;19.8;61.1;0.0;27.6;0.12799999
8.463.157.894.736.840;14/08/2024;29.0;21.4;65.8;0.0;13.1;0.287
86.0;15/08/2024;29.1;21.3;64.8;0.0;18.4;0.3074
8.395.238.095.238.090;16/08/2024;29.0;21.4;65.0;0.0;25.8;0.886
89.0;17/08/2024;29.4;21.8;64.7;0.0;25.8;0.75479996
9.005.263.157.894.730;18/08/2024;29.2;22.5;69.4;0.0;14.8;0.3958
81.9;19/08/2024;29.3;22.6;69.2;0.0;18.4;0.341
91.65;20/08/2024;28.7;22.6;71.1;0.0;14.8;0.8312
949.375;21/08/2024;29.2;22.5;68.7;0.0;24.1;0.36519998
9.822.222.222.222.220;22/08/2024;29.3;22.6;68.2;0.0;22.3;0.3644
10.747.619.047.619.000;23/08/2024;29.1;23.0;70.9;0.0;14.8;0.9026
86.45;24/08/2024;28.8;22.6;70.3;0.929;22.3;0.91819996
8.133.333.333.333.330;25/08/2024;29.1;21.3;64.6;0.0;21.7;0.24759999
77.15;26/08/2024;28.9;21.9;67.9;0.0;14.8;0.1836
83.75;27/08/2024;29.3;22.3;67.9;0.0;18.4;0.53099996
764.375;28/08/2024;29.5;21.1;62.3;0.0;18.3;0.6864
11.884.210.526.315.700;29/08/2024;29.1;22.1;67.2;0.408;18.3;0.6918
863.157.894.736.842;30/08/2024;29.2;20.8;63.0;0.0;18.3;0.8544
13.005.555.555.555.500;31/08/2024;29.2;21.1;63.5;0.0;18.3;0.3414
90.05;01/09/2024;29.3;22.3;67.6;0.0;18.1;0.2348
0.0;02/09/2024;30.0;22.9;67.5;0.968;22.3;0.49519998
729.047.619.047.619;03/09/2024;29.2;22.6;68.8;0.098;22.3;0.603
75.0;04/09/2024;29.8;21.1;61.1;0.0;21.7;0.4976
119.5;05/09/2024;29.3;22.5;68.0;0.0;33.4;0.1906
76.0;06/09/2024;30.1;22.8;66.4;0.0;27.2;0.24919999
89.2;07/09/2024;30.5;21.2;59.8;0.0;22.3;0.23539999
88.4;08/09/2024;30.6;22.0;61.6;0.0;28.9;0.1882
65.35;09/09/2024;27.7;23.5;78.9;7.566;18.3;0.6098
58.888.888.888.888.800;10/09/2024;27.1;23.6;82.6;6.297;29.4;0.3496
4.976.470.588.235.290;11/09/2024;28.9;21.9;68.2;0.581;25.9;0.0132
6.272.222.222.222.220;12/09/2024;28.5;23.1;73.6;5.87;16.6;0.7328
55.35;13/09/2024;27.9;22.3;74.0;3.039;18.3;0.3076
59.6;14/09/2024;29.0;21.2;65.1;0.0;18.4;0.1946
6.883.333.333.333.330;15/09/2024;28.9;21.0;64.2;0.0;24.1;0.1718
6.822.222.222.222.220;16/09/2024;29.0;20.5;62.9;0.0;24.1;0.2366
6.647.368.421.052.630;17/09/2024;29.1;19.9;59.8;0.0;20.5;0.28419998
6.038.095.238.095.230;18/09/2024;28.2;20.7;65.0;0.0;13.0;0.2944
;19/09/2024;28.8;20.3;62.3;0.0;18.3;0.38259998
6.866.666.666.666.660;20/09/2024;29.2;21.8;65.5;0.0;22.2;0.5354
6.771.428.571.428.570;21/09/2024;29.4;22.4;67.5;0.0;14.8;0.5676
;22/09/2024;29.4;23.6;72.2;0.041;22.3;0.61899996
62.666.666.666.666.600;23/09/2024;29.8;24.1;72.5;1.807;22.3;0.8814
5.461.538.461.538.460;24/09/2024;27.2;24.0;83.5;1.436;20.3;
61.588.235.294.117.600;25/09/2024;27.3;23.1;79.9;43.33;27.7;0.4488
53.666.666.666.666.600;26/09/2024;27.1;23.4;81.8;19.633;27.6;0.28959998
5.168.421.052.631.570;27/09/2024;29.0;23.5;74.6;16.505;27.1;0.0852
59.578.947.368.421.000;28/09/2024;29.8;23.7;71.0;0.0;31.5;0.4998
;29/09/2024;29.5;23.0;69.8;0.856;27.7;0.3906
58.5;30/09/2024;29.8;22.0;65.6;0.0;22.3;0.1696
10.055.555.555.555.500;01/10/2024;29.8;22.7;67.6;0.0;23.5;0.5252
15.894.736.842.105.200;02/10/2024;30.1;23.4;68.9;0.898;27.6;0.8272
813.157.894.736.842;03/10/2024;29.4;23.0;69.9;0.265;18.4;
6.794.736.842.105.260;04/10/2024;29.3;22.6;69.0;0.008;27.6;0.2278
6.268.421.052.631.570;05/10/2024;28.9;22.8;71.2;0.0;27.6;0.71959996
56.05;06/10/2024;29.3;22.0;67.3;0.899;18.3;0.8172
7.488.888.888.888.880;07/10/2024;30.0;21.1;62.3;0.0;27.7;0.3376
6.344.444.444.444.440;08/10/2024;30.0;21.9;63.7;0.0;24.1;0.54399997
60.526.315.789.473.600;09/10/2024;30.1;22.8;66.5;0.0;16.6;0.2428
;10/10/2024;29.8;23.2;69.2;0.0;22.3;0.31939998
;11/10/2024;30.5;23.0;66.2;0.0;29.5;0.3274
;12/10/2024;30.1;23.4;68.6;0.0;14.8;
;13/10/2024;29.0;23.7;73.7;0.0;27.8;22.644
;14/10/2024;28.2;23.5;76.7;3.231;26.9;18.404
;15/10/2024;27.8;23.5;78.6;1.059;14.8;11.162
;16/10/2024;28.8;22.0;69.4;0.0;20.5;0.51559997
;17/10/2024;29.0;19.7;58.7;0.152;18.3;0.8028
56.0;18/10/2024;29.2;21.2;63.3;0.0;14.8;0.2856
6.788.888.888.888.880;19/10/2024;28.9;22.2;69.0;0.0;16.3;0.27899998
;20/10/2024;29.9;19.9;58.2;0.0;18.5;0.2764
;21/10/2024;28.8;21.6;65.8;0.0;14.7;
69.0;22/10/2024;29.7;22.6;67.1;0.0;18.3;0.331
60.0;23/10/2024;30.3;23.4;67.4;0.177;18.3;0.24059999
;24/10/2024;29.6;24.0;72.6;31.138;14.8;0.1998
;25/10/2024;28.5;23.5;76.6;21.608;14.8;0.5232
54.083.333.333.333.300;26/10/2024;30.1;21.8;63.4;2.242;18.3;0.4464
57.0;27/10/2024;30.1;22.7;66.1;0.0;18.3;0.498
;28/10/2024;29.6;22.6;67.8;0.0;18.3;0.6756
66.0;29/10/2024;30.4;23.0;66.1;0.417;18.3;10.691.999
;30/10/2024;30.0;22.9;67.3;0.0;18.3;0.82299995
;31/10/2024;29.8;22.7;67.3;0.0;22.3;0.9492
6.036.363.636.363.630;01/11/2024;29.9;22.9;67.7;0.109;18.4;10.868
65.85;02/11/2024;27.9;23.2;77.3;27.997;25.8;0.16
54.111.111.111.111.100;03/11/2024;26.6;23.2;82.5;16.341;14.7;0.9034
48.65;04/11/2024;27.7;23.3;78.5;6.927;14.7;16.702
4.938.095.238.095.230;05/11/2024;28.1;23.7;79.3;17.509;32.8;0.9672
34.714.285.714.285.700;06/11/2024;29.0;22.6;70.8;0.695;27.7;10.888
60.0;07/11/2024;28.5;23.1;74.3;0.0;18.3;0.385
61.142.857.142.857.100;08/11/2024;29.9;23.2;69.0;0.916;14.9;0.4242
655.625;09/11/2024;28.3;24.0;79.3;4.529;14.5;1.181
;10/11/2024;27.8;23.7;79.9;4.134;22.2;16.201.999
;11/11/2024;26.9;23.8;84.5;8.082;27.6;11.173.999
43.0;12/11/2024;27.8;23.7;79.7;4.36;22.2;0.7504
59.526.315.789.473.600;13/11/2024;29.4;23.5;72.4;0.544;24.1;0.2756
63.333.333.333.333.300;14/11/2024;29.6;23.7;72.1;0.052;16.6;1.166
6.405.555.555.555.550;15/11/2024;28.9;24.2;77.6;1.856;20.5;
57.421.052.631.578.900;16/11/2024;27.3;25.1;88.0;16.201;18.1;18.434
5.977.777.777.777.770;17/11/2024;28.6;24.4;79.5;10.155;14.8;
43.578.947.368.421.000;18/11/2024;28.2;24.1;79.6;10.7;22.3;18.032
50.857.142.857.142.800;19/11/2024;27.6;23.9;82.2;7.6;22.3;0.47219998
4.246.666.666.666.660;20/11/2024;28.2;23.8;78.7;8.4;22.3;0.1908
;21/11/2024;28.2;23.8;78.5;9.0;22.3;0.46559998
49.0;22/11/2024;28.3;23.8;77.5;1.155;22.3;0.6902
52.35;23/11/2024;27.3;24.1;83.8;5.474;18.1;0.41099998
41.285.714.285.714.200;24/11/2024;27.4;23.8;82.6;1.634;27.6;0.7762
30.0;25/11/2024;28.6;23.3;74.5;0.0;27.1;0.4132
50.8;26/11/2024;28.6;24.1;78.1;0.53;25.1;0.22559999
4.605.555.555.555.550;27/11/2024;27.6;24.1;82.6;21.554;15.0;0.86399996
2.522.222.222.222.220;28/11/2024;28.2;23.3;76.6;14.66;27.1;
28.823.529.411.764.700;29/11/2024;28.6;22.3;69.9;0.14;19.3;0.7524
33.7;30/11/2024;29.2;22.4;67.8;0.0;22.3;
30.0;01/12/2024;29.0;23.2;72.3;0.175;27.8;0.62
1.841.176.470.588.230;02/12/2024;27.5;23.2;78.3;20.69;29.0;
14.6;03/12/2024;26.9;22.6;77.4;8.674;33.3;
;04/12/2024;26.0;23.4;85.5;4.972;22.3;
;05/12/2024;26.9;23.9;83.8;30.463;24.1;
;06/12/2024;26.2;24.0;88.0;16.056;14.2;
;07/12/2024;27.2;24.4;85.6;17.436;18.3;
;08/12/2024;28.1;24.7;82.3;14.944;22.3;
;09/12/2024;26.3;25.0;92.9;24.334;18.4;
26.857.142.857.142.800;10/12/2024;27.0;24.1;84.6;6.584;29.4;
7.888.888.888.888.880;11/12/2024;28.5;23.3;74.6;0.212;27.6;
20.210.526.315.789.400;12/12/2024;28.9;22.4;69.2;0.961;25.4;10.912
19.523.809.523.809.500;13/12/2024;29.2;22.5;68.0;0.0;25.9;0.121199995
20.157.894.736.842.100;14/12/2024;27.5;23.2;77.9;3.154;44.8;
19.095.238.095.238.000;15/12/2024;27.0;23.1;80.4;20.942;27.6;
18.333.333.333.333.300;16/12/2024;27.2;24.0;83.0;0.591;24.0;
16.1;17/12/2024;28.1;23.4;77.1;7.696;18.4;
2.757.894.736.842.100;18/12/2024;27.9;22.6;73.3;0.791;33.4;0.062
20.214.285.714.285.700;19/12/2024;26.9;23.7;83.8;33.91;27.2;
20.25;20/12/2024;27.5;23.7;80.4;12.1;30.8;0.3076
;21/12/2024;28.0;24.0;80.0;3.087;18.4;
;22/12/2024;27.7;24.8;84.9;19.712;19.4;
;23/12/2024;26.8;24.8;89.4;33.928;22.3;
;24/12/2024;27.1;23.7;82.5;16.73;27.6;
;25/12/2024;27.0;24.2;85.0;6.004;14.3;
;26/12/2024;28.5;23.2;74.1;2.616;27.6;0.583
29.555.555.555.555.500;27/12/2024;29.1;23.0;71.7;0.0;18.2;0.0374
;28/12/2024;29.7;21.8;64.5;0.026;22.3;0.72179997
;29/12/2024;29.1;23.4;71.8;0.076;14.8;
;30/12/2024;28.1;22.9;74.0;2.054;31.6;
15.5;31/12/2024;28.2;22.9;73.7;2.97;22.4;35.014
